DATE,TG,TN,TX,day_of_year,day_of_year_sin,day_of_year_cos,TG_lag_1,TN_lag_1,TX_lag_1,TG_lag_7,TG_rolling_7,TG_rolling_14
2015-01-15,5.1,0.8,10.0,15,0.2551824131233728,0.9668929289391521,6.3,3.8,8.0,3.6,6.371428571428571,4.921428571428572
2015-01-16,7.9,5.3,10.0,16,0.2717767384711357,0.9623603298276545,5.1,0.8,10.0,6.4,6.585714285714286,5.007142857142857
2015-01-17,3.7,-1.1,5.5,17,0.2882906407095177,0.9575429528116719,7.9,5.3,10.0,8.8,6.8,5.185714285714286
2015-01-18,0.4,-2.3,4.0,18,0.3047192331091634,0.9524422234305676,3.7,-1.1,5.5,3.7,6.071428571428571,5.107142857142857
2015-01-19,-0.4,-3.7,1.4,19,0.321057654185271,0.9470596510722283,0.4,-2.3,4.0,5.8,5.6,4.878571428571428
2015-01-20,1.0,0.6,1.9,20,0.3373010691361842,0.9413968285264122,-0.4,-3.7,1.4,10.0,4.714285714285714,4.607142857142857
2015-01-21,0.8,-1.3,1.6,21,0.3534446712740877,0.9354554315134164,1.0,0.6,1.9,6.3,3.4285714285714284,4.607142857142857
2015-01-22,-0.3,-2.1,0.7,22,0.3694836834473831,0.9292372181882051,0.8,-1.3,1.6,5.1,2.642857142857143,4.507142857142857
2015-01-23,0.3,-0.3,1.3,23,0.38541335945432564,0.9227440286201427,-0.3,-2.1,0.7,7.9,1.8714285714285717,4.228571428571429
2015-01-24,-0.1,-1.3,1.0,24,0.4012289854475009,0.9159777842484877,0.3,-0.3,1.3,3.7,0.7857142857142857,3.7928571428571423
2015-01-25,1.2,0.5,1.7,25,0.4169258813287287,0.908940487313808,-0.1,-1.3,1.0,0.4,0.24285714285714285,3.1571428571428575
2015-01-26,2.4,0.8,4.7,26,0.4324994021339788,0.901634220265486,1.2,0.5,1.7,-0.4,0.35714285714285715,2.978571428571428
2015-01-27,3.5,0.4,4.6,27,0.44794493940789115,0.8940611451454876,2.4,0.8,4.7,1.0,0.7571428571428571,2.7357142857142853
2015-01-28,3.3,0.5,5.6,28,0.4632579225674917,0.88622350294858,3.5,0.4,4.6,0.8,1.1142857142857143,2.2714285714285714
2015-01-29,2.3,0.3,4.0,29,0.4784338202547012,0.8781236129591848,3.3,0.5,5.6,-0.3,1.4714285714285715,2.057142857142857
2015-01-30,1.0,0.2,2.1,30,0.49346814167723735,0.8697638720650646,2.3,0.3,4.0,0.3,1.8428571428571427,1.8571428571428572
2015-01-31,0.5,-0.5,1.2,31,0.5083564379375122,0.8611467540480452,1.0,0.2,2.1,-0.1,1.9428571428571428,1.364285714285714
2015-02-01,1.1,-0.8,3.7,32,0.5230943033491326,0.8522748088519838,0.5,-0.5,1.2,1.2,2.0285714285714285,1.1357142857142857
2015-02-02,1.1,-0.5,2.7,33,0.5376773767406141,0.8431506618282,1.1,-0.8,3.7,2.4,2.0142857142857142,1.1857142857142855
2015-02-03,0.2,-1.5,1.5,34,0.5521013427459208,0.8337770129585915,1.1,-0.5,2.7,3.5,1.8285714285714287,1.292857142857143
2015-02-04,-0.9,-2.0,0.0,35,0.5663619330814524,0.8241566360566663,0.2,-1.5,1.5,3.3,1.3571428571428572,1.2357142857142858
2015-02-05,-1.2,-3.3,1.4,36,0.580454927809098,0.8142923779467267,-0.9,-2.0,0.0,2.3,0.7571428571428571,1.1142857142857143
2015-02-06,-3.4,-5.0,-2.0,37,0.5943761565849831,0.804187157621448,-1.2,-3.3,1.4,1.0,0.2571428571428572,1.05
2015-02-07,-0.9,-5.6,3.7,38,0.6081214998935418,0.7938439653781019,-3.4,-5.0,-2.0,0.5,-0.3714285714285714,0.7857142857142857
2015-02-08,1.8,-0.3,3.7,39,0.6216868902665479,0.7832658619336791,-0.9,-5.6,3.7,1.1,-0.5714285714285714,0.7285714285714286
2015-02-09,4.2,0.2,5.8,40,0.6350683134867438,0.7724559775191742,1.8,-0.3,3.7,1.1,-0.4714285714285714,0.7714285714285714
2015-02-10,5.3,4.9,5.9,41,0.6482618097757122,0.7614175109532997,4.2,0.2,5.8,0.2,-0.0285714285714286,0.9
2015-02-11,5.1,3.2,5.9,42,0.6612634749656386,0.7501537286959042,5.3,4.9,5.9,-0.9,0.7000000000000001,1.0285714285714287
2015-02-12,1.1,-2.7,4.1,43,0.6740694616546161,0.7386679638813748,5.1,3.2,5.9,-1.2,1.5571428571428572,1.157142857142857
2015-02-13,1.2,-2.8,6.6,44,0.6866759803451553,0.726963615332308,1.1,-2.7,4.1,-3.4,1.8857142857142857,1.0714285714285714
2015-02-14,1.1,-2.9,6.7,45,0.6990793005655562,0.7150441465537444,1.2,-2.8,6.6,-0.9,2.542857142857143,1.0857142857142856
2015-02-15,2.4,-2.0,8.0,46,0.7112757519738152,0.7029130847082615,1.1,-2.9,6.7,1.8,2.8285714285714287,1.1285714285714286
2015-02-16,0.5,-1.6,2.6,47,0.7232617254437388,0.6905740195722293,2.4,-2.0,8.0,4.2,2.914285714285714,1.2214285714285715
2015-02-17,1.3,-2.7,6.6,48,0.7350336741329413,0.6780306024735382,0.5,-1.6,2.6,5.3,2.3857142857142857,1.1785714285714286
2015-02-18,3.5,1.2,8.1,49,0.746588114532413,0.6652865452111116,1.3,-2.7,6.6,5.1,1.8142857142857143,1.257142857142857
2015-02-19,2.8,-0.4,7.7,50,0.7579216274973472,0.6523456189565257,3.5,1.2,8.1,1.1,1.5857142857142859,1.5714285714285714
2015-02-20,3.5,-2.7,10.1,51,0.7690308592589181,0.6392116531380588,2.8,-0.4,7.7,1.2,1.8285714285714287,1.8571428571428572
2015-02-21,5.9,1.6,11.3,52,0.7799125224167177,0.6258885343075018,3.5,-2.7,10.1,1.1,2.157142857142857,2.35
2015-02-22,2.1,-0.7,5.0,53,0.7905633969115482,0.612380204990065,5.9,1.6,11.3,2.4,2.8428571428571425,2.8357142857142854
2015-02-23,2.0,-1.1,5.3,54,0.8009803309782905,0.5986906625177214,2.1,-0.7,5.0,0.5,2.8000000000000003,2.857142857142857
2015-02-24,4.0,0.5,7.7,55,0.8111602420785621,0.5848239578463322,2.0,-1.1,5.3,1.3,3.0142857142857147,2.6999999999999997
2015-02-25,3.2,-1.2,8.3,56,0.8211001178128892,0.5707841943569036,4.0,0.5,7.7,3.5,3.4,2.607142857142857
2015-02-26,3.2,-2.9,9.6,57,0.8307970168121247,0.5565755266413303,3.2,-1.2,8.3,2.8,3.357142857142857,2.4714285714285715
2015-02-27,4.3,-1.3,10.8,58,0.8402480696078469,0.5422021592729844,3.2,-2.9,9.6,3.5,3.414285714285714,2.621428571428571
2015-02-28,4.1,0.1,7.5,59,0.8494504794814806,0.527668345562516,4.3,-1.3,10.8,5.9,3.5285714285714285,2.842857142857143
2015-03-01,3.8,-0.3,7.9,60,0.8584015232918917,0.512978386299228,4.1,0.1,7.5,2.1,3.271428571428572,3.057142857142857
2015-03-02,5.4,1.1,8.1,61,0.8670985522812081,0.4981366284784055,3.8,-0.3,7.9,2.0,3.5142857142857147,3.1571428571428575
2015-03-03,4.7,1.6,8.1,62,0.8755389928586302,0.4831474640149687,5.4,1.1,8.1,4.0,4.0,3.507142857142857
2015-03-04,3.6,1.0,6.4,63,0.8837203473619977,0.4680153284438345,4.7,1.6,8.1,3.2,4.1,3.75
2015-03-05,3.9,2.0,6.7,64,0.8916401947968874,0.45274469960737107,3.6,1.0,6.4,3.2,4.1571428571428575,3.7571428571428567
2015-03-06,4.7,0.6,7.9,65,0.8992961915530253,0.4373400963303323,3.9,2.0,6.7,4.3,4.257142857142857,3.835714285714286
2015-03-07,7.9,3.5,12.4,66,0.9066860720977985,0.4218060770826634,4.7,0.6,7.9,4.1,4.314285714285715,3.9214285714285713
2015-03-08,11.2,5.4,16.8,67,0.9138076496466615,0.4061472386305789,7.9,3.5,12.4,3.8,4.857142857142857,4.064285714285715
2015-03-09,9.4,5.3,13.6,68,0.9206588168102428,0.3903682146763026,11.2,5.4,16.8,5.4,5.9142857142857155,4.714285714285714
2015-03-10,7.0,2.5,13.4,69,0.9272375462179537,0.374473674486883,9.4,5.3,13.6,4.7,6.485714285714287,5.242857142857143
2015-03-11,4.8,2.1,7.6,70,0.9335418911179212,0.35846832151248087,7.0,2.5,13.4,3.6,6.814285714285715,5.457142857142857
2015-03-12,3.0,-0.1,4.7,71,0.9395699859530622,0.342356891994542,4.8,2.1,7.6,3.9,6.985714285714286,5.571428571428571
2015-03-13,2.6,-2.2,6.4,72,0.945320046913132,0.3261441535642696,3.0,-0.1,4.7,4.7,6.857142857142857,5.557142857142857
2015-03-14,4.4,2.8,6.0,73,0.9507903724625832,0.3098349038318025,2.6,-2.2,6.4,7.9,6.557142857142857,5.435714285714285
2015-03-15,6.0,4.0,7.9,74,0.9559793438440766,0.2934339689665273,4.4,2.8,6.0,11.2,6.057142857142857,5.457142857142857
2015-03-16,8.3,3.8,11.9,75,0.9608854255574977,0.27694620226893646,6.0,4.0,7.9,9.4,5.314285714285715,5.614285714285715
2015-03-17,11.3,6.0,17.0,76,0.9655071658143364,0.2603764827344581,8.3,3.8,11.9,7.0,5.1571428571428575,5.821428571428571
2015-03-18,8.7,3.3,14.4,77,0.969843196967294,0.24372971360968387,11.3,6.0,17.0,4.8,5.771428571428572,6.292857142857143
2015-03-19,6.7,1.4,12.7,78,0.9738922359149924,0.22701082094141847,8.7,3.3,14.4,3.0,6.328571428571428,6.6571428571428575
2015-03-20,6.7,-0.9,13.3,79,0.9776530844816641,0.2102247521189836,6.7,1.4,12.7,2.6,6.857142857142857,6.857142857142857
2015-03-21,3.4,0.7,5.6,80,0.981124629771712,0.19337647441020586,6.7,-0.9,13.3,4.4,7.442857142857144,7.0
2015-03-22,1.3,-1.9,4.7,81,0.984305844499033,0.17647097349152166,3.4,0.7,5.6,6.0,7.3,6.678571428571429
2015-03-23,5.4,-0.9,12.2,82,0.9871957872910085,0.15951325197263655,1.3,-1.9,4.7,8.3,6.628571428571428,5.971428571428572
2015-03-24,8.3,3.1,13.8,83,0.9897936029670716,0.14250832791617088,5.4,-0.9,12.2,11.3,6.214285714285714,5.685714285714285
2015-03-25,9.4,1.4,16.0,84,0.992098522791769,0.12546123335273648,8.3,3.1,13.8,8.7,5.785714285714286,5.778571428571429
2015-03-26,8.2,6.1,11.2,85,0.9941098647022418,0.10837701279187609,9.4,1.4,16.0,6.7,5.885714285714286,6.107142857142857
2015-03-27,7.3,5.8,11.1,86,0.9958270335100595,0.09126072172931188,8.2,6.1,11.2,6.7,6.1000000000000005,6.478571428571429
2015-03-28,7.1,5.9,9.6,87,0.9972495210773451,0.07411742515094437,7.3,5.8,11.1,3.4,6.185714285714285,6.814285714285715
2015-03-29,9.5,5.9,13.2,88,0.998376906467142,0.056952196034039754,7.1,5.9,9.6,1.3,6.714285714285714,7.007142857142857
2015-03-30,6.4,4.0,8.6,89,0.9992088560679753,0.03977011384605572,9.5,5.9,13.2,5.4,7.885714285714286,7.257142857142857
2015-03-31,5.9,0.5,11.6,90,0.9997451236925734,0.022576263041545485,6.4,4.0,8.6,8.3,8.028571428571428,7.121428571428572
2015-04-01,4.6,2.3,8.4,91,0.9999855506507186,0.005375731557583884,5.9,0.5,11.6,9.4,7.685714285714285,6.735714285714287
2015-04-02,3.3,0.8,7.7,92,0.9999300657962057,-0.011826390691832589,4.6,2.3,8.4,8.2,7.0,6.442857142857143
2015-04-03,4.9,1.6,9.7,93,0.9995786855478958,-0.029025013321975237,3.3,0.8,7.7,7.3,6.3,6.2
2015-04-04,4.4,0.1,10.4,94,0.9989315138848577,-0.046215046983708354,4.9,1.6,9.7,7.1,5.957142857142857,6.071428571428571
2015-04-05,4.8,-1.1,10.3,95,0.9979887423155984,-0.06339140486951038,4.4,0.1,10.4,9.5,5.571428571428571,6.142857142857144
2015-04-06,5.4,1.4,9.2,96,0.9967506498213929,-0.08054900421874167,4.8,-1.1,10.3,6.4,4.8999999999999995,6.392857142857143
2015-04-07,7.1,-0.5,12.7,97,0.9952176027737294,-0.09768276782171598,5.4,1.4,9.2,5.9,4.757142857142858,6.392857142857143
2015-04-08,8.2,5.7,10.4,98,0.9933900548258936,-0.11478762552212701,7.1,-0.5,12.7,4.6,4.928571428571429,6.307142857142857
2015-04-09,10.0,2.9,16.4,99,0.9912685467787256,-0.13185851571739118,8.2,5.7,10.4,3.3,5.442857142857142,6.221428571428571
2015-04-10,13.3,4.5,20.5,100,0.9888537064205885,-0.1488903868564548,10.0,2.9,16.4,4.9,6.3999999999999995,6.3500000000000005
2015-04-11,15.2,8.5,22.6,101,0.986146248341595,-0.16587819893463143,13.3,4.5,20.5,4.4,7.6000000000000005,6.778571428571429
2015-04-12,10.3,6.0,15.2,102,0.9831469737221499,-0.1828169249850199,15.2,8.5,22.6,4.8,9.142857142857142,7.357142857142857
2015-04-13,9.5,4.7,12.9,103,0.9798567700958665,-0.1997015525660636,10.3,6.0,15.2,5.4,9.928571428571429,7.4142857142857155
2015-04-14,10.2,2.6,15.1,104,0.9762766110869321,-0.21652708524481437,9.5,4.7,12.9,7.1,10.514285714285714,7.635714285714286
2015-04-15,16.4,10.4,23.1,105,0.9724075561219968,-0.23328854407545518,10.2,2.6,15.1,8.2,10.957142857142857,7.942857142857142
2015-04-16,10.5,5.5,14.4,106,0.9682507501166718,-0.2499809690726521,16.4,10.4,23.1,10.0,12.128571428571428,8.785714285714286
2015-04-17,7.3,3.9,11.9,107,0.9638074231367307,-0.26659942067929354,10.5,5.5,14.4,13.3,12.2,9.299999999999999
2015-04-18,6.5,1.0,12.0,108,0.9590788900341131,-0.28313898122818354,7.3,3.9,11.9,15.2,11.342857142857142,9.471428571428572
2015-04-19,9.3,2.0,15.3,109,0.9540665500578387,-0.2995947563972602,6.5,1.0,12.0,10.3,10.099999999999998,9.62142857142857
2015-04-20,11.2,4.3,18.1,110,0.9487718864399473,-0.31596187665790293,9.3,2.0,15.3,9.5,9.957142857142857,9.942857142857145
2015-04-21,13.8,6.2,21.3,111,0.9431964659565866,-0.33223549871590435,11.2,4.3,18.1,10.2,10.200000000000001,10.357142857142858
2015-04-22,9.5,5.6,13.7,112,0.9373419384643772,-0.3484108069446808,13.8,6.2,21.3,16.4,10.714285714285714,10.835714285714287
2015-04-23,12.2,3.9,19.0,113,0.9312100364121947,-0.3644830148102912,9.5,5.6,13.7,10.5,9.72857142857143,10.928571428571429
2015-04-24,14.5,6.3,21.1,114,0.9248025743285089,-0.38044736628785164,12.2,3.9,19.0,7.3,9.971428571428573,11.085714285714285
2015-04-25,16.3,9.2,23.4,115,0.9181214482844364,-0.39629913726891813,14.5,6.3,21.1,6.5,11.0,11.171428571428573
2015-04-26,14.0,8.4,18.5,116,0.9111686353326631,-0.41203363695942635,16.3,9.2,23.4,9.3,12.4,11.25
2015-04-27,10.2,7.0,14.8,117,0.9039461929224011,-0.42764620926777464,14.0,8.4,18.5,11.2,13.071428571428571,11.514285714285716
2015-04-28,7.9,5.3,11.2,118,0.8964562582905575,-0.44313223418263453,10.2,7.0,14.8,13.8,12.928571428571429,11.564285714285715
2015-04-29,9.1,3.0,14.2,119,0.8887010478292915,-0.45848712914008766,7.9,5.3,11.2,9.5,12.085714285714287,11.4
2015-04-30,10.6,5.8,17.0,120,0.8806828564301475,-0.47370635037968,9.1,3.0,14.2,12.2,12.028571428571428,10.878571428571428
2015-05-01,9.8,5.3,14.5,121,0.8724040568049612,-0.48878539428899265,10.6,5.8,17.0,14.5,11.799999999999999,10.885714285714286
2015-05-02,9.3,3.5,15.0,122,0.8638670987837349,-0.503719798736334,9.8,5.3,14.5,16.3,11.12857142857143,11.064285714285715
2015-05-03,13.3,3.1,19.8,123,0.8550745085896932,-0.518505144391157,9.3,3.5,15.0,14.0,10.12857142857143,11.264285714285716
2015-05-04,17.8,13.6,22.9,124,0.8460288880917339,-0.533137056031809,13.3,3.1,19.8,10.2,10.028571428571428,11.549999999999999
2015-05-05,19.0,13.9,24.3,125,0.8367329140344921,-0.5476112038402312,17.8,13.6,22.9,7.9,11.114285714285716,12.021428571428572
2015-05-06,16.0,9.4,21.5,126,0.8271893372462497,-0.5619233046832195,19.0,13.9,24.3,9.1,12.700000000000001,12.392857142857142
2015-05-07,13.1,7.8,17.8,127,0.8174009818249189,-0.5760691233798758,16.0,9.4,21.5,10.6,13.685714285714287,12.857142857142858
2015-05-08,13.5,6.6,18.7,128,0.8073707443023492,-0.5900444739548627,13.1,7.8,17.8,9.8,14.042857142857144,12.921428571428573
2015-05-09,16.2,11.3,21.8,129,0.7971015927871943,-0.6038452208771035,13.5,6.6,18.7,9.3,14.571428571428571,12.85
2015-05-10,11.5,6.4,13.7,130,0.7865965660866021,-0.6174672802835514,16.2,11.3,21.8,13.3,15.557142857142859,12.842857142857142
2015-05-11,14.0,4.1,21.2,131,0.7758587728069828,-0.6309066211876704,11.5,6.4,13.7,17.8,15.299999999999999,12.664285714285713
2015-05-12,18.4,10.0,27.6,132,0.7648913904341225,-0.6441592666722685,14.0,4.1,21.2,19.0,14.757142857142854,12.935714285714285
2015-05-13,13.4,8.2,18.2,133,0.753697664392914,-0.6572212950663319,18.4,10.0,27.6,16.0,14.671428571428569,13.685714285714285
2015-05-14,10.2,6.1,13.1,134,0.742280907086982,-0.6700888411055113,13.4,8.2,18.2,13.1,14.299999999999999,13.992857142857144
2015-05-15,11.4,4.5,17.0,135,0.7306444969184916,-0.6827580970759147,10.2,6.1,13.1,13.5,13.885714285714284,13.964285714285714
2015-05-16,11.3,5.4,16.7,136,0.7187918772884232,-0.6952253139408722,11.4,4.5,17.0,16.2,13.585714285714285,14.078571428571427
2015-05-17,11.4,6.9,16.6,137,0.7067265555776158,-0.7074868024503348,11.3,5.4,16.7,11.5,12.885714285714286,14.221428571428572
2015-05-18,14.8,6.8,21.2,138,0.6944521021088763,-0.719538934232584,11.4,6.9,16.6,14.0,12.87142857142857,14.085714285714285
2015-05-19,15.4,9.9,19.8,139,0.6819721490904629,-0.7313781428679254,14.8,6.8,21.2,18.4,12.985714285714284,13.87142857142857
2015-05-20,13.7,8.6,17.1,140,0.6692903895412567,-0.7430009249440493,15.4,9.9,19.8,13.4,12.557142857142859,13.614285714285714
2015-05-21,12.7,7.2,17.4,141,0.6564105761979381,-0.7544038410927472,13.7,8.6,17.1,10.2,12.599999999999998,13.45
2015-05-22,14.5,6.2,20.3,142,0.6433365204044917,-0.765583517007675,12.7,7.2,17.4,11.4,12.957142857142857,13.421428571428573
2015-05-23,15.8,8.5,20.9,143,0.6300720909843687,-0.7765366444428655,14.5,6.2,20.3,11.3,13.4,13.492857142857144
2015-05-24,14.3,6.0,21.8,144,0.6166212130956382,-0.7872599821916922,15.8,8.5,20.9,11.4,14.042857142857144,13.464285714285714
2015-05-25,16.5,10.3,23.5,145,0.6029878670694714,-0.7977503570459932,14.3,6.0,21.8,14.8,14.457142857142857,13.664285714285715
2015-05-26,13.0,9.0,16.5,146,0.5891760872322963,-0.8080046647350754,16.5,10.3,23.5,15.4,14.700000000000001,13.842857142857143
2015-05-27,11.3,6.9,15.1,147,0.5751899607119775,-0.8180198708443174,13.0,9.0,16.5,13.7,14.357142857142858,13.457142857142857
2015-05-28,13.8,7.0,21.1,148,0.5610336262283677,-0.8277930117131022,11.3,6.9,15.1,12.7,14.014285714285716,13.307142857142859
2015-05-29,15.7,10.5,19.8,149,0.5467112728685939,-0.8373211953118121,13.8,7.0,21.1,14.5,14.171428571428573,13.564285714285715
2015-05-30,13.1,8.4,17.9,150,0.5322271388474397,-0.8466016020976267,15.7,10.5,19.8,15.8,14.342857142857143,13.87142857142857
2015-05-31,15.5,5.9,22.6,151,0.5175855102531889,-0.8556314858488706,13.1,8.4,17.9,14.3,13.957142857142856,14.0
2015-06-01,14.4,10.8,18.7,152,0.5027907197793043,-0.8644081744776648,15.5,5.9,22.6,16.5,14.128571428571428,14.292857142857144
2015-06-02,18.6,11.3,24.7,153,0.4878471454423119,-0.8729290708206411,14.4,10.8,18.7,13.0,13.828571428571427,14.264285714285714
2015-06-03,19.2,11.2,23.4,154,0.47275920928627757,-0.881191653407483,18.6,11.3,24.7,11.3,14.62857142857143,14.492857142857144
2015-06-04,16.3,9.0,22.3,155,0.4575313760742512,-0.8891934772070711,19.2,11.2,23.4,13.8,15.757142857142856,14.885714285714286
2015-06-05,21.3,10.6,29.3,156,0.44216815196707204,-0.8969321743510065,16.3,9.0,22.3,15.7,16.114285714285717,15.142857142857142
2015-06-06,24.1,17.2,31.9,157,0.42667408318992467,-0.9044054548343001,21.3,10.6,29.3,13.1,16.914285714285715,15.628571428571428
2015-06-07,18.7,14.4,23.8,158,0.4110537546870351,-0.9116111071930239,24.1,17.2,31.9,15.5,18.485714285714288,16.22142857142857
2015-06-08,15.9,11.2,20.9,159,0.3953117887649151,-0.9185469991587165,18.7,14.4,23.8,14.4,18.942857142857147,16.535714285714285
2015-06-09,15.1,9.0,20.2,160,0.37945284372454435,-0.925211078289358,15.9,11.2,20.9,18.6,19.157142857142855,16.492857142857144
2015-06-10,16.9,11.9,21.4,161,0.36348161248290634,-0.9316013725767187,15.1,9.0,20.2,19.2,18.657142857142862,16.642857142857142
2015-06-11,18.8,9.8,24.9,162,0.3474028211842774,-0.9377159910299093,16.9,11.9,21.4,16.3,18.32857142857143,17.04285714285714
2015-06-12,20.8,13.9,26.4,163,0.3312212278016865,-0.9435531242349544,18.8,9.8,24.9,21.3,18.685714285714283,17.4
2015-06-13,22.0,15.5,31.7,164,0.31494162072895193,-0.9491110448902284,20.8,13.9,26.4,24.1,18.614285714285717,17.764285714285712
2015-06-14,18.2,15.1,21.2,165,0.2985688173637202,-0.9543881083175908,22.0,15.5,31.7,18.7,18.314285714285713,18.400000000000002
2015-06-15,15.0,10.0,19.0,166,0.2821076626819194,-0.9593827529490743,18.2,15.1,21.2,15.9,18.242857142857144,18.592857142857145
2015-06-16,12.0,6.8,15.8,167,0.26556302780405594,-0.9640935007889755,15.0,10.0,19.0,15.1,18.114285714285714,18.63571428571429
2015-06-17,15.7,7.3,22.0,168,0.24893980855376657,-0.9685189578512204,12.0,6.8,15.8,16.9,17.67142857142857,18.164285714285715
2015-06-18,15.8,12.4,21.4,169,0.23224292400907015,-0.9726578145718654,15.7,7.3,22.0,18.8,17.5,17.914285714285715
2015-06-19,13.5,11.3,18.1,170,0.21547731504673012,-0.976508846196619,15.8,12.4,21.4,20.8,17.071428571428573,17.878571428571426
2015-06-20,13.4,11.0,16.9,171,0.19864794288017112,-0.9800709131432666,13.5,11.3,18.1,22.0,16.02857142857143,17.321428571428573
2015-06-21,15.0,11.3,19.7,172,0.18175978759137534,-0.9833429613388902,13.4,11.0,16.9,18.2,14.799999999999999,16.557142857142857
2015-06-22,14.9,12.2,18.6,173,0.16481784665719793,-0.9863240225317866,15.0,11.3,19.7,15.0,14.342857142857142,16.29285714285714
2015-06-23,11.8,10.7,13.4,174,0.14782713347053048,-0.9890132145779883,14.9,12.2,18.6,12.0,14.328571428571427,16.22142857142857
2015-06-24,13.1,10.3,16.5,175,0.13079267585675922,-0.9914097417023038,11.8,10.7,13.4,15.7,14.299999999999999,15.985714285714286
2015-06-25,18.0,11.6,23.9,176,0.11371951458594969,-0.9935128947338007,13.1,10.3,16.5,15.8,13.92857142857143,15.714285714285714
2015-06-26,19.1,15.7,23.7,177,0.0966127018812031,-0.9953220513156602,18.0,11.6,23.9,13.5,14.242857142857142,15.657142857142858
2015-06-27,18.8,15.9,23.6,178,0.07947729992362097,-0.9968366760893436,19.1,15.7,23.7,13.4,15.042857142857143,15.535714285714286
2015-06-28,17.7,14.0,22.6,179,0.062318379354325076,-0.998056320853012,18.8,15.9,23.6,15.0,15.814285714285715,15.307142857142859
2015-06-29,21.1,15.3,27.5,180,0.04514101777397193,-0.9989806246941579,17.7,14.0,22.6,14.9,16.2,15.271428571428572
2015-06-30,21.1,16.1,25.7,181,0.02795029824021032,-0.999609314096404,21.1,15.3,27.5,11.8,17.085714285714285,15.707142857142857
2015-07-01,21.1,13.4,26.8,182,0.01075130776352193,-0.9999422030204416,21.1,16.1,25.7,13.1,18.414285714285715,16.357142857142858
2015-07-02,24.0,16.3,30.5,183,-0.00645086419810515,-0.9999791929590823,21.1,13.4,26.8,18.0,19.557142857142857,16.742857142857144
2015-07-03,27.0,17.8,34.6,184,-0.023651127245231586,-0.9997202729664083,24.0,16.3,30.5,19.1,20.414285714285715,17.32857142857143
2015-07-04,30.1,21.5,37.8,185,-0.04084439154329611,-0.9991655196610109,27.0,17.8,34.6,18.8,21.542857142857144,18.292857142857144
2015-07-05,28.9,20.8,36.6,186,-0.05802556932878035,-0.9983150972033183,30.1,21.5,37.8,17.7,23.157142857142855,19.485714285714288
2015-07-06,21.9,16.9,25.8,187,-0.07518957641475855,-0.9971692572470178,28.9,20.8,36.6,21.1,24.75714285714286,20.478571428571428
2015-07-07,23.9,14.8,32.6,188,-0.09233133369539122,-0.9957283388645872,21.9,16.9,25.8,21.1,24.871428571428574,20.978571428571428
2015-07-08,19.7,17.1,23.2,189,-0.10944576864891556,-0.993992768446958,23.9,14.8,32.6,21.1,25.27142857142857,21.842857142857145
2015-07-09,15.7,12.4,18.6,190,-0.12652781683868314,-0.9919630595773397,19.7,17.1,23.2,24.0,25.071428571428573,22.314285714285713
2015-07-10,15.3,11.5,20.1,191,-0.1435724234118113,-0.9896398128792412,15.7,12.4,18.6,27.0,23.885714285714283,22.150000000000002
2015-07-11,17.6,10.1,22.6,192,-0.16057454459499376,-0.9870237158387383,15.3,11.5,20.1,30.1,22.214285714285715,21.878571428571426
2015-07-12,18.4,13.4,25.7,193,-0.17752914918703497,-0.984115542601034,17.6,10.1,22.6,28.9,20.428571428571427,21.792857142857144
2015-07-13,17.2,15.2,21.7,194,-0.19443122004766195,-0.9809161537413774,18.4,13.4,25.7,21.9,18.928571428571427,21.842857142857138
2015-07-14,17.4,15.4,21.0,195,-0.2112757555821793,-0.9774264960104055,17.2,15.2,21.7,23.9,18.257142857142856,21.564285714285713
2015-07-15,19.0,15.1,23.2,196,-0.2280577712215198,-0.9736476020539838,17.4,15.4,21.0,19.7,17.32857142857143,21.3
2015-07-16,21.0,16.0,26.3,197,-0.24477230089725957,-0.9695805901076308,19.0,15.1,23.2,15.7,17.228571428571428,21.150000000000002
2015-07-17,24.4,15.4,32.2,198,-0.2614143985111562,-0.965226663665613,21.0,16.0,26.3,15.3,17.985714285714288,20.935714285714287
2015-07-18,23.1,18.0,27.1,199,-0.2779791393987801,-0.9605871111248129,24.4,15.4,32.2,17.6,19.285714285714285,20.75
2015-07-19,18.2,15.4,22.2,200,-0.2944616217868012,-0.9556633054034704,23.1,18.0,27.1,18.4,20.071428571428573,20.25
2015-07-20,19.6,14.8,24.8,201,-0.3108569682435036,-0.9504567035349151,18.2,15.4,22.2,17.2,20.042857142857144,19.485714285714288
2015-07-21,23.2,17.6,28.8,202,-0.3271603271220951,-0.9449688462364056,19.6,14.8,24.8,17.4,20.385714285714283,19.321428571428573
2015-07-22,24.6,18.5,30.1,203,-0.34336687399638804,-0.939201357453208,23.2,17.6,28.8,19.0,21.214285714285715,19.271428571428572
2015-07-23,20.5,15.8,25.1,204,-0.3594718130884232,-0.9331559438780432,24.6,18.5,30.1,21.0,22.014285714285712,19.62142857142857
2015-07-24,20.7,14.8,26.5,205,-0.3754703786876202,-0.9268343944460494,20.5,15.8,25.1,24.4,21.942857142857143,19.964285714285715
2015-07-25,21.7,13.1,28.7,206,-0.3913578365610259,-0.9202385798054075,20.7,14.8,26.5,23.1,21.41428571428571,20.349999999999998
2015-07-26,16.8,13.1,21.6,207,-0.4071294853542516,-0.9133704517637858,21.7,13.1,28.7,18.2,21.214285714285715,20.642857142857142
2015-07-27,17.3,13.8,22.4,208,-0.4227806579826773,-0.9062320427107697,16.8,13.1,21.6,19.6,21.014285714285712,20.52857142857143
2015-07-28,17.5,15.0,20.9,209,-0.4383067230125192,-0.898825465016444,17.3,13.8,22.4,23.2,20.685714285714287,20.535714285714285
2015-07-29,16.7,13.4,21.7,210,-0.45370308603134424,-0.8911529104063088,17.5,15.0,20.9,24.6,19.871428571428574,20.542857142857144
2015-07-30,16.0,12.7,20.2,211,-0.46896519100763184,-0.8832166493127127,16.7,13.4,21.7,20.5,18.74285714285714,20.37857142857143
2015-07-31,14.9,8.7,20.5,212,-0.48408852163897587,-0.8750190302029955,16.0,12.7,20.2,20.7,18.1,20.021428571428572
2015-08-01,18.3,7.8,26.8,213,-0.4990686026885319,-0.8665624788845385,14.9,8.7,20.5,21.7,17.27142857142857,19.342857142857145
2015-08-02,22.9,14.4,30.5,214,-0.5139010013093103,-0.8578494977869301,18.3,7.8,26.8,16.8,16.785714285714285,19.0
2015-08-03,24.6,14.7,32.9,215,-0.5285813283559292,-0.8488826652214553,22.9,14.4,30.5,17.3,17.657142857142855,19.335714285714285
2015-08-04,26.7,17.9,35.1,216,-0.5431052396834317,-0.8396646346181327,24.6,14.7,32.9,17.5,18.7,19.692857142857143
2015-08-05,21.4,17.5,26.7,217,-0.5574684374327892,-0.8301981337405212,26.7,17.9,35.1,16.7,20.014285714285712,19.942857142857143
2015-08-06,26.2,16.4,35.0,218,-0.5716666713027052,-0.8204859638785327,21.4,17.5,26.7,16.0,20.685714285714283,19.714285714285715
2015-08-07,28.6,19.4,38.0,219,-0.5856957398073508,-0.8105309990194823,26.2,16.4,35.0,14.9,22.142857142857142,20.12142857142857
2015-08-08,25.4,19.8,34.0,220,-0.5995514915196489,-0.8003361849976323,28.6,19.4,38.0,18.3,24.099999999999998,20.685714285714287
2015-08-09,22.4,17.4,29.0,221,-0.6132298262997502,-0.7899045386224707,25.4,19.8,34.0,22.9,25.114285714285717,20.95
2015-08-10,25.6,17.1,33.1,222,-0.6267266965083301,-0.7792391467859886,22.4,17.4,29.0,24.6,25.042857142857144,21.349999999999998
2015-08-11,27.1,20.4,34.1,223,-0.6400381082043503,-0.7683431655492202,25.6,17.1,33.1,26.7,25.185714285714287,21.942857142857143
2015-08-12,23.3,18.8,29.5,224,-0.65316012232693,-0.7572198192083127,27.1,20.4,34.1,21.4,25.24285714285714,22.62857142857143
2015-08-13,24.0,18.6,30.0,225,-0.666088855860977,-0.7458723993404063,23.3,18.8,29.5,26.2,25.514285714285716,23.1
2015-08-14,27.4,19.8,34.8,226,-0.6788204829862355,-0.734304263829602,24.0,18.6,30.0,28.6,25.2,23.671428571428574
2015-08-15,25.1,20.6,31.1,227,-0.6913512362094071,-0.722518835873311,27.4,19.8,34.8,25.4,25.02857142857143,24.564285714285713
2015-08-16,22.9,19.1,30.8,228,-0.7036774074790128,-0.7105196029692745,25.1,20.6,31.1,22.4,24.985714285714288,25.050000000000004
2015-08-17,23.2,19.8,27.5,229,-0.7157953492826642,-0.6983101158835584,22.9,19.1,30.8,25.6,25.057142857142853,25.05
2015-08-18,19.1,16.6,20.7,230,-0.7277014757264236,-0.6858939875998223,23.2,19.8,27.5,27.1,24.714285714285715,24.95
2015-08-19,18.7,15.0,24.6,231,-0.7393922635959241,-0.673274892250183,19.1,16.6,20.7,23.3,23.571428571428573,24.407142857142855
2015-08-20,19.6,11.7,26.3,232,-0.7508642533989489,-0.6604565640279754,18.7,15.0,24.6,24.0,22.91428571428571,24.214285714285715
2015-08-21,20.1,12.6,27.3,233,-0.7621140503891487,-0.6474427960827475,19.6,11.7,26.3,27.4,22.285714285714285,23.742857142857144
2015-08-22,20.8,13.9,27.5,234,-0.7731383255706026,-0.6342374393978054,20.1,12.6,27.3,25.1,21.242857142857144,23.135714285714283
2015-08-23,20.2,14.5,26.1,235,-0.7839338166829201,-0.620844401650647,20.8,13.9,27.5,22.9,20.62857142857143,22.807142857142857
2015-08-24,21.7,16.0,28.5,236,-0.7944973291665992,-0.6072676460566135,20.2,14.5,26.1,23.2,20.24285714285714,22.65
2015-08-25,18.5,15.2,22.3,237,-0.8048257371083452,-0.593511190196115,21.7,16.0,28.5,19.1,20.028571428571432,22.37142857142857
2015-08-26,20.4,13.9,26.8,238,-0.8149159841660791,-0.5795791048257612,18.5,15.2,22.3,18.7,19.942857142857143,21.757142857142856
2015-08-27,21.5,16.6,28.3,239,-0.8247650844733614,-0.5654755126737576,20.4,13.9,26.8,19.6,20.185714285714287,21.55
2015-08-28,17.0,14.3,20.8,240,-0.8343701235229538,-0.5512045872199277,21.5,16.6,28.3,20.1,20.457142857142856,21.37142857142857
2015-08-29,18.5,11.8,25.0,241,-0.8437282590292712,-0.5367705514607103,17.0,14.3,20.8,20.8,20.014285714285712,20.62857142857143
2015-08-30,22.5,14.4,31.3,242,-0.8528367217694595,-0.522177676659508,18.5,11.8,25.0,20.2,19.685714285714287,20.157142857142855
2015-08-31,27.3,18.6,35.6,243,-0.8616928164028522,-0.5074302810827518,22.5,14.4,31.3,21.7,20.014285714285712,20.12857142857143
2015-09-01,22.7,15.7,29.4,244,-0.8702939222685674,-0.49253272872205434,27.3,18.6,35.6,18.5,20.814285714285717,20.421428571428574
2015-09-02,16.5,11.5,21.2,245,-0.8786374941610001,-0.4774894280028391,22.7,15.7,29.4,20.4,21.414285714285715,20.678571428571427
2015-09-03,15.1,10.6,19.5,246,-0.886721063082993,-0.46230483047981086,16.5,11.5,21.2,21.5,20.857142857142858,20.521428571428572
2015-09-04,15.5,10.7,20.7,247,-0.8945422369764496,-0.4469834295196741,15.1,10.6,19.5,17.0,19.942857142857143,20.199999999999996
2015-09-05,14.4,11.4,19.7,248,-0.9020987014301837,-0.43152975897147144,15.5,10.7,20.7,18.5,19.728571428571428,19.87142857142857
2015-09-06,13.3,11.2,18.4,249,-0.9093882203647925,-0.4159483918249421,14.4,11.4,19.7,22.5,19.142857142857142,19.414285714285715
2015-09-07,13.5,10.2,18.4,250,-0.9164086366943458,-0.4002439388573056,13.3,11.2,18.4,27.3,17.82857142857143,18.921428571428574
2015-09-08,14.1,8.7,20.4,251,-0.9231578729647039,-0.38442104726885545,13.5,10.2,18.4,22.7,15.857142857142858,18.335714285714285
2015-09-09,13.0,7.5,18.5,252,-0.9296339319682695,-0.3684843993077793,14.1,8.7,20.4,16.5,14.62857142857143,18.02142857142857
2015-09-10,13.8,9.5,20.1,253,-0.9358348973349941,-0.35243871088460327,13.0,7.5,18.5,15.1,14.12857142857143,17.49285714285714
2015-09-11,13.9,11.4,16.6,254,-0.9417589340994617,-0.33628873017668287,13.8,9.5,20.1,15.5,13.942857142857145,16.942857142857143
2015-09-12,16.8,11.8,23.2,255,-0.9474042892438845,-0.32003923622313857,13.9,11.4,16.6,14.4,13.714285714285714,16.72142857142857
2015-09-13,19.0,14.8,24.1,256,-0.9527692922168511,-0.30369503751065885,16.8,11.8,23.2,13.3,14.057142857142859,16.6
2015-09-14,17.7,14.1,22.0,257,-0.9578523554276669,-0.28726097055059635,19.0,14.8,24.1,13.5,14.871428571428572,16.349999999999998
2015-09-15,15.9,12.1,20.7,258,-0.9626519747161487,-0.2707418984477642,17.7,14.1,22.0,14.1,15.471428571428573,15.664285714285715
2015-09-16,17.4,9.5,25.0,259,-0.9671667297977312,-0.2541427094613622,15.9,12.1,20.7,13.0,15.728571428571428,15.17857142857143
2015-09-17,19.1,14.0,25.7,260,-0.97139528468375,-0.23746831555846842,17.4,9.5,25.0,13.8,16.357142857142858,15.242857142857142
2015-09-18,15.9,11.5,20.8,261,-0.9753363880767837,-0.2207236509605022,19.1,14.0,25.7,13.9,17.114285714285714,15.528571428571427
2015-09-19,15.2,10.4,21.2,262,-0.9789888737409319,-0.20391367068311472,15.9,11.5,20.8,16.8,17.400000000000002,15.557142857142855
2015-09-20,12.8,10.4,16.8,263,-0.9823516608469237,-0.18704334906991657,15.2,10.4,21.2,19.0,17.17142857142857,15.614285714285714
2015-09-21,12.9,9.4,17.1,264,-0.9854237542919524,-0.17011767832049052,12.8,10.4,16.8,17.7,16.285714285714285,15.578571428571427
2015-09-22,14.9,10.4,20.1,265,-0.9882042449941422,-0.15314166701312007,12.9,9.4,17.1,15.9,15.6,15.535714285714286
2015-09-23,13.5,10.8,17.2,266,-0.9906923101615609,-0.13612033862266704,14.9,10.4,20.1,17.4,15.457142857142857,15.592857142857143
2015-09-24,13.9,8.4,19.5,267,-0.9928872135356962,-0.11905873003404988,13.5,10.8,17.2,19.1,14.900000000000002,15.62857142857143
2015-09-25,13.6,9.2,19.6,268,-0.994788305609327,-0.10196189005174576,13.9,8.4,19.5,15.9,14.157142857142857,15.635714285714286
2015-09-26,12.6,7.9,18.2,269,-0.9963950238187231,-0.08483487790576538,13.6,9.2,19.6,15.2,13.828571428571427,15.614285714285714
2015-09-27,11.4,6.5,17.4,270,-0.9977068927101168,-0.06768276175455162,12.6,7.9,18.2,12.8,13.457142857142857,15.314285714285715
2015-09-28,11.8,5.7,19.1,271,-0.9987235240803972,-0.050510617185222886,11.4,6.5,17.4,12.9,13.257142857142856,14.771428571428572
2015-09-29,11.2,5.3,17.8,272,-0.9994446170919858,-0.033323525711631344,11.8,5.7,19.1,14.9,13.1,14.35
2015-09-30,11.4,5.4,16.7,273,-0.9998699583618592,-0.016126573270657762,11.2,5.3,17.8,13.5,12.571428571428571,14.014285714285714
2015-10-01,10.4,3.9,18.0,274,-0.9999994220246925,0.001075151282798226,11.4,5.4,16.7,13.9,12.271428571428572,13.585714285714287
2015-10-02,10.9,3.1,20.3,275,-0.999832969770105,0.018276557681691223,10.4,3.9,18.0,13.6,11.77142857142857,12.964285714285717
2015-10-03,13.4,4.8,20.5,276,-0.9993706508539969,0.03547255575312556,10.9,3.1,20.3,12.6,11.385714285714286,12.607142857142858
2015-10-04,15.2,10.9,20.6,277,-0.9986126020839734,0.052658056924614005,13.4,4.8,20.5,11.4,11.5,12.478571428571428
2015-10-05,13.6,7.5,19.9,278,-0.9975590477788613,0.06982797572987089,15.2,10.9,20.6,11.8,12.042857142857143,12.650000000000002
2015-10-06,14.2,10.4,17.3,279,-0.9962102997023297,0.0869772313136861,13.6,7.5,19.9,11.2,12.299999999999999,12.700000000000001
2015-10-07,12.9,8.9,14.7,280,-0.9945667569706337,0.1041007489354256,14.2,10.4,17.3,11.4,12.728571428571428,12.65
2015-10-08,7.8,6.9,8.8,281,-0.9926289059345095,0.121193461470736,12.9,8.9,14.7,10.4,12.942857142857141,12.607142857142858
2015-10-09,8.7,5.2,12.0,282,-0.9903973200352558,0.1382503109109819,7.8,6.9,8.8,10.9,12.571428571428571,12.171428571428573
2015-10-10,6.2,2.4,10.7,283,-0.9878726596350429,0.15526624985999563,8.7,5.2,12.0,13.4,12.257142857142856,11.821428571428571
2015-10-11,4.9,0.8,9.6,284,-0.9850556718215013,0.172236243027682,6.2,2.4,10.7,15.2,11.22857142857143,11.364285714285714
2015-10-12,4.4,0.0,9.1,285,-0.981947190186646,0.18915526872004093,4.9,0.8,9.6,13.6,9.757142857142856,10.9
2015-10-13,4.1,3.5,5.1,286,-0.9785481345802031,0.20601832032517084,4.4,0.0,9.1,14.2,8.442857142857143,10.37142857142857
2015-10-14,5.3,3.4,7.2,287,-0.9748595108374125,0.22282040779479959,4.1,3.5,5.1,12.9,7.0,9.864285714285714
2015-10-15,6.6,5.5,7.3,288,-0.9708824104813836,0.23955655912092708,5.3,3.4,7.2,7.8,5.914285714285714,9.428571428571429
2015-10-16,8.0,7.2,9.2,289,-0.9666180104000972,0.2562218218071163,6.6,5.5,7.3,8.7,5.742857142857143,9.157142857142857
2015-10-17,8.3,7.6,9.1,290,-0.9620675724981452,0.27281126433401914,8.0,7.2,9.2,6.2,5.642857142857143,8.95
2015-10-18,8.7,6.6,11.8,291,-0.957232443323312,0.28931997761869527,8.3,7.6,9.1,4.9,5.942857142857142,8.585714285714285
2015-10-19,8.3,7.6,9.0,292,-0.9521140536681102,0.3057430764672831,8.7,6.6,11.8,4.4,6.485714285714286,8.121428571428572
2015-10-20,9.6,8.5,11.1,293,-0.9467139181463862,0.3220757010206104,8.3,7.6,9.0,4.1,7.042857142857143,7.742857142857142
2015-10-21,9.7,8.0,11.9,294,-0.9410336347451197,0.3383130181923076,9.6,8.5,11.1,5.3,7.828571428571428,7.414285714285714
2015-10-22,9.4,7.0,11.7,295,-0.9350748843515574,0.3544502230989869,9.7,8.0,11.9,6.6,8.457142857142857,7.185714285714285
2015-10-23,11.5,7.2,14.9,296,-0.9288394302558068,0.3704825404820963,9.4,7.0,11.7,8.0,8.857142857142858,7.3
2015-10-24,8.7,3.7,14.2,297,-0.9223291176290545,0.3864052261209853,11.5,7.2,14.9,8.3,9.357142857142858,7.5
2015-10-25,9.9,6.6,13.5,298,-0.9155458729775467,0.40221356823680365,8.7,3.7,14.2,8.7,9.414285714285715,7.678571428571429
2015-10-26,7.7,1.9,13.0,299,-0.9084917035725082,0.41790288888678667,9.9,6.6,13.5,8.3,9.585714285714285,8.035714285714286
2015-10-27,8.7,3.3,13.5,300,-0.9011686968561569,0.4334685453485363,7.7,1.9,13.0,9.6,9.5,8.27142857142857
2015-10-28,8.0,4.5,11.5,301,-0.8935790198239952,0.4489059314938798,8.7,3.3,13.5,9.7,9.37142857142857,8.6
2015-10-29,6.5,3.5,11.5,302,-0.8857249183835637,0.4642104791518923,8.0,4.5,11.5,9.4,9.128571428571428,8.792857142857143
2015-10-30,7.3,4.4,9.6,303,-0.8776087166898392,0.4793776594606945,6.5,3.5,11.5,11.5,8.714285714285714,8.785714285714286
2015-10-31,10.7,7.9,16.0,304,-0.8692328164574792,0.49440298420761813,7.3,4.4,9.6,8.7,8.114285714285714,8.735714285714286
2015-11-01,9.5,4.0,15.6,305,-0.8605996962501181,0.5092820071573356,10.7,7.9,16.0,9.9,8.4,8.907142857142857
2015-11-02,6.9,0.5,15.4,306,-0.8517119107469189,0.5240103253675756,9.5,4.0,15.6,7.7,8.342857142857143,8.964285714285714
2015-11-03,4.4,0.1,11.7,307,-0.8425720899866032,0.5385835804920232,6.9,0.5,15.4,8.7,8.22857142857143,8.864285714285714
2015-11-04,3.7,-1.6,8.9,308,-0.8331829385891785,0.5529974600700271,4.4,0.1,11.7,8.0,7.614285714285714,8.492857142857144
2015-11-05,8.8,5.2,14.3,309,-0.8235472349556007,0.5672476988027229,3.7,-1.6,8.9,6.5,7.0,8.064285714285715
2015-11-06,11.6,6.9,15.5,310,-0.8136678304455991,0.5813300798152042,8.8,5.2,14.3,7.3,7.328571428571428,8.02142857142857
2015-11-07,15.3,12.4,17.6,311,-0.8035476485339116,0.5952404359043674,11.6,6.9,15.5,10.7,7.942857142857143,8.028571428571428
2015-11-08,13.7,9.0,17.6,312,-0.7931896839451843,0.6089746507720486,15.3,12.4,17.6,9.5,8.6,8.5
2015-11-09,13.9,9.6,17.7,313,-0.7825970017677834,0.6225286602431057,13.7,9.0,17.6,6.9,9.200000000000001,8.77142857142857
2015-11-10,14.3,12.6,15.6,314,-0.7717727365467836,0.6358984534680745,13.9,9.6,17.7,4.4,10.200000000000001,9.214285714285714
2015-11-11,13.9,12.0,14.9,315,-0.7607200913564104,0.6490800741100398,14.3,12.6,15.6,3.7,11.614285714285714,9.614285714285714
2015-11-12,12.0,8.3,14.5,316,-0.7494423368521954,0.6620696215153815,13.9,12.0,14.9,8.8,13.071428571428571,10.035714285714286
2015-11-13,11.4,6.7,14.0,317,-0.7379428103031386,0.6748632518680403,12.0,8.3,14.5,11.6,13.528571428571428,10.428571428571429
2015-11-14,7.8,6.5,9.4,318,-0.7262249146041543,0.6874571793269664,11.4,6.7,14.0,15.3,13.5,10.721428571428573
2015-11-15,9.6,6.3,13.3,319,-0.7142921172691032,0.699847677146407,7.8,6.5,9.4,13.7,12.428571428571429,10.514285714285714
2015-11-16,10.9,8.5,12.4,320,-0.7021479494046978,0.7120310787787131,9.6,6.3,13.3,13.9,11.842857142857143,10.521428571428572
2015-11-17,11.8,9.9,13.8,321,-0.6897960046655887,0.7240037789593305,10.9,8.5,12.4,14.3,11.414285714285713,10.807142857142855
2015-11-18,12.0,9.8,13.9,322,-0.6772399381909491,0.7357622347736527,11.8,9.9,13.8,13.9,11.057142857142859,11.335714285714285
2015-11-19,11.6,8.5,13.5,323,-0.6644834655228552,0.7473029667054296,12.0,9.8,13.9,12.0,10.785714285714286,11.928571428571429
2015-11-20,7.9,5.5,9.9,324,-0.6515303615068021,0.75862255966641,11.6,8.5,13.5,11.4,10.728571428571428,12.128571428571428
2015-11-21,4.9,2.9,6.4,325,-0.6383844591746642,0.7697176640069211,7.9,5.5,9.9,7.8,10.228571428571428,11.864285714285714
2015-11-22,1.4,-1.5,3.8,326,-0.6250496486104377,0.7805849965070866,4.9,2.9,6.4,9.6,9.814285714285715,11.121428571428572
2015-11-23,0.7,-1.0,2.7,327,-0.6115298757991053,0.7912213413483807,1.4,-1.5,3.8,10.9,8.642857142857144,10.242857142857144
2015-11-24,1.3,-1.0,3.5,328,-0.5978291414589552,0.801623551065242,0.7,-1.0,2.7,11.8,7.185714285714285,9.299999999999999
2015-11-25,3.3,1.8,4.4,329,-0.5839514998576998,0.8117885474764613,1.3,-1.0,3.5,12.0,5.685714285714286,8.371428571428572
2015-11-26,4.6,2.2,6.2,330,-0.5699010576127624,0.8217133225960589,3.3,1.8,4.4,11.6,4.442857142857143,7.614285714285714
2015-11-27,1.9,-0.9,5.6,331,-0.5556819724760489,0.8313949395234058,4.6,2.2,6.2,7.9,3.442857142857143,7.085714285714286
2015-11-28,0.9,-1.8,4.5,332,-0.5412984521036173,0.8408305333122887,1.9,-0.9,5.6,4.9,2.585714285714286,6.4071428571428575
2015-11-29,5.7,1.6,9.5,333,-0.5267547528105542,0.8500173118187018,0.9,-1.8,4.5,1.4,2.0142857142857142,5.914285714285714
2015-11-30,6.2,3.1,8.8,334,-0.5120551783114646,0.8589525565270845,5.7,1.6,9.5,0.7,2.6285714285714286,5.635714285714286
2015-12-01,5.8,4.3,7.5,335,-0.4972040784469378,0.8676336233547726,6.2,3.1,8.8,1.3,3.414285714285714,5.299999999999999
2015-12-02,9.4,5.1,11.2,336,-0.4822058478963526,0.8760579434344281,5.8,4.3,7.5,3.3,4.057142857142857,4.871428571428572
2015-12-03,8.4,4.2,12.0,337,-0.46706492487743034,0.8842230238742036,9.4,5.1,11.2,4.6,4.928571428571429,4.685714285714285
2015-12-04,6.9,4.1,9.5,338,-0.451785789832884,0.8921264484954345,8.4,4.2,12.0,1.9,5.471428571428571,4.457142857142857
2015-12-05,6.7,4.5,8.5,339,-0.4363729641045924,0.8997658785476209,6.9,4.1,9.5,0.9,6.185714285714286,4.385714285714285
2015-12-06,8.8,6.8,10.8,340,-0.42083100859565564,0.9071390534005044,6.7,4.5,8.5,5.7,7.014285714285714,4.514285714285714
2015-12-07,11.0,9.2,11.9,341,-0.4051645224207563,0.9142437912130223,8.8,6.8,10.8,6.2,7.457142857142857,5.042857142857143
2015-12-08,8.8,4.3,11.9,342,-0.3893781415452015,0.9210779895789526,11.0,9.2,11.9,5.8,8.142857142857142,5.778571428571429
2015-12-09,6.4,3.5,9.3,343,-0.37347653741307074,0.9276396261490467,8.8,4.3,11.9,9.4,8.571428571428571,6.314285714285715
2015-12-10,3.3,1.0,6.3,344,-0.3574644155648614,0.9339267592294762,6.4,3.5,9.3,8.4,8.142857142857144,6.535714285714286
2015-12-11,4.1,2.0,6.2,345,-0.34134651424503615,0.9399375283564133,3.3,1.0,6.3,6.9,7.4142857142857155,6.442857142857143
2015-12-12,5.4,3.9,7.3,346,-0.3251276029999093,0.9456701548465688,4.1,2.0,6.2,6.7,7.014285714285714,6.6000000000000005
2015-12-13,5.3,0.9,10.2,347,-0.30881248126625377,0.9511229423235357,5.4,3.9,7.3,8.8,6.828571428571429,6.921428571428572
2015-12-14,1.0,-1.6,3.3,348,-0.29240597695107734,0.9562942772197719,5.3,0.9,10.2,11.0,6.328571428571428,6.892857142857143
2015-12-15,5.3,3.2,7.3,349,-0.27591294500296043,0.9611826292540837,1.0,-1.6,3.3,8.8,4.8999999999999995,6.521428571428572
2015-12-16,5.9,4.6,7.8,350,-0.2593382659754056,0.9657865518844574,5.3,3.2,7.3,6.4,4.4,6.485714285714286
2015-12-17,10.7,7.6,12.4,351,-0.2426868445825954,0.9701046827361175,5.9,4.6,7.8,3.3,4.328571428571428,6.235714285714287
2015-12-18,11.3,9.3,12.3,352,-0.22596360824801906,0.974135744004672,10.7,7.6,12.4,4.1,5.385714285714286,6.3999999999999995
2015-12-19,9.4,7.6,12.2,353,-0.20917350564635637,0.9778785428342386,11.3,9.3,12.3,5.4,6.414285714285714,6.714285714285714
2015-12-20,9.6,6.6,13.1,354,-0.19232150523909483,0.9813319716704275,9.4,7.6,12.2,5.3,6.985714285714286,6.9071428571428575
2015-12-21,9.7,8.9,10.7,355,-0.17541259380427843,0.9844950085880858,9.6,6.6,13.1,1.0,7.6,6.964285714285714
2015-12-22,11.6,9.0,13.4,356,-0.15845177496083632,0.9873667175937016,9.7,8.9,10.7,5.3,8.842857142857143,6.871428571428572
2015-12-23,11.6,6.0,13.7,357,-0.14144406768794202,0.9899462489023779,11.6,9.0,13.4,5.9,9.742857142857144,7.071428571428571
2015-12-24,7.1,3.2,10.7,358,-0.12439450483979998,0.9922328391893008,11.6,6.0,13.7,10.7,10.557142857142859,7.442857142857143
2015-12-25,9.4,7.9,11.3,359,-0.10730813165636247,0.9942258118156161,7.1,3.2,10.7,11.3,10.042857142857143,7.7142857142857135
2015-12-26,13.0,9.1,15.1,360,-0.09019000427034513,0.9959245770286599,9.4,7.9,11.3,9.4,9.771428571428572,8.092857142857143
2015-12-27,10.7,9.1,12.2,361,-0.07304518821104743,0.9973286321364752,13.0,9.1,15.1,9.6,10.285714285714286,8.635714285714284
2015-12-28,7.2,4.5,12.3,362,-0.05587875690537313,0.9984375616565666,10.7,9.1,12.2,9.7,10.442857142857141,9.02142857142857
2015-12-29,4.5,1.8,6.3,363,-0.03869579017652689,0.9992510374388481,7.2,4.5,12.3,11.6,10.085714285714285,9.464285714285714
2015-12-30,0.7,-1.6,2.7,364,-0.021501372740813793,0.999768818762748,4.5,1.8,6.3,11.6,9.071428571428571,9.407142857142857
2015-12-31,0.2,-2.5,3.0,365,-0.004300592702981974,0.9999907524084426,0.7,-1.6,2.7,7.1,7.514285714285714,9.035714285714285
2016-01-01,1.6,0.6,2.7,1,0.017201575418260506,0.9998520419557735,0.2,-2.5,3.0,9.4,6.528571428571428,8.285714285714286
2016-01-02,-3.6,-7.9,1.3,2,0.03439806061360801,0.9994082116062598,1.6,0.6,2.7,13.0,5.414285714285714,7.5928571428571425
2016-01-03,-9.8,-11.4,-7.7,3,0.051584366869408364,0.9986686402879997,-3.6,-7.9,1.3,10.7,3.042857142857143,6.664285714285714
2016-01-04,-9.1,-11.3,-6.6,4,0.06875540848113941,0.9976335468520451,-9.8,-11.4,-7.7,7.2,0.11428571428571413,5.278571428571428
2016-01-05,-8.4,-9.3,-7.0,5,0.08590610426133272,0.9963032375991965,-9.1,-11.3,-6.6,4.5,-2.2142857142857144,3.935714285714286
2016-01-06,-7.8,-8.8,-7.0,6,0.10303137904317879,0.9946781061893646,-8.4,-9.3,-7.0,0.7,-4.057142857142858,2.507142857142857
2016-01-07,-5.5,-8.0,-1.6,7,0.1201261651823505,0.9927586335250793,-7.8,-8.8,-7.0,0.2,-5.271428571428571,1.1214285714285714
2016-01-08,3.2,-1.6,5.6,8,0.13718540405660057,0.9905453876091833,-5.5,-8.0,-1.6,1.6,-6.085714285714286,0.22142857142857134
2016-01-09,0.9,-2.0,4.0,9,0.1542040475626894,0.988039023376751,3.2,-1.6,5.6,-3.6,-5.8571428571428585,-0.22142857142857153
2016-01-10,0.6,-2.3,3.1,10,0.17117705961019986,0.985240282501282,0.9,-2.0,4.0,-9.8,-5.214285714285715,-1.0857142857142859
2016-01-11,2.4,1.6,3.3,11,0.18809941761179758,0.9821499931752291,0.6,-2.3,3.1,-9.1,-3.7285714285714286,-1.807142857142857
2016-01-12,2.9,1.4,4.8,12,0.20496611396949532,0.9787690698649216,2.4,1.6,3.3,-8.4,-2.085714285714286,-2.15
2016-01-13,2.6,0.5,4.3,13,0.22177215755648186,0.975098513039961,2.9,1.4,4.8,-7.8,-0.47142857142857164,-2.2642857142857147
2016-01-14,1.8,-0.8,4.8,14,0.23851257519407648,0.9711394088771653,2.6,0.5,4.3,-5.5,1.014285714285714,-2.1285714285714286
2016-01-15,-0.2,-1.2,1.2,15,0.2551824131233728,0.9668929289391521,1.8,-0.8,4.8,3.2,2.057142857142857,-2.0142857142857142
2016-01-16,-0.2,-1.3,0.7,16,0.2717767384711357,0.9623603298276545,-0.2,-1.2,1.2,0.9,1.5714285714285712,-2.1428571428571432
2016-01-17,-1.2,-2.2,-0.3,17,0.2882906407095177,0.9575429528116719,-0.2,-1.3,0.7,0.6,1.4142857142857141,-1.9000000000000001
2016-01-18,-3.8,-7.1,-1.2,18,0.3047192331091634,0.9524422234305676,-1.2,-2.2,-0.3,2.4,1.1571428571428568,-1.2857142857142858
2016-01-19,-6.2,-10.2,-2.7,19,0.321057654185271,0.9470596510722283,-3.8,-7.1,-1.2,2.9,0.2714285714285713,-0.9071428571428571
2016-01-20,-2.0,-4.9,-0.1,20,0.3373010691361842,0.9413968285264122,-6.2,-10.2,-2.7,2.6,-1.0285714285714287,-0.75
2016-01-21,-3.1,-7.2,-1.6,21,0.3534446712740877,0.9354554315134164,-2.0,-4.9,-0.1,1.8,-1.6857142857142857,-0.33571428571428574
2016-01-22,-6.4,-10.4,-2.5,22,0.3694836834473831,0.9292372181882051,-3.1,-7.2,-1.6,-0.2,-2.385714285714286,-0.1642857142857143
2016-01-23,-1.3,-7.3,3.8,23,0.38541335945432564,0.9227440286201427,-6.4,-10.4,-2.5,-0.2,-3.2714285714285722,-0.85
2016-01-24,3.7,2.5,5.2,24,0.4012289854475009,0.9159777842484877,-1.3,-7.3,3.8,-1.2,-3.4285714285714293,-1.0071428571428573
2016-01-25,7.8,3.6,9.8,25,0.4169258813287287,0.908940487313808,3.7,2.5,5.2,-3.8,-2.7285714285714286,-0.7857142857142857
2016-01-26,8.9,5.8,11.7,26,0.4324994021339788,0.901634220265486,7.8,3.6,9.8,-6.2,-1.0714285714285718,-0.4
2016-01-27,10.2,8.1,11.9,27,0.44794493940789115,0.8940611451454876,8.9,5.8,11.7,-2.0,1.0857142857142852,0.0285714285714286
2016-01-28,7.9,2.1,11.8,28,0.4632579225674917,0.88622350294858,10.2,8.1,11.9,-3.1,2.8285714285714283,0.5714285714285714
2016-01-29,5.4,1.1,8.8,29,0.4784338202547012,0.8781236129591848,7.9,2.1,11.8,-6.4,4.3999999999999995,1.0071428571428571
2016-01-30,7.7,3.8,9.2,30,0.49346814167723735,0.8697638720650646,5.4,1.1,8.8,-1.3,6.085714285714286,1.407142857142857
2016-01-31,4.3,2.6,6.1,31,0.5083564379375122,0.8611467540480452,7.7,3.8,9.2,3.7,7.371428571428572,1.9714285714285713
2016-02-01,7.5,4.4,11.8,32,0.5230943033491326,0.8522748088519838,4.3,2.6,6.1,7.8,7.457142857142856,2.364285714285714
2016-02-02,9.2,6.0,12.1,33,0.5376773767406141,0.8431506618282,7.5,4.4,11.8,8.9,7.414285714285714,3.1714285714285717
2016-02-03,5.8,3.8,7.6,34,0.5521013427459208,0.8337770129585915,9.2,6.0,12.1,10.2,7.457142857142857,4.271428571428571
2016-02-04,3.4,2.0,4.4,35,0.5663619330814524,0.8241566360566663,5.8,3.8,7.6,7.9,6.828571428571428,4.828571428571428
2016-02-05,3.6,1.0,5.9,36,0.580454927809098,0.8142923779467267,3.4,2.0,4.4,5.4,6.185714285714285,5.292857142857144
2016-02-06,7.9,5.7,11.5,37,0.5943761565849831,0.804187157621448,3.6,1.0,5.9,7.7,5.928571428571428,6.007142857142857
2016-02-07,6.7,3.7,10.6,38,0.6081214998935418,0.7938439653781019,7.9,5.7,11.5,4.3,5.957142857142856,6.664285714285714
2016-02-08,7.9,5.8,11.3,39,0.6216868902665479,0.7832658619336791,6.7,3.7,10.6,7.5,6.299999999999999,6.878571428571428
2016-02-09,8.3,6.4,10.1,40,0.6350683134867438,0.7724559775191742,7.9,5.8,11.3,9.2,6.357142857142856,6.885714285714285
2016-02-10,5.4,3.7,7.9,41,0.6482618097757122,0.7614175109532997,8.3,6.4,10.1,5.8,6.228571428571428,6.842857142857143
2016-02-11,4.4,1.5,6.0,42,0.6612634749656386,0.7501537286959042,5.4,3.7,7.9,3.4,6.171428571428572,6.5
2016-02-12,2.8,-1.1,6.7,43,0.6740694616546161,0.7386679638813748,4.4,1.5,6.0,3.6,6.314285714285714,6.25
2016-02-13,1.3,-3.3,7.1,44,0.6866759803451553,0.726963615332308,2.8,-1.1,6.7,7.9,6.2,6.064285714285715
2016-02-14,3.0,1.2,4.7,45,0.6990793005655562,0.7150441465537444,1.3,-3.3,7.1,6.7,5.257142857142857,5.607142857142857
2016-02-15,3.6,1.2,4.7,46,0.7112757519738152,0.7029130847082615,3.0,1.2,4.7,7.9,4.728571428571429,5.514285714285714
2016-02-16,0.4,-3.0,1.6,47,0.7232617254437388,0.6905740195722293,3.6,1.2,4.7,8.3,4.114285714285714,5.235714285714287
2016-02-17,0.0,-3.5,4.3,48,0.7350336741329413,0.6780306024735382,0.4,-3.0,1.6,5.4,2.9857142857142853,4.607142857142857
2016-02-18,2.7,-0.3,5.9,49,0.746588114532413,0.6652865452111116,0.0,-3.5,4.3,4.4,2.214285714285714,4.192857142857143
2016-02-19,3.5,1.2,5.6,50,0.7579216274973472,0.6523456189565257,2.7,-0.3,5.9,2.8,1.971428571428571,4.142857142857143
2016-02-20,3.5,0.0,5.5,51,0.7690308592589181,0.6392116531380588,3.5,1.2,5.6,1.3,2.0714285714285707,4.135714285714286
2016-02-21,8.3,5.2,11.4,52,0.7799125224167177,0.6258885343075018,3.5,0.0,5.5,3.0,2.3857142857142852,3.8214285714285716
2016-02-22,7.0,3.9,11.4,53,0.7905633969115482,0.612380204990065,8.3,5.2,11.4,3.6,3.1428571428571423,3.9357142857142864
2016-02-23,4.8,2.8,7.9,54,0.8009803309782905,0.5986906625177214,7.0,3.9,11.4,0.4,3.6285714285714277,3.8714285714285714
2016-02-24,3.2,-0.4,5.9,55,0.8111602420785621,0.5848239578463322,4.8,2.8,7.9,0.0,4.257142857142857,3.6214285714285714
2016-02-25,1.1,-1.1,5.4,56,0.8211001178128892,0.5707841943569036,3.2,-0.4,5.9,2.7,4.714285714285714,3.4642857142857144
2016-02-26,1.9,-2.4,5.3,57,0.8307970168121247,0.5565755266413303,1.1,-1.1,5.4,3.5,4.485714285714286,3.228571428571428
2016-02-27,1.3,-4.0,5.9,58,0.8402480696078469,0.5422021592729844,1.9,-2.4,5.3,3.5,4.257142857142857,3.164285714285714
2016-02-28,2.7,0.3,6.5,59,0.8494504794814806,0.527668345562516,1.3,-4.0,5.9,8.3,3.9428571428571426,3.1642857142857146
2016-02-29,1.3,-0.4,3.0,60,0.8584015232918917,0.512978386299228,2.7,0.3,6.5,7.0,3.1428571428571423,3.142857142857143
2016-03-01,1.5,-0.8,6.0,61,0.8670985522812081,0.4981366284784055,1.3,-0.4,3.0,4.8,2.3285714285714283,2.9785714285714286
2016-03-02,4.4,0.1,8.9,62,0.8755389928586302,0.4831474640149687,1.5,-0.8,6.0,3.2,1.8571428571428565,3.0571428571428574
2016-03-03,4.1,0.8,7.8,63,0.8837203473619977,0.4680153284438345,4.4,0.1,8.9,1.1,2.028571428571428,3.3714285714285714
2016-03-04,4.1,-1.3,9.0,64,0.8916401947968874,0.45274469960737107,4.1,0.8,7.8,1.9,2.4571428571428564,3.4714285714285715
2016-03-05,5.7,3.8,8.7,65,0.8992961915530253,0.4373400963303323,4.1,-1.3,9.0,1.3,2.771428571428571,3.5142857142857147
2016-03-06,3.7,0.9,4.8,66,0.9066860720977985,0.4218060770826634,5.7,3.8,8.7,2.7,3.3999999999999995,3.6714285714285713
2016-03-07,2.8,-1.2,6.7,67,0.9138076496466615,0.4061472386305789,3.7,0.9,4.8,1.3,3.5428571428571423,3.3428571428571425
2016-03-08,2.8,-3.2,8.0,68,0.9206588168102428,0.3903682146763026,2.8,-1.2,6.7,1.5,3.7571428571428567,3.0428571428571423
2016-03-09,3.2,-1.7,8.9,69,0.9272375462179537,0.374473674486883,2.8,-3.2,8.0,4.4,3.942857142857142,2.9
2016-03-10,5.2,3.0,8.3,70,0.9335418911179212,0.35846832151248087,3.2,-1.7,8.9,4.1,3.7714285714285714,2.9
2016-03-11,3.9,3.1,5.2,71,0.9395699859530622,0.342356891994542,5.2,3.0,8.3,4.1,3.928571428571428,3.192857142857143
2016-03-12,2.9,1.0,4.2,72,0.945320046913132,0.3261441535642696,3.9,3.1,5.2,5.7,3.8999999999999995,3.3357142857142854
2016-03-13,1.7,-1.1,3.0,73,0.9507903724625832,0.3098349038318025,2.9,1.0,4.2,3.7,3.499999999999999,3.4499999999999997
2016-03-14,4.0,0.0,7.3,74,0.9559793438440766,0.2934339689665273,1.7,-1.1,3.0,2.8,3.214285714285714,3.3785714285714286
2016-03-15,4.5,3.3,5.9,75,0.9608854255574977,0.27694620226893646,4.0,0.0,7.3,2.8,3.3857142857142852,3.5714285714285716
2016-03-16,4.8,0.5,9.2,76,0.9655071658143364,0.2603764827344581,4.5,3.3,5.9,3.2,3.6285714285714286,3.7857142857142856
2016-03-17,5.8,-2.0,12.7,77,0.969843196967294,0.24372971360968387,4.8,0.5,9.2,5.2,3.8571428571428563,3.814285714285714
2016-03-18,4.8,2.2,7.1,78,0.9738922359149924,0.22701082094141847,5.8,-2.0,12.7,3.9,3.942857142857142,3.935714285714286
2016-03-19,6.2,3.4,10.2,79,0.9776530844816641,0.2102247521189836,4.8,2.2,7.1,2.9,4.071428571428571,3.9857142857142853
2016-03-20,5.7,3.9,7.3,80,0.981124629771712,0.19337647441020586,6.2,3.4,10.2,1.7,4.542857142857142,4.021428571428571
2016-03-21,5.8,3.2,8.3,81,0.984305844499033,0.17647097349152166,5.7,3.9,7.3,4.0,5.114285714285714,4.164285714285714
2016-03-22,6.4,4.6,9.2,82,0.9871957872910085,0.15951325197263655,5.8,3.2,8.3,4.5,5.371428571428571,4.378571428571429
2016-03-23,5.3,3.3,7.0,83,0.9897936029670716,0.14250832791617088,6.4,4.6,9.2,4.8,5.6428571428571415,4.635714285714285
2016-03-24,4.5,0.9,7.9,84,0.992098522791769,0.12546123335273648,5.3,3.3,7.0,5.8,5.714285714285714,4.785714285714286
2016-03-25,6.4,4.6,8.5,85,0.9941098647022418,0.10837701279187609,4.5,0.9,7.9,4.8,5.528571428571428,4.735714285714286
2016-03-26,9.4,5.4,14.0,86,0.9958270335100595,0.09126072172931188,6.4,4.6,8.5,6.2,5.757142857142857,4.914285714285714
2016-03-27,9.1,3.7,16.1,87,0.9972495210773451,0.07411742515094437,9.4,5.4,14.0,5.7,6.2142857142857135,5.378571428571428
2016-03-28,10.4,4.4,16.2,88,0.998376906467142,0.056952196034039754,9.1,3.7,16.1,5.8,6.7,5.9071428571428575
2016-03-29,7.5,4.6,11.1,89,0.9992088560679753,0.03977011384605572,10.4,4.4,16.2,6.4,7.357142857142856,6.364285714285715
2016-03-30,7.6,3.8,12.1,90,0.9997451236925734,0.022576263041545485,7.5,4.6,11.1,5.3,7.514285714285713,6.578571428571429
2016-03-31,7.9,5.1,10.8,91,0.9999855506507186,0.005375731557583884,7.6,3.8,12.1,4.5,7.8428571428571425,6.778571428571428
2016-04-01,8.3,5.0,13.1,92,0.9999300657962057,-0.011826390691832589,7.9,5.1,10.8,6.4,8.328571428571427,6.928571428571429
2016-04-02,9.9,1.3,16.4,93,0.9995786855478958,-0.029025013321975237,8.3,5.0,13.1,9.4,8.6,7.178571428571429
2016-04-03,13.1,6.1,19.1,94,0.9989315138848577,-0.046215046983708354,9.9,1.3,16.4,9.1,8.67142857142857,7.442857142857143
2016-04-04,15.2,9.5,20.6,95,0.9979887423155984,-0.06339140486951038,13.1,6.1,19.1,10.4,9.242857142857142,7.971428571428571
2016-04-05,16.0,8.4,22.7,96,0.9967506498213929,-0.08054900421874167,15.2,9.5,20.6,7.5,9.928571428571429,8.642857142857142
2016-04-06,11.9,9.4,15.8,97,0.9952176027737294,-0.09768276782171598,16.0,8.4,22.7,7.6,11.142857142857142,9.328571428571427
2016-04-07,10.3,5.1,13.0,98,0.9933900548258936,-0.11478762552212701,11.9,9.4,15.8,7.9,11.757142857142856,9.799999999999999
2016-04-08,8.5,3.3,14.3,99,0.9912685467787256,-0.13185851571739118,10.3,5.1,13.0,8.3,12.099999999999998,10.214285714285714
2016-04-09,9.0,2.0,13.5,100,0.9888537064205885,-0.1488903868564548,8.5,3.3,14.3,9.9,12.12857142857143,10.364285714285714
2016-04-10,7.9,5.7,10.1,101,0.986146248341595,-0.16587819893463143,9.0,2.0,13.5,13.1,12.0,10.335714285714287
2016-04-11,9.5,5.9,12.6,102,0.9831469737221499,-0.1828169249850199,7.9,5.7,10.1,15.2,11.257142857142856,10.25
2016-04-12,10.6,6.1,14.4,103,0.9798567700958665,-0.1997015525660636,9.5,5.9,12.6,16.0,10.442857142857141,10.185714285714287
2016-04-13,12.5,6.5,18.3,104,0.9762766110869321,-0.21652708524481437,10.6,6.1,14.4,11.9,9.671428571428569,10.407142857142858
2016-04-14,9.1,4.9,11.8,105,0.9724075561219968,-0.23328854407545518,12.5,6.5,18.3,10.3,9.757142857142856,10.757142857142856
2016-04-15,8.9,4.0,13.6,106,0.9682507501166718,-0.2499809690726521,9.1,4.9,11.8,8.5,9.585714285714285,10.842857142857143
2016-04-16,10.5,6.8,14.6,107,0.9638074231367307,-0.26659942067929354,8.9,4.0,13.6,9.0,9.642857142857142,10.885714285714286
2016-04-17,9.2,5.2,12.4,108,0.9590788900341131,-0.28313898122818354,10.5,6.8,14.6,7.9,9.857142857142858,10.928571428571429
2016-04-18,8.8,2.9,13.3,109,0.9540665500578387,-0.2995947563972602,9.2,5.2,12.4,9.5,10.042857142857143,10.65
2016-04-19,10.3,7.2,14.1,110,0.9487718864399473,-0.31596187665790293,8.8,2.9,13.3,10.6,9.942857142857141,10.192857142857145
2016-04-20,8.9,5.0,13.2,111,0.9431964659565866,-0.33223549871590435,10.3,7.2,14.1,12.5,9.9,9.785714285714286
2016-04-21,9.6,3.2,15.1,112,0.9373419384643772,-0.3484108069446808,8.9,5.0,13.2,9.1,9.385714285714286,9.571428571428571
2016-04-22,9.2,4.6,14.0,113,0.9312100364121947,-0.3644830148102912,9.6,3.2,15.1,8.9,9.457142857142857,9.521428571428572
2016-04-23,7.1,3.2,11.3,114,0.9248025743285089,-0.38044736628785164,9.2,4.6,14.0,10.5,9.5,9.571428571428571
2016-04-24,4.8,1.8,9.7,115,0.9181214482844364,-0.39629913726891813,7.1,3.2,11.3,9.2,9.014285714285714,9.435714285714285
2016-04-25,5.4,1.9,10.1,116,0.9111686353326631,-0.41203363695942635,4.8,1.8,9.7,8.8,8.385714285714284,9.214285714285714
2016-04-26,5.2,2.8,9.7,117,0.9039461929224011,-0.42764620926777464,5.4,1.9,10.1,10.3,7.899999999999999,8.92142857142857
2016-04-27,5.1,2.4,9.4,118,0.8964562582905575,-0.44313223418263453,5.2,2.8,9.7,8.9,7.171428571428571,8.535714285714286
2016-04-28,5.7,2.2,10.3,119,0.8887010478292915,-0.45848712914008766,5.1,2.4,9.4,9.6,6.628571428571428,8.007142857142856
2016-04-29,9.2,1.2,15.3,120,0.8806828564301475,-0.47370635037968,5.7,2.2,10.3,9.2,6.07142857142857,7.764285714285714
2016-04-30,12.5,5.7,18.6,121,0.8724040568049612,-0.48878539428899265,9.2,1.2,15.3,7.1,6.071428571428571,7.785714285714286
2016-05-01,12.7,5.8,17.9,122,0.8638670987837349,-0.503719798736334,12.5,5.7,18.6,4.8,6.8428571428571425,7.928571428571429
2016-05-02,13.2,6.0,18.8,123,0.8550745085896932,-0.518505144391157,12.7,5.8,17.9,5.4,7.971428571428571,8.178571428571429
2016-05-03,12.5,6.4,19.8,124,0.8460288880917339,-0.533137056031809,13.2,6.0,18.8,5.2,9.085714285714285,8.492857142857142
2016-05-04,10.2,7.3,14.4,125,0.8367329140344921,-0.5476112038402312,12.5,6.4,19.8,5.1,10.128571428571428,8.65
2016-05-05,13.9,7.4,20.4,126,0.8271893372462497,-0.5619233046832195,10.2,7.3,14.4,5.7,10.857142857142858,8.742857142857142
2016-05-06,17.1,8.1,23.6,127,0.8174009818249189,-0.5760691233798758,13.9,7.4,20.4,9.2,12.028571428571427,9.05
2016-05-07,18.3,10.1,24.7,128,0.8073707443023492,-0.5900444739548627,17.1,8.1,23.6,12.5,13.157142857142857,9.614285714285714
2016-05-08,18.4,10.8,24.2,129,0.7971015927871943,-0.6038452208771035,18.3,10.1,24.7,12.7,13.985714285714284,10.414285714285715
2016-05-09,19.1,11.3,24.9,130,0.7865965660866021,-0.6174672802835514,18.4,10.8,24.2,13.2,14.799999999999999,11.385714285714284
2016-05-10,18.5,11.9,24.8,131,0.7758587728069828,-0.6309066211876704,19.1,11.3,24.9,12.5,15.642857142857142,12.364285714285714
2016-05-11,19.1,11.4,25.3,132,0.7648913904341225,-0.6441592666722685,18.5,11.9,24.8,10.2,16.5,13.314285714285715
2016-05-12,18.4,13.5,24.5,133,0.753697664392914,-0.6572212950663319,19.1,11.4,25.3,13.9,17.771428571428572,14.314285714285715
2016-05-13,16.4,9.7,22.5,134,0.742280907086982,-0.6700888411055113,18.4,13.5,24.5,17.1,18.414285714285715,15.221428571428572
2016-05-14,10.9,7.0,15.0,135,0.7306444969184916,-0.6827580970759147,16.4,9.7,22.5,18.3,18.314285714285713,15.735714285714284
2016-05-15,9.0,6.2,13.5,136,0.7187918772884232,-0.6952253139408722,10.9,7.0,15.0,18.4,17.257142857142856,15.62142857142857
2016-05-16,9.9,6.4,15.0,137,0.7067265555776158,-0.7074868024503348,9.0,6.2,13.5,19.1,15.914285714285713,15.357142857142858
2016-05-17,10.0,7.2,12.9,138,0.6944521021088763,-0.719538934232584,9.9,6.4,15.0,18.5,14.6,15.12142857142857
2016-05-18,15.0,8.0,20.6,139,0.6819721490904629,-0.7313781428679254,10.0,7.2,12.9,19.1,13.385714285714286,14.942857142857141
2016-05-19,17.6,12.7,22.7,140,0.6692903895412567,-0.7430009249440493,15.0,8.0,20.6,18.4,12.799999999999999,15.285714285714286
2016-05-20,17.8,13.1,23.4,141,0.6564105761979381,-0.7544038410927472,17.6,12.7,22.7,16.4,12.685714285714287,15.549999999999999
2016-05-21,19.5,14.9,24.3,142,0.6433365204044917,-0.765583517007675,17.8,13.1,23.4,10.9,12.885714285714286,15.6
2016-05-22,22.4,14.2,29.4,143,0.6300720909843687,-0.7765366444428655,19.5,14.9,24.3,9.0,14.114285714285716,15.685714285714285
2016-05-23,21.0,15.1,26.3,144,0.6166212130956382,-0.7872599821916922,22.4,14.2,29.4,9.9,16.02857142857143,15.971428571428573
2016-05-24,16.3,13.2,20.2,145,0.6029878670694714,-0.7977503570459932,21.0,15.1,26.3,10.0,17.614285714285714,16.107142857142858
2016-05-25,13.9,12.6,15.5,146,0.5891760872322963,-0.8080046647350754,16.3,13.2,20.2,15.0,18.514285714285712,15.95
2016-05-26,14.2,11.4,16.0,147,0.5751899607119775,-0.8180198708443174,13.9,12.6,15.5,17.6,18.357142857142858,15.578571428571427
2016-05-27,16.4,9.4,21.6,148,0.5610336262283677,-0.8277930117131022,14.2,11.4,16.0,17.8,17.871428571428574,15.278571428571427
2016-05-28,18.4,10.7,23.9,149,0.5467112728685939,-0.8373211953118121,16.4,9.4,21.6,19.5,17.67142857142857,15.278571428571428
2016-05-29,21.4,14.9,28.1,150,0.5322271388474397,-0.8466016020976267,18.4,10.7,23.9,22.4,17.514285714285712,15.814285714285715
2016-05-30,21.0,15.2,27.4,151,0.5175855102531889,-0.8556314858488706,21.4,14.9,28.1,21.0,17.37142857142857,16.7
2016-05-31,19.9,14.1,25.5,152,0.5027907197793043,-0.8644081744776648,21.0,15.2,27.4,16.3,17.37142857142857,17.492857142857144
2016-06-01,19.3,17.4,22.8,153,0.4878471454423119,-0.8729290708206411,19.9,14.1,25.5,13.9,17.885714285714283,18.2
2016-06-02,19.9,14.5,25.1,154,0.47275920928627757,-0.881191653407483,19.3,17.4,22.8,14.2,18.657142857142855,18.50714285714286
2016-06-03,21.8,16.8,25.8,155,0.4575313760742512,-0.8891934772070711,19.9,14.5,25.1,16.4,19.471428571428568,18.67142857142857
2016-06-04,22.3,15.9,27.3,156,0.44216815196707204,-0.8969321743510065,21.8,16.8,25.8,18.4,20.24285714285714,18.957142857142856
2016-06-05,22.2,15.5,27.6,157,0.42667408318992467,-0.9044054548343001,22.3,15.9,27.3,21.4,20.8,19.157142857142855
2016-06-06,19.9,13.4,24.6,158,0.4110537546870351,-0.9116111071930239,22.2,15.5,27.6,21.0,20.91428571428571,19.142857142857142
2016-06-07,19.7,10.9,26.9,159,0.3953117887649151,-0.9185469991587165,19.9,13.4,24.6,19.9,20.757142857142856,19.064285714285713
2016-06-08,20.7,13.5,27.2,160,0.37945284372454435,-0.925211078289358,19.7,10.9,26.9,19.3,20.728571428571428,19.307142857142857
2016-06-09,18.3,15.1,23.0,161,0.36348161248290634,-0.9316013725767187,20.7,13.5,27.2,19.9,20.928571428571427,19.79285714285714
2016-06-10,16.6,11.1,22.5,162,0.3474028211842774,-0.9377159910299093,18.3,15.1,23.0,21.8,20.7,20.085714285714285
2016-06-11,17.1,10.8,22.8,163,0.3312212278016865,-0.9435531242349544,16.6,11.1,22.5,22.3,19.957142857142856,20.099999999999998
2016-06-12,16.7,11.1,21.4,164,0.31494162072895193,-0.9491110448902284,17.1,10.8,22.8,22.2,19.214285714285715,20.00714285714286
2016-06-13,14.5,12.7,17.2,165,0.2985688173637202,-0.9543881083175908,16.7,11.1,21.4,19.9,18.428571428571427,19.67142857142857
2016-06-14,17.5,14.3,22.4,166,0.2821076626819194,-0.9593827529490743,14.5,12.7,17.2,19.7,17.657142857142855,19.207142857142856
2016-06-15,15.8,13.0,19.6,167,0.26556302780405594,-0.9640935007889755,17.5,14.3,22.4,20.7,17.342857142857145,19.035714285714285
2016-06-16,18.0,11.9,22.7,168,0.24893980855376657,-0.9685189578512204,15.8,13.0,19.6,18.3,16.642857142857142,18.785714285714285
2016-06-17,15.8,14.2,19.9,169,0.23224292400907015,-0.9726578145718654,18.0,11.9,22.7,16.6,16.6,18.650000000000002
2016-06-18,17.2,12.8,21.9,170,0.21547731504673012,-0.976508846196619,15.8,14.2,19.9,17.1,16.485714285714288,18.22142857142857
2016-06-19,17.4,12.5,22.0,171,0.19864794288017112,-0.9800709131432666,17.2,12.8,21.9,16.7,16.5,17.857142857142858
2016-06-20,18.2,11.1,24.0,172,0.18175978759137534,-0.9833429613388902,17.4,12.5,22.0,14.5,16.6,17.514285714285716
2016-06-21,19.1,15.0,24.1,173,0.16481784665719793,-0.9863240225317866,18.2,11.1,24.0,17.5,17.12857142857143,17.392857142857142
2016-06-22,22.1,15.4,27.1,174,0.14782713347053048,-0.9890132145779883,19.1,15.0,24.1,15.8,17.357142857142858,17.349999999999998
2016-06-23,25.9,16.3,32.2,175,0.13079267585675922,-0.9914097417023038,22.1,15.4,27.1,18.0,18.25714285714286,17.45
2016-06-24,28.2,21.4,35.1,176,0.11371951458594969,-0.9935128947338007,25.9,16.3,32.2,15.8,19.385714285714283,17.99285714285714
2016-06-25,26.5,20.5,34.2,177,0.0966127018812031,-0.9953220513156602,28.2,21.4,35.1,17.2,21.157142857142855,18.821428571428573
2016-06-26,19.8,14.8,24.3,178,0.07947729992362097,-0.9968366760893436,26.5,20.5,34.2,17.4,22.485714285714288,19.49285714285714
2016-06-27,19.6,12.7,25.1,179,0.062318379354325076,-0.998056320853012,19.8,14.8,24.3,18.2,22.82857142857143,19.714285714285715
2016-06-28,19.3,14.0,24.1,180,0.04514101777397193,-0.9989806246941579,19.6,12.7,25.1,19.1,23.028571428571432,20.07857142857143
2016-06-29,19.8,13.7,25.9,181,0.02795029824021032,-0.999609314096404,19.3,14.0,24.1,22.1,23.057142857142857,20.20714285714286
2016-06-30,20.7,13.4,25.9,182,0.01075130776352193,-0.9999422030204416,19.8,13.7,25.9,25.9,22.728571428571428,20.49285714285714
2016-07-01,23.0,16.4,28.3,183,-0.00645086419810515,-0.9999791929590823,20.7,13.4,25.9,28.2,21.985714285714284,20.685714285714287
2016-07-02,19.0,14.3,25.7,184,-0.023651127245231586,-0.9997202729664083,23.0,16.4,28.3,26.5,21.24285714285714,21.2
2016-07-03,17.0,11.0,23.0,185,-0.04084439154329611,-0.9991655196610109,19.0,14.3,25.7,19.8,20.17142857142857,21.32857142857143
2016-07-04,18.3,10.0,24.4,186,-0.05802556932878035,-0.9983150972033183,17.0,11.0,23.0,19.6,19.771428571428572,21.300000000000004
2016-07-05,20.2,15.0,25.4,187,-0.07518957641475855,-0.9971692572470178,18.3,10.0,24.4,19.3,19.58571428571429,21.307142857142853
2016-07-06,16.5,12.9,21.1,188,-0.09233133369539122,-0.9957283388645872,20.2,15.0,25.4,19.8,19.714285714285715,21.38571428571429
2016-07-07,17.6,11.1,22.7,189,-0.10944576864891556,-0.993992768446958,16.5,12.9,21.1,20.7,19.24285714285714,20.985714285714288
2016-07-08,20.5,15.5,27.3,190,-0.12652781683868314,-0.9919630595773397,17.6,11.1,22.7,23.0,18.8,20.392857142857142
2016-07-09,18.9,15.6,24.1,191,-0.1435724234118113,-0.9896398128792412,20.5,15.5,27.3,19.0,18.442857142857143,19.842857142857145
2016-07-10,25.1,18.2,31.7,192,-0.16057454459499376,-0.9870237158387383,18.9,15.6,24.1,17.0,18.428571428571427,19.3
2016-07-11,25.0,19.3,29.3,193,-0.17752914918703497,-0.984115542601034,25.1,18.2,31.7,18.3,19.585714285714285,19.678571428571427
2016-07-12,22.3,17.9,26.9,194,-0.19443122004766195,-0.9809161537413774,25.0,19.3,29.3,20.2,20.542857142857144,20.064285714285713
2016-07-13,18.3,15.5,22.5,195,-0.2112757555821793,-0.9774264960104055,22.3,17.9,26.9,16.5,20.842857142857145,20.27857142857143
2016-07-14,15.9,14.1,17.9,196,-0.2280577712215198,-0.9736476020539838,18.3,15.5,22.5,17.6,21.099999999999998,20.171428571428574
2016-07-15,15.6,12.8,18.6,197,-0.24477230089725957,-0.9695805901076308,15.9,14.1,17.9,20.5,20.857142857142858,19.828571428571426
2016-07-16,19.1,10.7,25.8,198,-0.2614143985111562,-0.965226663665613,15.6,12.8,18.6,18.9,20.157142857142855,19.3
2016-07-17,20.0,18.0,23.1,199,-0.2779791393987801,-0.9605871111248129,19.1,10.7,25.8,25.1,20.185714285714287,19.307142857142857
2016-07-18,19.1,17.0,21.9,200,-0.2944616217868012,-0.9556633054034704,20.0,18.0,23.1,25.0,19.45714285714286,19.521428571428572
2016-07-19,20.0,16.8,25.2,201,-0.3108569682435036,-0.9504567035349151,19.1,17.0,21.9,22.3,18.614285714285717,19.57857142857143
2016-07-20,22.6,17.2,28.0,202,-0.3271603271220951,-0.9449688462364056,20.0,16.8,25.2,18.3,18.285714285714285,19.564285714285717
2016-07-21,23.6,17.6,28.6,203,-0.34336687399638804,-0.939201357453208,22.6,17.2,28.0,15.9,18.900000000000002,20.0
2016-07-22,23.6,16.6,30.5,204,-0.3594718130884232,-0.9331559438780432,23.6,17.6,28.6,15.6,20.0,20.428571428571427
2016-07-23,22.4,15.3,28.5,205,-0.3754703786876202,-0.9268343944460494,23.6,16.6,30.5,19.1,21.142857142857142,20.650000000000002
2016-07-24,22.9,17.1,28.8,206,-0.3913578365610259,-0.9202385798054075,22.4,15.3,28.5,20.0,21.614285714285717,20.900000000000002
2016-07-25,24.8,17.2,31.5,207,-0.4071294853542516,-0.9133704517637858,22.9,17.1,28.8,19.1,22.028571428571432,20.74285714285714
2016-07-26,23.7,18.9,28.9,208,-0.4227806579826773,-0.9062320427107697,24.8,17.2,31.5,20.0,22.842857142857145,20.728571428571428
2016-07-27,20.0,16.7,25.9,209,-0.4383067230125192,-0.898825465016444,23.7,18.9,28.9,22.6,23.371428571428574,20.828571428571426
2016-07-28,21.5,17.2,25.5,210,-0.45370308603134424,-0.8911529104063088,20.0,16.7,25.9,23.6,23.0,20.95
2016-07-29,21.3,17.1,25.9,211,-0.46896519100763184,-0.8832166493127127,21.5,17.2,25.5,23.6,22.7,21.349999999999998
2016-07-30,21.4,17.4,25.6,212,-0.48408852163897587,-0.8750190302029955,21.3,17.1,25.9,22.4,22.37142857142857,21.75714285714286
2016-07-31,20.0,15.5,26.2,213,-0.4990686026885319,-0.8665624788845385,21.4,17.4,25.6,22.9,22.228571428571428,21.92142857142857
2016-08-01,17.9,14.4,22.8,214,-0.5139010013093103,-0.8578494977869301,20.0,15.5,26.2,24.8,21.814285714285713,21.92142857142857
2016-08-02,16.4,12.4,18.4,215,-0.5285813283559292,-0.8488826652214553,17.9,14.4,22.8,23.7,20.82857142857143,21.835714285714285
2016-08-03,19.1,15.0,22.9,216,-0.5431052396834317,-0.8396646346181327,16.4,12.4,18.4,20.0,19.785714285714285,21.578571428571426
2016-08-04,19.9,17.4,23.6,217,-0.5574684374327892,-0.8301981337405212,19.1,15.0,22.9,21.5,19.657142857142855,21.32857142857143
2016-08-05,18.5,15.3,22.4,218,-0.5716666713027052,-0.8204859638785327,19.9,17.4,23.6,21.3,19.428571428571427,21.064285714285713
2016-08-06,18.1,14.9,22.6,219,-0.5856957398073508,-0.8105309990194823,18.5,15.3,22.4,21.4,19.02857142857143,20.699999999999996
2016-08-07,19.4,13.4,25.0,220,-0.5995514915196489,-0.8003361849976323,18.1,14.9,22.6,20.0,18.557142857142857,20.392857142857142
2016-08-08,21.4,16.5,28.6,221,-0.6132298262997502,-0.7899045386224707,19.4,13.4,25.0,17.9,18.47142857142857,20.142857142857142
2016-08-09,17.0,13.1,21.8,222,-0.6267266965083301,-0.7792391467859886,21.4,16.5,28.6,16.4,18.971428571428568,19.900000000000002
2016-08-10,14.2,10.7,17.9,223,-0.6400381082043503,-0.7683431655492202,17.0,13.1,21.8,19.1,19.057142857142857,19.42142857142857
2016-08-11,14.3,9.0,19.8,224,-0.65316012232693,-0.7572198192083127,14.2,10.7,17.9,19.9,18.357142857142858,19.007142857142856
2016-08-12,16.4,13.4,19.4,225,-0.666088855860977,-0.7458723993404063,14.3,9.0,19.8,18.5,17.557142857142857,18.49285714285714
2016-08-13,21.4,17.0,27.9,226,-0.6788204829862355,-0.734304263829602,16.4,13.4,19.4,18.1,17.257142857142856,18.142857142857142
2016-08-14,19.0,15.1,22.0,227,-0.6913512362094071,-0.722518835873311,21.4,17.0,27.9,19.4,17.728571428571428,18.142857142857142
2016-08-15,16.6,11.8,21.4,228,-0.7036774074790128,-0.7105196029692745,19.0,15.1,22.0,21.4,17.67142857142857,18.071428571428573
2016-08-16,15.4,9.1,22.2,229,-0.7157953492826642,-0.6983101158835584,16.6,11.8,21.4,17.0,16.985714285714284,17.978571428571428
2016-08-17,15.8,8.8,22.2,230,-0.7277014757264236,-0.6858939875998223,15.4,9.1,22.2,14.2,16.75714285714286,17.90714285714286
2016-08-18,16.3,11.0,20.1,231,-0.7393922635959241,-0.673274892250183,15.8,8.8,22.2,14.3,16.985714285714288,17.67142857142857
2016-08-19,19.7,11.9,26.4,232,-0.7508642533989489,-0.6604565640279754,16.3,11.0,20.1,16.4,17.27142857142857,17.414285714285715
2016-08-20,20.4,16.3,26.3,233,-0.7621140503891487,-0.6474427960827475,19.7,11.9,26.4,21.4,17.742857142857144,17.5
2016-08-21,17.9,14.4,23.0,234,-0.7731383255706026,-0.6342374393978054,20.4,16.3,26.3,19.0,17.6,17.664285714285715
2016-08-22,19.1,13.3,24.5,235,-0.7839338166829201,-0.620844401650647,17.9,14.4,23.0,16.6,17.442857142857143,17.557142857142857
2016-08-23,19.8,16.4,23.9,236,-0.7944973291665992,-0.6072676460566135,19.1,13.3,24.5,15.4,17.8,17.392857142857142
2016-08-24,22.0,16.4,27.7,237,-0.8048257371083452,-0.593511190196115,19.8,16.4,23.9,15.8,18.428571428571427,17.592857142857145
2016-08-25,22.8,15.8,29.4,238,-0.8149159841660791,-0.5795791048257612,22.0,16.4,27.7,16.3,19.314285714285713,18.15
2016-08-26,25.4,17.3,34.1,239,-0.8247650844733614,-0.5654755126737576,22.8,15.8,29.4,19.7,20.24285714285714,18.75714285714286
2016-08-27,24.1,16.1,31.6,240,-0.8343701235229538,-0.5512045872199277,25.4,17.3,34.1,20.4,21.057142857142857,19.400000000000002
2016-08-28,25.8,18.0,34.9,241,-0.8437282590292712,-0.5367705514607103,24.1,16.1,31.6,17.9,21.585714285714285,19.592857142857145
2016-08-29,20.4,14.8,24.5,242,-0.8528367217694595,-0.522177676659508,25.8,18.0,34.9,19.1,22.714285714285715,20.07857142857143
2016-08-30,17.1,12.1,22.9,243,-0.8616928164028522,-0.5074302810827518,20.4,14.8,24.5,19.8,22.900000000000002,20.349999999999998
2016-08-31,19.4,11.4,26.1,244,-0.8702939222685674,-0.49253272872205434,17.1,12.1,22.9,22.0,22.514285714285712,20.47142857142857
2016-09-01,20.3,12.7,27.2,245,-0.8786374941610001,-0.4774894280028391,19.4,11.4,26.1,22.8,22.142857142857142,20.728571428571428
2016-09-02,20.0,14.0,25.9,246,-0.886721063082993,-0.46230483047981086,20.3,12.7,27.2,25.4,21.785714285714285,21.014285714285712
2016-09-03,21.1,17.0,26.6,247,-0.8945422369764496,-0.4469834295196741,20.0,14.0,25.9,24.1,21.014285714285712,21.035714285714285
2016-09-04,18.4,15.8,22.8,248,-0.9020987014301837,-0.43152975897147144,21.1,17.0,26.6,25.8,20.585714285714285,21.085714285714285
2016-09-05,17.4,14.2,21.9,249,-0.9093882203647925,-0.4159483918249421,18.4,15.8,22.8,20.4,19.52857142857143,21.121428571428574
2016-09-06,16.9,10.8,22.6,250,-0.9164086366943458,-0.4002439388573056,17.4,14.2,21.9,17.1,19.099999999999998,21.0
2016-09-07,19.1,10.5,26.3,251,-0.9231578729647039,-0.38442104726885545,16.9,10.8,22.6,19.4,19.071428571428573,20.79285714285714
2016-09-08,22.4,15.0,30.0,252,-0.9296339319682695,-0.3684843993077793,19.1,10.5,26.3,20.3,19.02857142857143,20.585714285714285
2016-09-09,21.4,16.5,27.5,253,-0.9358348973349941,-0.35243871088460327,22.4,15.0,30.0,20.0,19.328571428571426,20.557142857142853
2016-09-10,21.1,15.0,27.4,254,-0.9417589340994617,-0.33628873017668287,21.4,16.5,27.5,21.1,19.52857142857143,20.271428571428572
2016-09-11,23.2,16.5,30.3,255,-0.9474042892438845,-0.32003923622313857,21.1,15.0,27.4,18.4,19.52857142857143,20.057142857142853
2016-09-12,23.9,16.9,32.0,256,-0.9527692922168511,-0.30369503751065885,23.2,16.5,30.3,17.4,20.214285714285715,19.87142857142857
2016-09-13,24.0,16.3,31.4,257,-0.9578523554276669,-0.28726097055059635,23.9,16.9,32.0,16.9,21.142857142857142,20.121428571428574
2016-09-14,22.8,18.0,29.1,258,-0.9626519747161487,-0.2707418984477642,24.0,16.3,31.4,19.1,22.157142857142855,20.614285714285717
2016-09-15,20.5,15.4,26.4,259,-0.9671667297977312,-0.2541427094613622,22.8,18.0,29.1,22.4,22.685714285714287,20.857142857142858
2016-09-16,20.9,14.1,28.1,260,-0.97139528468375,-0.23746831555846842,20.5,15.4,26.4,21.4,22.414285714285715,20.87142857142857
2016-09-17,18.3,15.1,21.7,261,-0.9753363880767837,-0.2207236509605022,20.9,14.1,28.1,21.1,22.342857142857138,20.935714285714287
2016-09-18,16.1,12.2,21.0,262,-0.9789888737409319,-0.20391367068311472,18.3,15.1,21.7,23.2,21.942857142857143,20.735714285714284
2016-09-19,15.5,10.5,20.1,263,-0.9823516608469237,-0.18704334906991657,16.1,12.2,21.0,23.9,20.928571428571427,20.571428571428573
2016-09-20,14.6,8.7,19.0,264,-0.9854237542919524,-0.17011767832049052,15.5,10.5,20.1,24.0,19.728571428571428,20.435714285714283
2016-09-21,15.7,11.6,20.1,265,-0.9882042449941422,-0.15314166701312007,14.6,8.7,19.0,22.8,18.385714285714283,20.271428571428572
2016-09-22,13.8,7.1,20.5,266,-0.9906923101615609,-0.13612033862266704,15.7,11.6,20.1,20.5,17.371428571428574,20.02857142857143
2016-09-23,16.3,9.5,23.0,267,-0.9928872135356962,-0.11905873003404988,13.8,7.1,20.5,20.9,16.414285714285715,19.414285714285715
2016-09-24,15.6,11.2,21.1,268,-0.994788305609327,-0.10196189005174576,16.3,9.5,23.0,18.3,15.757142857142856,19.05
2016-09-25,15.7,8.8,22.8,269,-0.9963950238187231,-0.08483487790576538,15.6,11.2,21.1,16.1,15.37142857142857,18.657142857142855
2016-09-26,14.8,8.8,21.9,270,-0.9977068927101168,-0.06768276175455162,15.7,8.8,22.8,15.5,15.314285714285715,18.121428571428574
2016-09-27,15.3,8.0,22.4,271,-0.9987235240803972,-0.050510617185222886,14.8,8.8,21.9,14.6,15.214285714285712,17.47142857142857
2016-09-28,17.1,12.5,21.1,272,-0.9994446170919858,-0.033323525711631344,15.3,8.0,22.4,15.7,15.314285714285715,16.85
2016-09-29,20.6,15.7,25.8,273,-0.9998699583618592,-0.016126573270657762,17.1,12.5,21.1,13.8,15.514285714285714,16.442857142857143
2016-09-30,16.0,9.9,20.5,274,-0.9999994220246925,0.001075151282798226,20.6,15.7,25.8,16.3,16.485714285714288,16.45
2016-10-01,12.7,8.0,15.1,275,-0.999832969770105,0.018276557681691223,16.0,9.9,20.5,15.6,16.442857142857143,16.1
2016-10-02,13.7,8.4,18.4,276,-0.9993706508539969,0.03547255575312556,12.7,8.0,15.1,15.7,16.02857142857143,15.700000000000001
2016-10-03,12.2,5.1,17.8,277,-0.9986126020839734,0.052658056924614005,13.7,8.4,18.4,14.8,15.742857142857144,15.528571428571428
2016-10-04,12.6,7.6,16.8,278,-0.9975590477788613,0.06982797572987089,12.2,5.1,17.8,15.3,15.371428571428572,15.292857142857143
2016-10-05,9.2,6.7,12.9,279,-0.9962102997023297,0.0869772313136861,12.6,7.6,16.8,17.1,14.985714285714284,15.150000000000002
2016-10-06,10.4,9.5,11.4,280,-0.9945667569706337,0.1041007489354256,9.2,6.7,12.9,20.6,13.857142857142858,14.685714285714285
2016-10-07,10.1,8.0,12.4,281,-0.9926289059345095,0.121193461470736,10.4,9.5,11.4,16.0,12.400000000000002,14.442857142857145
2016-10-08,9.7,7.5,12.6,282,-0.9903973200352558,0.1382503109109819,10.1,8.0,12.4,12.7,11.557142857142859,14.0
2016-10-09,8.6,6.4,11.2,283,-0.9878726596350429,0.15526624985999563,9.7,7.5,12.6,13.7,11.12857142857143,13.578571428571427
2016-10-10,8.2,6.3,11.7,284,-0.9850556718215013,0.172236243027682,8.6,6.4,11.2,12.2,10.4,13.071428571428571
2016-10-11,7.9,6.6,9.7,285,-0.981947190186646,0.18915526872004093,8.2,6.3,11.7,12.6,9.828571428571427,12.6
2016-10-12,7.3,6.6,8.1,286,-0.9785481345802031,0.20601832032517084,7.9,6.6,9.7,9.2,9.157142857142857,12.071428571428571
2016-10-13,7.1,6.5,7.6,287,-0.9748595108374125,0.22282040779479959,7.3,6.6,8.1,10.4,8.885714285714284,11.37142857142857
2016-10-14,8.0,3.5,12.3,288,-0.9708824104813836,0.23955655912092708,7.1,6.5,7.6,10.1,8.414285714285715,10.407142857142857
2016-10-15,8.7,6.7,10.3,289,-0.9666180104000972,0.2562218218071163,8.0,3.5,12.3,9.7,8.114285714285714,9.835714285714285
2016-10-16,8.7,7.7,10.4,290,-0.9620675724981452,0.27281126433401914,8.7,6.7,10.3,8.6,7.971428571428571,9.549999999999999
2016-10-17,7.8,6.8,8.4,291,-0.957232443323312,0.28931997761869527,8.7,7.7,10.4,8.2,7.985714285714286,9.192857142857141
2016-10-18,9.3,7.2,11.8,292,-0.9521140536681102,0.3057430764672831,7.8,6.8,8.4,7.9,7.928571428571429,8.878571428571428
2016-10-19,9.7,8.4,11.8,293,-0.9467139181463862,0.3220757010206104,9.3,7.2,11.8,7.3,8.128571428571428,8.642857142857142
2016-10-20,8.1,5.3,9.8,294,-0.9410336347451197,0.3383130181923076,9.7,8.4,11.8,7.1,8.471428571428572,8.678571428571429
2016-10-21,7.9,6.2,9.2,295,-0.9350748843515574,0.3544502230989869,8.1,5.3,9.8,8.0,8.614285714285714,8.514285714285714
2016-10-22,7.4,5.5,9.8,296,-0.9288394302558068,0.3704825404820963,7.9,6.2,9.2,8.7,8.6,8.357142857142858
2016-10-23,7.4,5.6,9.2,297,-0.9223291176290545,0.3864052261209853,7.4,5.5,9.8,8.7,8.414285714285715,8.192857142857141
2016-10-24,7.9,5.4,9.4,298,-0.9155458729775467,0.40221356823680365,7.4,5.6,9.2,7.8,8.22857142857143,8.107142857142858
2016-10-25,8.8,5.4,10.2,299,-0.9084917035725082,0.41790288888678667,7.9,5.4,9.4,9.3,8.242857142857144,8.085714285714285
2016-10-26,6.8,3.6,8.6,300,-0.9011686968561569,0.4334685453485363,8.8,5.4,10.2,9.7,8.171428571428573,8.15
2016-10-27,8.8,5.3,11.6,301,-0.8935790198239952,0.4489059314938798,6.8,3.6,8.6,8.1,7.757142857142857,8.114285714285714
2016-10-28,11.3,8.5,13.1,302,-0.8857249183835637,0.4642104791518923,8.8,5.3,11.6,7.9,7.857142857142857,8.235714285714286
2016-10-29,9.4,7.4,12.2,303,-0.8776087166898392,0.4793776594606945,11.3,8.5,13.1,7.4,8.342857142857143,8.471428571428572
2016-10-30,7.9,3.5,11.7,304,-0.8692328164574792,0.49440298420761813,9.4,7.4,12.2,7.4,8.628571428571428,8.52142857142857
2016-10-31,7.8,2.0,11.2,305,-0.8605996962501181,0.5092820071573356,7.9,3.5,11.7,7.9,8.700000000000001,8.464285714285714
2016-11-01,10.1,7.0,11.4,306,-0.8517119107469189,0.5240103253675756,7.8,2.0,11.2,8.8,8.685714285714287,8.464285714285714
2016-11-02,6.4,3.5,8.9,307,-0.8425720899866032,0.5385835804920232,10.1,7.0,11.4,6.8,8.87142857142857,8.52142857142857
2016-11-03,3.5,1.1,6.8,308,-0.8331829385891785,0.5529974600700271,6.4,3.5,8.9,8.8,8.814285714285715,8.285714285714286
2016-11-04,5.5,2.9,7.9,309,-0.8235472349556007,0.5672476988027229,3.5,1.1,6.8,11.3,8.057142857142859,7.957142857142857
2016-11-05,6.7,3.9,9.8,310,-0.8136678304455991,0.5813300798152042,5.5,2.9,7.9,9.4,7.228571428571429,7.785714285714286
2016-11-06,6.0,4.5,8.5,311,-0.8035476485339116,0.5952404359043674,6.7,3.9,9.8,7.9,6.8428571428571425,7.735714285714287
2016-11-07,4.5,2.4,5.6,312,-0.7931896839451843,0.6089746507720486,6.0,4.5,8.5,7.8,6.571428571428571,7.635714285714286
2016-11-08,3.2,1.4,5.7,313,-0.7825970017677834,0.6225286602431057,4.5,2.4,5.6,10.1,6.1,7.392857142857143
2016-11-09,1.4,-0.9,4.4,314,-0.7717727365467836,0.6358984534680745,3.2,1.4,5.7,6.4,5.114285714285714,6.992857142857143
2016-11-10,0.7,-1.9,3.6,315,-0.7607200913564104,0.6490800741100398,1.4,-0.9,4.4,3.5,4.3999999999999995,6.607142857142857
2016-11-11,0.6,-1.9,2.9,316,-0.7494423368521954,0.6620696215153815,0.7,-1.9,3.6,5.5,4.0,6.028571428571429
2016-11-12,-1.1,-5.0,2.6,317,-0.7379428103031386,0.6748632518680403,0.6,-1.9,2.9,6.7,3.3,5.264285714285713
2016-11-13,-1.7,-6.4,4.2,318,-0.7262249146041543,0.6874571793269664,-1.1,-5.0,2.6,6.0,2.1857142857142855,4.514285714285714
2016-11-14,-0.5,-6.3,5.1,319,-0.7142921172691032,0.699847677146407,-1.7,-6.4,4.2,4.5,1.0857142857142859,3.8285714285714283
2016-11-15,2.9,0.7,7.5,320,-0.7021479494046978,0.7120310787787131,-0.5,-6.3,5.1,3.2,0.3714285714285714,3.2357142857142853
2016-11-16,8.0,6.7,9.2,321,-0.6897960046655887,0.7240037789593305,2.9,0.7,7.5,1.4,0.32857142857142857,2.7214285714285715
2016-11-17,9.5,8.4,11.1,322,-0.6772399381909491,0.7357622347736527,8.0,6.7,9.2,0.7,1.2714285714285716,2.835714285714286
2016-11-18,9.8,6.1,14.4,323,-0.6644834655228552,0.7473029667054296,9.5,8.4,11.1,0.6,2.528571428571429,3.2642857142857147
2016-11-19,6.3,3.5,8.3,324,-0.6515303615068021,0.75862255966641,9.8,6.1,14.4,-1.1,3.8428571428571425,3.5714285714285716
2016-11-20,6.7,2.3,10.9,325,-0.6383844591746642,0.7697176640069211,6.3,3.5,8.3,-1.7,4.9,3.542857142857143
2016-11-21,9.7,6.8,13.1,326,-0.6250496486104377,0.7805849965070866,6.7,2.3,10.9,-0.5,6.1000000000000005,3.592857142857143
2016-11-22,9.8,5.8,11.9,327,-0.6115298757991053,0.7912213413483807,9.7,6.8,13.1,2.9,7.557142857142858,3.9642857142857144
2016-11-23,7.0,3.1,12.0,328,-0.5978291414589552,0.801623551065242,9.8,5.8,11.9,8.0,8.542857142857143,4.435714285714286
2016-11-24,5.3,1.0,7.9,329,-0.5839514998576998,0.8117885474764613,7.0,3.1,12.0,9.5,8.4,4.835714285714286
2016-11-25,1.9,-0.5,3.5,330,-0.5699010576127624,0.8217133225960589,5.3,1.0,7.9,9.8,7.8,5.164285714285714
2016-11-26,0.9,-0.2,3.4,331,-0.5556819724760489,0.8313949395234058,1.9,-0.5,3.5,6.3,6.671428571428572,5.257142857142858
2016-11-27,4.3,0.8,7.1,332,-0.5412984521036173,0.8408305333122887,0.9,-0.2,3.4,6.7,5.9,5.3999999999999995
2016-11-28,0.1,-3.4,3.2,333,-0.5267547528105542,0.8500173118187018,4.3,0.8,7.1,9.7,5.557142857142857,5.828571428571429
2016-11-29,-1.4,-4.5,2.6,334,-0.5120551783114646,0.8589525565270845,0.1,-3.4,3.2,9.8,4.185714285714286,5.871428571428572
2016-11-30,1.5,-2.9,4.7,335,-0.4972040784469378,0.8676336233547726,-1.4,-4.5,2.6,7.0,2.585714285714286,5.564285714285714
2016-12-01,6.6,4.7,8.3,336,-0.4822058478963526,0.8760579434344281,1.5,-2.9,4.7,5.3,1.8000000000000003,5.1
2016-12-02,4.3,-0.2,8.2,337,-0.46706492487743034,0.8842230238742036,6.6,4.7,8.3,1.9,1.985714285714286,4.892857142857143
2016-12-03,0.0,-3.4,3.8,338,-0.451785789832884,0.8921264484954345,4.3,-0.2,8.2,0.9,2.3285714285714287,4.5
2016-12-04,-1.2,-3.2,0.4,339,-0.4363729641045924,0.8997658785476209,0.0,-3.4,3.8,4.3,2.2,4.05
2016-12-05,-2.7,-4.8,0.8,340,-0.42083100859565564,0.9071390534005044,-1.2,-3.2,0.4,0.1,1.4142857142857146,3.4857142857142853
2016-12-06,1.0,-0.9,1.7,341,-0.4051645224207563,0.9142437912130223,-2.7,-4.8,0.8,-1.4,1.0142857142857145,2.6
2016-12-07,2.0,0.5,4.6,342,-0.3893781415452015,0.9210779895789526,1.0,-0.9,1.7,1.5,1.3571428571428572,1.9714285714285713
2016-12-08,7.4,4.4,11.5,343,-0.37347653741307074,0.9276396261490467,2.0,0.5,4.6,6.6,1.4285714285714286,1.614285714285714
2016-12-09,7.8,5.3,9.6,344,-0.3574644155648614,0.9339267592294762,7.4,4.4,11.5,4.3,1.542857142857143,1.7642857142857142
2016-12-10,9.2,8.3,11.2,345,-0.34134651424503615,0.9399375283564133,7.8,5.3,9.6,0.0,2.042857142857143,2.185714285714286
2016-12-11,7.4,6.7,8.5,346,-0.3251276029999093,0.9456701548465688,9.2,8.3,11.2,-1.2,3.357142857142857,2.7785714285714285
2016-12-12,3.5,-1.5,7.2,347,-0.30881248126625377,0.9511229423235357,7.4,6.7,8.5,-2.7,4.585714285714286,3.0
2016-12-13,1.0,-2.6,4.3,348,-0.29240597695107734,0.9562942772197719,3.5,-1.5,7.2,1.0,5.471428571428572,3.242857142857143
2016-12-14,4.2,0.5,5.7,349,-0.27591294500296043,0.9611826292540837,1.0,-2.6,4.3,2.0,5.471428571428572,3.414285714285714
2016-12-15,2.7,1.6,3.4,350,-0.2593382659754056,0.9657865518844574,4.2,0.5,5.7,7.4,5.785714285714286,3.607142857142857
2016-12-16,1.3,-2.0,3.5,351,-0.2426868445825954,0.9701046827361175,2.7,1.6,3.4,7.8,5.114285714285714,3.3285714285714287
2016-12-17,-0.6,-2.4,1.5,352,-0.22596360824801906,0.974135744004672,1.3,-2.0,3.5,9.2,4.185714285714286,3.1142857142857143
2016-12-18,4.4,1.5,6.2,353,-0.20917350564635637,0.9778785428342386,-0.6,-2.4,1.5,7.4,2.7857142857142856,3.0714285714285716
2016-12-19,4.1,2.3,5.3,354,-0.19232150523909483,0.9813319716704275,4.4,1.5,6.2,3.5,2.357142857142857,3.4714285714285715
2016-12-20,0.0,-1.9,2.3,355,-0.17541259380427843,0.9844950085880858,4.1,2.3,5.3,1.0,2.442857142857143,3.957142857142857
2016-12-21,-0.2,-2.1,2.3,356,-0.15845177496083632,0.9873667175937016,0.0,-1.9,2.3,4.2,2.3000000000000003,3.8857142857142857
2016-12-22,0.9,-2.0,3.0,357,-0.14144406768794202,0.9899462489023779,-0.2,-2.1,2.3,2.7,1.6714285714285715,3.728571428571428
2016-12-23,3.0,0.9,4.8,358,-0.12439450483979998,0.9922328391893008,0.9,-2.0,3.0,1.3,1.4142857142857144,3.264285714285714
2016-12-24,4.7,0.8,6.9,359,-0.10730813165636247,0.9942258118156161,3.0,0.9,4.8,-0.6,1.657142857142857,2.9214285714285717
2016-12-25,7.6,3.9,10.3,360,-0.09019000427034513,0.9959245770286599,4.7,0.8,6.9,4.4,2.4142857142857146,2.6
2016-12-26,8.4,4.4,11.1,361,-0.07304518821104743,0.9973286321364752,7.6,3.9,10.3,4.1,2.871428571428571,2.6142857142857143
2016-12-27,6.3,5.2,8.0,362,-0.05587875690537313,0.9984375616565666,8.4,4.4,11.1,0.0,3.485714285714286,2.9642857142857144
2016-12-28,6.1,5.2,7.1,363,-0.03869579017652689,0.9992510374388481,6.3,5.2,8.0,-0.2,4.385714285714286,3.3428571428571425
2016-12-29,4.1,-0.3,5.6,364,-0.021501372740813793,0.999768818762748,6.1,5.2,7.1,0.9,5.285714285714286,3.478571428571428
2016-12-30,0.3,-2.3,4.0,365,-0.004300592702981974,0.9999907524084426,4.1,-0.3,5.6,3.0,5.742857142857143,3.5785714285714287
2016-12-31,0.8,-2.6,4.2,366,0.012901459949419653,0.9999167727021953,0.3,-2.3,4.0,4.7,5.357142857142857,3.5071428571428567
2017-01-01,2.3,0.4,3.6,1,0.017201575418260506,0.9998520419557735,0.8,-2.6,4.2,7.6,4.8,3.607142857142857
2017-01-02,1.0,-0.4,3.0,2,0.03439806061360801,0.9994082116062598,2.3,0.4,3.6,8.4,4.042857142857143,3.457142857142857
2017-01-03,2.7,0.7,4.2,3,0.051584366869408364,0.9986686402879997,1.0,-0.4,3.0,6.3,2.9857142857142853,3.2357142857142853
2017-01-04,2.5,-0.4,5.0,4,0.06875540848113941,0.9976335468520451,2.7,0.7,4.2,6.1,2.471428571428571,3.4285714285714284
2017-01-05,-2.9,-6.5,-0.4,5,0.08590610426133272,0.9963032375991965,2.5,-0.4,5.0,4.1,1.9571428571428573,3.6214285714285714
2017-01-06,-5.9,-8.3,-2.7,6,0.10303137904317879,0.9946781061893646,-2.9,-6.5,-0.4,0.3,0.9571428571428573,3.3500000000000005
2017-01-07,-5.6,-8.2,-3.0,7,0.1201261651823505,0.9927586335250793,-5.9,-8.3,-2.7,0.8,0.07142857142857142,2.7142857142857144
2017-01-08,-2.4,-3.0,-1.9,8,0.13718540405660057,0.9905453876091833,-5.6,-8.2,-3.0,2.3,-0.8428571428571429,1.9785714285714284
2017-01-09,-1.4,-2.6,-0.3,9,0.1542040475626894,0.988039023376751,-2.4,-3.0,-1.9,1.0,-1.5142857142857142,1.2642857142857142
2017-01-10,-1.9,-6.6,0.9,10,0.17117705961019986,0.985240282501282,-1.4,-2.6,-0.3,2.7,-1.8571428571428572,0.5642857142857143
2017-01-11,-2.9,-7.4,3.6,11,0.18809941761179758,0.9821499931752291,-1.9,-6.6,0.9,2.5,-2.5142857142857147,-0.021428571428571446
2017-01-12,3.5,2.2,5.0,12,0.20496611396949532,0.9787690698649216,-2.9,-7.4,3.6,-2.9,-3.2857142857142856,-0.6642857142857144
2017-01-13,1.7,-0.5,3.1,13,0.22177215755648186,0.975098513039961,3.5,2.2,5.0,-5.9,-2.3714285714285714,-0.7071428571428572
2017-01-14,0.4,-1.8,2.4,14,0.23851257519407648,0.9711394088771653,1.7,-0.5,3.1,-5.6,-1.2857142857142858,-0.6071428571428571
2017-01-15,0.5,-1.0,1.1,15,0.2551824131233728,0.9668929289391521,0.4,-1.8,2.4,-2.4,-0.4285714285714285,-0.6357142857142858
2017-01-16,-1.8,-5.3,-0.8,16,0.2717767384711357,0.9623603298276545,0.5,-1.0,1.1,-1.4,-0.01428571428571425,-0.7642857142857143
2017-01-17,-2.8,-5.8,1.0,17,0.2882906407095177,0.9575429528116719,-1.8,-5.3,-0.8,-1.9,-0.0714285714285714,-0.9642857142857143
2017-01-18,-4.2,-6.2,-3.0,18,0.3047192331091634,0.9524422234305676,-2.8,-5.8,1.0,-2.9,-0.19999999999999996,-1.3571428571428572
2017-01-19,-2.8,-4.4,-1.3,19,0.321057654185271,0.9470596510722283,-4.2,-6.2,-3.0,3.5,-0.38571428571428573,-1.8357142857142856
2017-01-20,0.5,-1.3,1.9,20,0.3373010691361842,0.9413968285264122,-2.8,-4.4,-1.3,1.7,-1.2857142857142858,-1.8285714285714287
2017-01-21,1.9,1.3,2.8,21,0.3534446712740877,0.9354554315134164,0.5,-1.3,1.9,0.4,-1.457142857142857,-1.3714285714285714
2017-01-22,0.0,-3.1,4.5,22,0.3694836834473831,0.9292372181882051,1.9,1.3,2.8,0.5,-1.2428571428571427,-0.8357142857142857
2017-01-23,-2.8,-4.5,-1.5,23,0.38541335945432564,0.9227440286201427,0.0,-3.1,4.5,-1.8,-1.3142857142857143,-0.6642857142857144
2017-01-24,-0.6,-1.5,0.1,24,0.4012289854475009,0.9159777842484877,-2.8,-4.5,-1.5,-2.8,-1.457142857142857,-0.7642857142857142
2017-01-25,0.6,-0.1,1.3,25,0.4169258813287287,0.908940487313808,-0.6,-1.5,0.1,-4.2,-1.1428571428571428,-0.6714285714285714
2017-01-26,0.3,-2.2,2.6,26,0.4324994021339788,0.901634220265486,0.6,-0.1,1.3,-2.8,-0.45714285714285713,-0.42142857142857143
2017-01-27,-1.1,-3.9,3.2,27,0.44794493940789115,0.8940611451454876,0.3,-2.2,2.6,0.5,-0.014285714285714275,-0.65
2017-01-28,-3.0,-5.6,0.3,28,0.4632579225674917,0.88622350294858,-1.1,-3.9,3.2,1.9,-0.24285714285714285,-0.8499999999999999
2017-01-29,0.7,-4.7,6.7,29,0.4784338202547012,0.8781236129591848,-3.0,-5.6,0.3,0.0,-0.9428571428571428,-1.092857142857143
2017-01-30,0.4,-1.4,2.3,30,0.49346814167723735,0.8697638720650646,0.7,-4.7,6.7,-2.8,-0.8428571428571427,-1.0785714285714285
2017-01-31,-0.2,-0.4,0.1,31,0.5083564379375122,0.8611467540480452,0.4,-1.4,2.3,-0.6,-0.3857142857142857,-0.9214285714285715
2017-02-01,-0.6,-3.1,0.5,32,0.5230943033491326,0.8522748088519838,-0.2,-0.4,0.1,0.6,-0.32857142857142857,-0.7357142857142858
2017-02-02,-1.9,-5.3,0.5,33,0.5376773767406141,0.8431506618282,-0.6,-3.1,0.5,0.3,-0.5,-0.4785714285714286
2017-02-03,1.2,-0.8,2.8,34,0.5521013427459208,0.8337770129585915,-1.9,-5.3,0.5,-1.1,-0.8142857142857142,-0.41428571428571426
2017-02-04,2.0,1.0,3.4,35,0.5663619330814524,0.8241566360566663,1.2,-0.8,2.8,-3.0,-0.4857142857142857,-0.36428571428571427
2017-02-05,1.6,0.3,2.5,36,0.580454927809098,0.8142923779467267,2.0,1.0,3.4,0.7,0.2285714285714286,-0.35714285714285715
2017-02-06,-1.0,-2.8,0.3,37,0.5943761565849831,0.804187157621448,1.6,0.3,2.5,0.4,0.35714285714285715,-0.24285714285714288
2017-02-07,-1.2,-2.3,-0.7,38,0.6081214998935418,0.7938439653781019,-1.0,-2.8,0.3,-0.2,0.1571428571428572,-0.1142857142857143
2017-02-08,-3.9,-4.8,-2.2,39,0.6216868902665479,0.7832658619336791,-1.2,-2.3,-0.7,-0.6,0.01428571428571433,-0.15714285714285717
2017-02-09,-4.1,-5.3,-1.6,40,0.6350683134867438,0.7724559775191742,-3.9,-4.8,-2.2,-1.9,-0.45714285714285713,-0.47857142857142854
2017-02-10,-3.1,-5.7,0.7,41,0.6482618097757122,0.7614175109532997,-4.1,-5.3,-1.6,1.2,-0.7714285714285714,-0.7928571428571427
2017-02-11,-2.4,-3.6,-1.1,42,0.6612634749656386,0.7501537286959042,-3.1,-5.7,0.7,2.0,-1.3857142857142857,-0.9357142857142857
2017-02-12,-2.1,-4.9,-0.8,43,0.6740694616546161,0.7386679638813748,-2.4,-3.6,-1.1,1.6,-2.0142857142857142,-0.8928571428571429
2017-02-13,-3.2,-7.0,2.6,44,0.6866759803451553,0.726963615332308,-2.1,-4.9,-0.8,-1.0,-2.542857142857143,-1.0928571428571427
2017-02-14,-2.3,-8.5,5.7,45,0.6990793005655562,0.7150441465537444,-3.2,-7.0,2.6,-1.2,-2.857142857142857,-1.3499999999999999
2017-02-15,3.3,-2.7,11.3,46,0.7112757519738152,0.7029130847082615,-2.3,-8.5,5.7,-3.9,-3.0142857142857147,-1.5
2017-02-16,5.8,-1.4,13.3,47,0.7232617254437388,0.6905740195722293,3.3,-2.7,11.3,-4.1,-1.985714285714286,-1.2214285714285713
2017-02-17,5.4,3.8,6.8,48,0.7350336741329413,0.6780306024735382,5.8,-1.4,13.3,-3.1,-0.5714285714285714,-0.6714285714285715
2017-02-18,4.2,3.4,5.1,49,0.746588114532413,0.6652865452111116,5.4,3.8,6.8,-2.4,0.6428571428571429,-0.3714285714285714
2017-02-19,4.4,1.0,7.8,50,0.7579216274973472,0.6523456189565257,4.2,3.4,5.1,-2.1,1.5857142857142859,-0.21428571428571422
2017-02-20,7.1,5.0,10.1,51,0.7690308592589181,0.6392116531380588,4.4,1.0,7.8,-3.2,2.5142857142857147,-0.014285714285714235
2017-02-21,7.9,4.4,10.0,52,0.7799125224167177,0.6258885343075018,7.1,5.0,10.1,-2.3,3.9857142857142853,0.5642857142857143
2017-02-22,7.5,3.9,10.8,53,0.7905633969115482,0.612380204990065,7.9,4.4,10.0,3.3,5.442857142857143,1.2142857142857142
2017-02-23,7.2,5.1,9.0,54,0.8009803309782905,0.5986906625177214,7.5,3.9,10.8,5.8,6.042857142857144,2.0285714285714285
2017-02-24,3.7,1.3,7.7,55,0.8111602420785621,0.5848239578463322,7.2,5.1,9.0,5.4,6.242857142857143,2.835714285714286
2017-02-25,3.9,0.3,7.0,56,0.8211001178128892,0.5707841943569036,3.7,1.3,7.7,4.2,6.0,3.3214285714285716
2017-02-26,8.3,5.6,10.7,57,0.8307970168121247,0.5565755266413303,3.9,0.3,7.0,4.4,5.957142857142856,3.7714285714285714
2017-02-27,10.0,7.1,12.9,58,0.8402480696078469,0.5422021592729844,8.3,5.6,10.7,7.1,6.514285714285714,4.514285714285714
2017-02-28,8.9,5.0,11.6,59,0.8494504794814806,0.527668345562516,10.0,7.1,12.9,7.9,6.928571428571429,5.457142857142857
2017-03-01,4.6,2.4,7.6,60,0.8584015232918917,0.512978386299228,8.9,5.0,11.6,7.5,7.071428571428571,6.257142857142858
2017-03-02,5.5,2.8,7.4,61,0.8670985522812081,0.4981366284784055,4.6,2.4,7.6,7.2,6.6571428571428575,6.3500000000000005
2017-03-03,7.2,2.4,12.0,62,0.8755389928586302,0.4831474640149687,5.5,2.8,7.4,3.7,6.4142857142857155,6.328571428571428
2017-03-04,10.1,3.9,17.1,63,0.8837203473619977,0.4680153284438345,7.2,2.4,12.0,3.9,6.914285714285714,6.457142857142857
2017-03-05,9.5,6.7,11.9,64,0.8916401947968874,0.45274469960737107,10.1,3.9,17.1,8.3,7.8,6.878571428571428
2017-03-06,6.0,3.0,8.6,65,0.8992961915530253,0.4373400963303323,9.5,6.7,11.9,10.0,7.971428571428571,7.242857142857142
2017-03-07,3.1,1.9,4.5,66,0.9066860720977985,0.4218060770826634,6.0,3.0,8.6,8.9,7.3999999999999995,7.164285714285714
2017-03-08,6.2,3.0,10.1,67,0.9138076496466615,0.4061472386305789,3.1,1.9,4.5,4.6,6.571428571428571,6.821428571428571
2017-03-09,7.4,5.2,10.8,68,0.9206588168102428,0.3903682146763026,6.2,3.0,10.1,5.5,6.799999999999999,6.728571428571428
2017-03-10,6.7,5.2,9.1,69,0.9272375462179537,0.374473674486883,7.4,5.2,10.8,7.2,7.071428571428571,6.742857142857143
2017-03-11,5.2,1.2,9.7,70,0.9335418911179212,0.35846832151248087,6.7,5.2,9.1,10.1,7.0,6.957142857142857
2017-03-12,1.6,-1.4,6.0,71,0.9395699859530622,0.342356891994542,5.2,1.2,9.7,9.5,6.3,7.05
2017-03-13,4.3,-2.0,9.6,72,0.945320046913132,0.3261441535642696,1.6,-1.4,6.0,6.0,5.171428571428572,6.571428571428571
2017-03-14,6.7,1.1,11.3,73,0.9507903724625832,0.3098349038318025,4.3,-2.0,9.6,3.1,4.928571428571429,6.164285714285714
2017-03-15,10.3,5.6,13.3,74,0.9559793438440766,0.2934339689665273,6.7,1.1,11.3,6.2,5.442857142857143,6.007142857142857
2017-03-16,8.4,4.1,12.8,75,0.9608854255574977,0.27694620226893646,10.3,5.6,13.3,7.4,6.028571428571429,6.4142857142857155
2017-03-17,7.9,4.4,11.3,76,0.9655071658143364,0.2603764827344581,8.4,4.1,12.8,6.7,6.171428571428572,6.621428571428572
2017-03-18,6.2,2.9,11.7,77,0.969843196967294,0.24372971360968387,7.9,4.4,11.3,5.2,6.342857142857143,6.671428571428572
2017-03-19,4.5,0.9,10.1,78,0.9738922359149924,0.22701082094141847,6.2,2.9,11.7,1.6,6.485714285714286,6.392857142857144
2017-03-20,11.4,9.7,13.6,79,0.9776530844816641,0.2102247521189836,4.5,0.9,10.1,4.3,6.9,6.0357142857142865
2017-03-21,10.1,5.8,12.4,80,0.981124629771712,0.19337647441020586,11.4,9.7,13.6,6.7,7.9142857142857155,6.421428571428572
2017-03-22,7.5,2.7,11.4,81,0.984305844499033,0.17647097349152166,10.1,5.8,12.4,10.3,8.4,6.921428571428572
2017-03-23,6.6,5.7,7.6,82,0.9871957872910085,0.15951325197263655,7.5,2.7,11.4,8.4,8.0,7.014285714285715
2017-03-24,7.7,1.1,13.7,83,0.9897936029670716,0.14250832791617088,6.6,5.7,7.6,7.9,7.742857142857143,6.957142857142857
2017-03-25,7.4,2.4,12.4,84,0.992098522791769,0.12546123335273648,7.7,1.1,13.7,6.2,7.714285714285714,7.028571428571429
2017-03-26,8.1,1.5,14.1,85,0.9941098647022418,0.10837701279187609,7.4,2.4,12.4,4.5,7.885714285714286,7.185714285714285
2017-03-27,11.1,2.7,18.5,86,0.9958270335100595,0.09126072172931188,8.1,1.5,14.1,11.4,8.4,7.65
2017-03-28,13.8,4.5,21.7,87,0.9972495210773451,0.07411742515094437,11.1,2.7,18.5,10.1,8.357142857142856,8.135714285714286
2017-03-29,11.7,9.0,14.6,88,0.998376906467142,0.056952196034039754,13.8,4.5,21.7,7.5,8.885714285714286,8.642857142857142
2017-03-30,13.4,9.9,17.9,89,0.9992088560679753,0.03977011384605572,11.7,9.0,14.6,6.6,9.485714285714286,8.742857142857142
2017-03-31,16.5,9.7,22.4,90,0.9997451236925734,0.022576263041545485,13.4,9.9,17.9,7.7,10.457142857142857,9.1
2017-04-01,16.5,9.3,23.9,91,0.9999855506507186,0.005375731557583884,16.5,9.7,22.4,7.4,11.714285714285714,9.714285714285714
2017-04-02,13.6,9.4,18.4,92,0.9999300657962057,-0.011826390691832589,16.5,9.3,23.9,8.1,13.014285714285716,10.450000000000001
2017-04-03,9.2,6.1,11.0,93,0.9995786855478958,-0.029025013321975237,13.6,9.4,18.4,11.1,13.799999999999999,11.1
2017-04-04,9.4,7.6,12.1,94,0.9989315138848577,-0.046215046983708354,9.2,6.1,11.0,13.8,13.528571428571428,10.942857142857141
2017-04-05,10.3,6.4,14.2,95,0.9979887423155984,-0.06339140486951038,9.4,7.6,12.1,11.7,12.900000000000002,10.892857142857142
2017-04-06,8.9,5.1,13.4,96,0.9967506498213929,-0.08054900421874167,10.3,6.4,14.2,13.4,12.700000000000001,11.092857142857143
2017-04-07,9.1,6.4,11.8,97,0.9952176027737294,-0.09768276782171598,8.9,5.1,13.4,16.5,12.057142857142855,11.257142857142856
2017-04-08,11.0,7.9,15.2,98,0.9933900548258936,-0.11478762552212701,9.1,6.4,11.8,16.5,11.0,11.357142857142858
2017-04-09,13.5,8.4,19.2,99,0.9912685467787256,-0.13185851571739118,11.0,7.9,15.2,13.6,10.214285714285714,11.614285714285714
2017-04-10,12.0,6.7,21.2,100,0.9888537064205885,-0.1488903868564548,13.5,8.4,19.2,9.2,10.200000000000001,12.0
2017-04-11,7.6,4.8,10.8,101,0.986146248341595,-0.16587819893463143,12.0,6.7,21.2,9.4,10.6,12.064285714285715
2017-04-12,9.2,6.8,13.3,102,0.9831469737221499,-0.1828169249850199,7.6,4.8,10.8,10.3,10.342857142857143,11.62142857142857
2017-04-13,9.0,6.3,13.1,103,0.9798567700958665,-0.1997015525660636,9.2,6.8,13.3,8.9,10.185714285714285,11.442857142857141
2017-04-14,9.0,4.5,14.0,104,0.9762766110869321,-0.21652708524481437,9.0,6.3,13.1,9.1,10.2,11.128571428571428
2017-04-15,8.4,5.3,11.1,105,0.9724075561219968,-0.23328854407545518,9.0,4.5,14.0,11.0,10.185714285714285,10.592857142857142
2017-04-16,6.0,3.8,9.0,106,0.9682507501166718,-0.2499809690726521,8.4,5.3,11.1,13.5,9.814285714285715,10.014285714285714
2017-04-17,5.8,2.5,9.8,107,0.9638074231367307,-0.26659942067929354,6.0,3.8,9.0,12.0,8.742857142857144,9.471428571428572
2017-04-18,4.6,2.4,8.9,108,0.9590788900341131,-0.28313898122818354,5.8,2.5,9.8,7.6,7.857142857142857,9.228571428571428
2017-04-19,2.9,-1.0,6.5,109,0.9540665500578387,-0.2995947563972602,4.6,2.4,8.9,9.2,7.428571428571429,8.885714285714284
2017-04-20,4.5,-3.1,9.0,110,0.9487718864399473,-0.31596187665790293,2.9,-1.0,6.5,9.0,6.528571428571428,8.357142857142858
2017-04-21,10.0,4.7,14.9,111,0.9431964659565866,-0.33223549871590435,4.5,-3.1,9.0,9.0,5.885714285714285,8.042857142857143
2017-04-22,6.9,4.3,11.2,112,0.9373419384643772,-0.3484108069446808,10.0,4.7,14.9,8.4,6.028571428571428,8.107142857142858
2017-04-23,5.9,3.4,9.7,113,0.9312100364121947,-0.3644830148102912,6.9,4.3,11.2,6.0,5.814285714285715,7.814285714285714
2017-04-24,8.9,1.3,14.7,114,0.9248025743285089,-0.38044736628785164,5.9,3.4,9.7,5.8,5.8,7.271428571428571
2017-04-25,8.2,3.6,12.2,115,0.9181214482844364,-0.39629913726891813,8.9,1.3,14.7,4.6,6.242857142857143,7.049999999999999
2017-04-26,6.9,1.7,11.8,116,0.9111686353326631,-0.41203363695942635,8.2,3.6,12.2,2.9,6.757142857142857,7.0928571428571425
2017-04-27,7.6,0.9,13.2,117,0.9039461929224011,-0.42764620926777464,6.9,1.7,11.8,4.5,7.328571428571429,6.928571428571429
2017-04-28,8.6,1.9,12.2,118,0.8964562582905575,-0.44313223418263453,7.6,0.9,13.2,10.0,7.771428571428572,6.828571428571428
2017-04-29,7.4,1.8,12.3,119,0.8887010478292915,-0.45848712914008766,8.6,1.9,12.2,6.9,7.571428571428571,6.8
2017-04-30,8.0,0.1,14.1,120,0.8806828564301475,-0.47370635037968,7.4,1.8,12.3,5.9,7.642857142857143,6.728571428571429
2017-05-01,11.1,4.4,16.6,121,0.8724040568049612,-0.48878539428899265,8.0,0.1,14.1,8.9,7.942857142857142,6.871428571428571
2017-05-02,9.9,8.5,11.1,122,0.8638670987837349,-0.503719798736334,11.1,4.4,16.6,8.2,8.257142857142856,7.25
2017-05-03,11.7,8.0,16.2,123,0.8550745085896932,-0.518505144391157,9.9,8.5,11.1,6.9,8.5,7.628571428571428
2017-05-04,8.9,7.4,11.2,124,0.8460288880917339,-0.533137056031809,11.7,8.0,16.2,7.6,9.185714285714285,8.257142857142856
2017-05-05,10.9,8.6,13.6,125,0.8367329140344921,-0.5476112038402312,8.9,7.4,11.2,8.6,9.371428571428572,8.571428571428571
2017-05-06,12.5,8.9,16.8,126,0.8271893372462497,-0.5619233046832195,10.9,8.6,13.6,7.4,9.700000000000001,8.635714285714284
2017-05-07,12.6,9.1,19.0,127,0.8174009818249189,-0.5760691233798758,12.5,8.9,16.8,8.0,10.428571428571429,9.035714285714286
2017-05-08,8.0,1.4,10.4,128,0.8073707443023492,-0.5900444739548627,12.6,9.1,19.0,11.1,11.085714285714285,9.514285714285714
2017-05-09,6.1,0.9,10.2,129,0.7971015927871943,-0.6038452208771035,8.0,1.4,10.4,9.9,10.642857142857142,9.45
2017-05-10,8.5,5.2,12.6,130,0.7865965660866021,-0.6174672802835514,6.1,0.9,10.2,11.7,10.099999999999998,9.299999999999999
2017-05-11,12.3,3.4,19.6,131,0.7758587728069828,-0.6309066211876704,8.5,5.2,12.6,8.9,9.642857142857142,9.414285714285715
2017-05-12,15.4,7.7,23.8,132,0.7648913904341225,-0.6441592666722685,12.3,3.4,19.6,10.9,10.12857142857143,9.75
2017-05-13,15.3,11.5,19.7,133,0.753697664392914,-0.6572212950663319,15.4,7.7,23.8,12.5,10.77142857142857,10.235714285714284
2017-05-14,15.9,9.3,22.6,134,0.742280907086982,-0.6700888411055113,15.3,11.5,19.7,12.6,11.171428571428573,10.799999999999999
2017-05-15,16.1,11.2,21.3,135,0.7306444969184916,-0.6827580970759147,15.9,9.3,22.6,8.0,11.642857142857142,11.364285714285714
2017-05-16,15.7,9.5,19.2,136,0.7187918772884232,-0.6952253139408722,16.1,11.2,21.3,6.1,12.8,11.721428571428572
2017-05-17,20.6,14.6,25.9,137,0.7067265555776158,-0.7074868024503348,15.7,9.5,19.2,8.5,14.171428571428569,12.135714285714284
2017-05-18,22.2,14.6,28.3,138,0.6944521021088763,-0.719538934232584,20.6,14.6,25.9,12.3,15.9,12.771428571428572
2017-05-19,23.2,15.1,30.1,139,0.6819721490904629,-0.7313781428679254,22.2,14.6,28.3,15.4,17.314285714285713,13.721428571428572
2017-05-20,16.0,12.2,19.8,140,0.6692903895412567,-0.7430009249440493,23.2,15.1,30.1,15.3,18.428571428571427,14.599999999999998
2017-05-21,16.4,10.6,22.1,141,0.6564105761979381,-0.7544038410927472,16.0,12.2,19.8,15.9,18.52857142857143,14.849999999999998
2017-05-22,16.7,9.6,22.8,142,0.6433365204044917,-0.765583517007675,16.4,10.6,22.1,16.1,18.599999999999998,15.12142857142857
2017-05-23,18.4,10.3,26.0,143,0.6300720909843687,-0.7765366444428655,16.7,9.6,22.8,15.7,18.685714285714283,15.742857142857144
2017-05-24,13.3,10.8,16.3,144,0.6166212130956382,-0.7872599821916922,18.4,10.3,26.0,20.6,19.071428571428573,16.62142857142857
2017-05-25,14.5,9.7,19.4,145,0.6029878670694714,-0.7977503570459932,13.3,10.8,16.3,22.2,18.02857142857143,16.964285714285715
2017-05-26,17.4,11.9,24.3,146,0.5891760872322963,-0.8080046647350754,14.5,9.7,19.4,23.2,16.928571428571427,17.12142857142857
2017-05-27,20.6,12.4,27.1,147,0.5751899607119775,-0.8180198708443174,17.4,11.9,24.3,16.0,16.1,17.264285714285716
2017-05-28,24.1,14.2,31.8,148,0.5610336262283677,-0.8277930117131022,20.6,12.4,27.1,16.4,16.757142857142856,17.642857142857142
2017-05-29,24.7,18.5,30.8,149,0.5467112728685939,-0.8373211953118121,24.1,14.2,31.8,16.7,17.857142857142858,18.228571428571428
2017-05-30,22.7,18.2,31.1,150,0.5322271388474397,-0.8466016020976267,24.7,18.5,30.8,18.4,19.0,18.842857142857145
2017-05-31,19.3,12.0,24.7,151,0.5175855102531889,-0.8556314858488706,22.7,18.2,31.1,13.3,19.614285714285717,19.342857142857145
2017-06-01,16.3,9.5,22.8,152,0.5027907197793043,-0.8644081744776648,19.3,12.0,24.7,14.5,20.471428571428568,19.25
2017-06-02,18.9,9.7,25.9,153,0.4878471454423119,-0.8729290708206411,16.3,9.5,22.8,17.4,20.728571428571428,18.82857142857143
2017-06-03,17.9,11.7,22.2,154,0.47275920928627757,-0.881191653407483,18.9,9.7,25.9,20.6,20.942857142857143,18.521428571428572
2017-06-04,17.0,12.6,19.0,155,0.4575313760742512,-0.8891934772070711,17.9,11.7,22.2,24.1,20.557142857142857,18.657142857142855
2017-06-05,16.8,12.3,22.8,156,0.44216815196707204,-0.8969321743510065,17.0,12.6,19.0,24.7,19.542857142857144,18.7
2017-06-06,17.9,13.6,26.1,157,0.42667408318992467,-0.9044054548343001,16.8,12.3,22.8,22.7,18.414285714285715,18.707142857142856
2017-06-07,14.9,11.6,19.2,158,0.4110537546870351,-0.9116111071930239,17.9,13.6,26.1,19.3,17.72857142857143,18.671428571428574
2017-06-08,16.9,12.2,21.0,159,0.3953117887649151,-0.9185469991587165,14.9,11.6,19.2,16.3,17.099999999999998,18.785714285714285
2017-06-09,20.7,14.4,29.1,160,0.37945284372454435,-0.925211078289358,16.9,12.2,21.0,18.9,17.185714285714287,18.957142857142856
2017-06-10,19.1,14.1,24.4,161,0.36348161248290634,-0.9316013725767187,20.7,14.4,29.1,17.9,17.442857142857143,19.192857142857143
2017-06-11,23.0,15.0,29.4,162,0.3474028211842774,-0.9377159910299093,19.1,14.1,24.4,17.0,17.614285714285714,19.085714285714285
2017-06-12,20.5,16.2,23.4,163,0.3312212278016865,-0.9435531242349544,23.0,15.0,29.4,16.8,18.47142857142857,19.00714285714286
2017-06-13,17.1,13.5,20.7,164,0.31494162072895193,-0.9491110448902284,20.5,16.2,23.4,17.9,19.0,18.707142857142856
2017-06-14,17.3,11.5,22.9,165,0.2985688173637202,-0.9543881083175908,17.1,13.5,20.7,14.9,18.885714285714283,18.307142857142857
2017-06-15,21.4,11.5,27.9,166,0.2821076626819194,-0.9593827529490743,17.3,11.5,22.9,16.9,19.22857142857143,18.164285714285715
2017-06-16,17.4,13.5,22.7,167,0.26556302780405594,-0.9640935007889755,21.4,11.5,27.9,20.7,19.87142857142857,18.52857142857143
2017-06-17,17.2,12.7,22.7,168,0.24893980855376657,-0.9685189578512204,17.4,13.5,22.7,19.1,19.400000000000002,18.42142857142857
2017-06-18,20.5,12.3,27.0,169,0.23224292400907015,-0.9726578145718654,17.2,12.7,22.7,23.0,19.12857142857143,18.37142857142857
2017-06-19,24.9,15.3,31.4,170,0.21547731504673012,-0.976508846196619,20.5,12.3,27.0,20.5,18.771428571428572,18.62142857142857
2017-06-20,24.0,16.5,30.3,171,0.19864794288017112,-0.9800709131432666,24.9,15.3,31.4,17.1,19.400000000000002,19.2
2017-06-21,19.4,12.6,25.4,172,0.18175978759137534,-0.9833429613388902,24.0,16.5,30.3,17.3,20.385714285714283,19.635714285714283
2017-06-22,20.1,13.7,28.6,173,0.16481784665719793,-0.9863240225317866,19.4,12.6,25.4,21.4,20.685714285714283,19.95714285714286
2017-06-23,20.2,16.7,23.6,174,0.14782713347053048,-0.9890132145779883,20.1,13.7,28.6,17.4,20.5,20.185714285714283
2017-06-24,20.0,17.5,23.2,175,0.13079267585675922,-0.9914097417023038,20.2,16.7,23.6,17.2,20.900000000000002,20.150000000000002
2017-06-25,18.3,15.6,23.5,176,0.11371951458594969,-0.9935128947338007,20.0,17.5,23.2,20.5,21.300000000000004,20.214285714285715
2017-06-26,17.2,13.1,21.8,177,0.0966127018812031,-0.9953220513156602,18.3,15.6,23.5,24.9,20.985714285714288,19.878571428571426
2017-06-27,17.7,11.2,22.9,178,0.07947729992362097,-0.9968366760893436,17.2,13.1,21.8,24.0,19.885714285714283,19.642857142857142
2017-06-28,20.2,13.8,27.1,179,0.062318379354325076,-0.998056320853012,17.7,11.2,22.9,19.4,18.985714285714288,19.685714285714287
2017-06-29,18.6,16.2,21.4,180,0.04514101777397193,-0.9989806246941579,20.2,13.8,27.1,20.1,19.099999999999998,19.892857142857142
2017-06-30,16.2,14.4,20.1,181,0.02795029824021032,-0.999609314096404,18.6,16.2,21.4,20.2,18.885714285714283,19.692857142857147
2017-07-01,15.9,14.3,18.8,182,0.01075130776352193,-0.9999422030204416,16.2,14.4,20.1,20.0,18.314285714285713,19.607142857142858
2017-07-02,16.1,12.8,19.5,183,-0.00645086419810515,-0.9999791929590823,15.9,14.3,18.8,18.3,17.728571428571428,19.514285714285712
2017-07-03,17.8,11.2,23.0,184,-0.023651127245231586,-0.9997202729664083,16.1,12.8,19.5,17.2,17.414285714285715,19.2
2017-07-04,17.5,14.5,21.4,185,-0.04084439154329611,-0.9991655196610109,17.8,11.2,23.0,17.7,17.5,18.692857142857143
2017-07-05,16.7,13.5,21.3,186,-0.05802556932878035,-0.9983150972033183,17.5,14.5,21.4,20.2,17.47142857142857,18.228571428571428
2017-07-06,19.8,12.8,25.4,187,-0.07518957641475855,-0.9971692572470178,16.7,13.5,21.3,18.6,16.97142857142857,18.035714285714285
2017-07-07,20.0,16.5,28.3,188,-0.09233133369539122,-0.9957283388645872,19.8,12.8,25.4,16.2,17.142857142857142,18.014285714285712
2017-07-08,20.1,17.0,25.6,189,-0.10944576864891556,-0.993992768446958,20.0,16.5,28.3,15.9,17.685714285714287,18.0
2017-07-09,19.6,14.7,24.6,190,-0.12652781683868314,-0.9919630595773397,20.1,17.0,25.6,16.1,18.285714285714285,18.00714285714286
2017-07-10,19.0,15.6,21.9,191,-0.1435724234118113,-0.9896398128792412,19.6,14.7,24.6,17.8,18.785714285714285,18.1
2017-07-11,19.4,14.2,24.7,192,-0.16057454459499376,-0.9870237158387383,19.0,15.6,21.9,17.5,18.95714285714286,18.22857142857143
2017-07-12,17.6,13.0,22.1,193,-0.17752914918703497,-0.984115542601034,19.4,14.2,24.7,16.7,19.228571428571428,18.349999999999998
2017-07-13,15.5,11.6,19.3,194,-0.19443122004766195,-0.9809161537413774,17.6,13.0,22.1,19.8,19.357142857142858,18.164285714285715
2017-07-14,17.3,11.7,22.3,195,-0.2112757555821793,-0.9774264960104055,15.5,11.6,19.3,20.0,18.742857142857144,17.942857142857143
2017-07-15,17.6,13.5,22.5,196,-0.2280577712215198,-0.9736476020539838,17.3,11.7,22.3,20.1,18.357142857142858,18.021428571428572
2017-07-16,18.3,13.0,22.5,197,-0.24477230089725957,-0.9695805901076308,17.6,13.5,22.5,19.6,18.0,18.142857142857146
2017-07-17,18.8,14.4,23.1,198,-0.2614143985111562,-0.965226663665613,18.3,13.0,22.5,19.0,17.814285714285713,18.3
2017-07-18,19.1,12.5,25.3,199,-0.2779791393987801,-0.9605871111248129,18.8,14.4,23.1,19.4,17.785714285714285,18.371428571428574
2017-07-19,22.2,14.3,28.2,200,-0.2944616217868012,-0.9556633054034704,19.1,12.5,25.3,17.6,17.742857142857144,18.485714285714288
2017-07-20,23.4,19.3,29.1,201,-0.3108569682435036,-0.9504567035349151,22.2,14.3,28.2,15.5,18.400000000000002,18.87857142857143
2017-07-21,22.0,18.4,26.4,202,-0.3271603271220951,-0.9449688462364056,23.4,19.3,29.1,17.3,19.528571428571432,19.13571428571429
2017-07-22,20.5,17.1,27.4,203,-0.34336687399638804,-0.939201357453208,22.0,18.4,26.4,17.6,20.2,19.278571428571432
2017-07-23,20.2,17.0,24.7,204,-0.3594718130884232,-0.9331559438780432,20.5,17.1,27.4,18.3,20.614285714285717,19.307142857142857
2017-07-24,19.9,16.4,23.7,205,-0.3754703786876202,-0.9268343944460494,20.2,17.0,24.7,18.8,20.885714285714283,19.349999999999998
2017-07-25,16.4,14.7,17.8,206,-0.3913578365610259,-0.9202385798054075,19.9,16.4,23.7,19.1,21.04285714285714,19.414285714285715
2017-07-26,16.3,15.4,17.2,207,-0.4071294853542516,-0.9133704517637858,16.4,14.7,17.8,22.2,20.657142857142855,19.2
2017-07-27,18.6,15.0,23.1,208,-0.4227806579826773,-0.9062320427107697,16.3,15.4,17.2,23.4,19.814285714285713,19.107142857142858
2017-07-28,19.0,15.3,23.7,209,-0.4383067230125192,-0.898825465016444,18.6,15.0,23.1,22.0,19.12857142857143,19.32857142857143
2017-07-29,21.2,15.8,26.4,210,-0.45370308603134424,-0.8911529104063088,19.0,15.3,23.7,20.5,18.7,19.45
2017-07-30,25.6,18.2,32.6,211,-0.46896519100763184,-0.8832166493127127,21.2,15.8,26.4,20.2,18.8,19.707142857142856
2017-07-31,24.6,19.9,29.4,212,-0.48408852163897587,-0.8750190302029955,25.6,18.2,32.6,19.9,19.571428571428573,20.228571428571428
2017-08-01,24.2,18.8,30.2,213,-0.4990686026885319,-0.8665624788845385,24.6,19.9,29.4,16.4,20.24285714285714,20.642857142857142
2017-08-02,22.8,19.4,27.0,214,-0.5139010013093103,-0.8578494977869301,24.2,18.8,30.2,16.3,21.357142857142858,21.00714285714286
2017-08-03,22.7,18.9,28.1,215,-0.5285813283559292,-0.8488826652214553,22.8,19.4,27.0,18.6,22.285714285714285,21.050000000000004
2017-08-04,21.8,18.5,26.3,216,-0.5431052396834317,-0.8396646346181327,22.7,18.9,28.1,19.0,22.87142857142857,21.0
2017-08-05,18.8,16.2,23.4,217,-0.5574684374327892,-0.8301981337405212,21.8,18.5,26.3,21.2,23.271428571428572,20.985714285714284
2017-08-06,18.0,13.5,22.3,218,-0.5716666713027052,-0.8204859638785327,18.8,16.2,23.4,25.6,22.928571428571427,20.86428571428571
2017-08-07,18.8,11.5,24.5,219,-0.5856957398073508,-0.8105309990194823,18.0,13.5,22.3,24.6,21.842857142857138,20.707142857142856
2017-08-08,21.0,14.0,26.2,220,-0.5995514915196489,-0.8003361849976323,18.8,11.5,24.5,24.2,21.014285714285712,20.62857142857143
2017-08-09,22.6,19.0,27.3,221,-0.6132298262997502,-0.7899045386224707,21.0,14.0,26.2,22.8,20.557142857142857,20.957142857142856
2017-08-10,20.9,16.0,25.4,222,-0.6267266965083301,-0.7792391467859886,22.6,19.0,27.3,22.7,20.52857142857143,21.407142857142862
2017-08-11,17.3,14.1,20.5,223,-0.6400381082043503,-0.7683431655492202,20.9,16.0,25.4,21.8,20.271428571428572,21.571428571428573
2017-08-12,15.7,13.5,19.0,224,-0.65316012232693,-0.7572198192083127,17.3,14.1,20.5,18.8,19.62857142857143,21.45
2017-08-13,18.0,14.4,22.6,225,-0.666088855860977,-0.7458723993404063,15.7,13.5,19.0,18.0,19.185714285714287,21.057142857142857
2017-08-14,19.1,13.9,24.0,226,-0.6788204829862355,-0.734304263829602,18.0,14.4,22.6,18.8,19.185714285714287,20.514285714285712
2017-08-15,21.8,14.8,27.9,227,-0.6913512362094071,-0.722518835873311,19.1,13.9,24.0,21.0,19.228571428571428,20.121428571428574
2017-08-16,20.0,16.0,23.3,228,-0.7036774074790128,-0.7105196029692745,21.8,14.8,27.9,22.6,19.342857142857145,19.95
2017-08-17,21.0,13.7,25.8,229,-0.7157953492826642,-0.6983101158835584,20.0,16.0,23.3,20.9,18.97142857142857,19.75
2017-08-18,21.8,16.9,26.5,230,-0.7277014757264236,-0.6858939875998223,21.0,13.7,25.8,17.3,18.985714285714288,19.62857142857143
2017-08-19,17.7,15.2,21.5,231,-0.7393922635959241,-0.673274892250183,21.8,16.9,26.5,15.7,19.62857142857143,19.62857142857143
2017-08-20,16.5,12.1,21.5,232,-0.7508642533989489,-0.6604565640279754,17.7,15.2,21.5,18.0,19.914285714285715,19.55
2017-08-21,15.8,13.2,19.6,233,-0.7621140503891487,-0.6474427960827475,16.5,12.1,21.5,19.1,19.7,19.442857142857143
2017-08-22,14.8,10.8,18.2,234,-0.7731383255706026,-0.6342374393978054,15.8,13.2,19.6,21.8,19.22857142857143,19.228571428571428
2017-08-23,15.8,9.5,22.2,235,-0.7839338166829201,-0.620844401650647,14.8,10.8,18.2,20.0,18.228571428571428,18.785714285714285
2017-08-24,17.4,10.3,22.8,236,-0.7944973291665992,-0.6072676460566135,15.8,9.5,22.2,21.0,17.62857142857143,18.3
2017-08-25,18.7,14.2,23.4,237,-0.8048257371083452,-0.593511190196115,17.4,10.3,22.8,21.8,17.114285714285714,18.05
2017-08-26,18.7,11.9,23.6,238,-0.8149159841660791,-0.5795791048257612,18.7,14.2,23.4,17.7,16.67142857142857,18.15
2017-08-27,19.6,15.7,23.2,239,-0.8247650844733614,-0.5654755126737576,18.7,11.9,23.6,16.5,16.814285714285713,18.364285714285717
2017-08-28,18.3,13.6,24.2,240,-0.8343701235229538,-0.5512045872199277,19.6,15.7,23.2,15.8,17.257142857142856,18.478571428571428
2017-08-29,20.6,13.0,27.1,241,-0.8437282590292712,-0.5367705514607103,18.3,13.6,24.2,14.8,17.614285714285714,18.42142857142857
2017-08-30,22.9,14.9,29.9,242,-0.8528367217694595,-0.522177676659508,20.6,13.0,27.1,15.8,18.442857142857143,18.335714285714285
2017-08-31,21.2,15.1,27.3,243,-0.8616928164028522,-0.5074302810827518,22.9,14.9,29.9,17.4,19.457142857142856,18.542857142857144
2017-09-01,15.3,12.4,18.1,244,-0.8702939222685674,-0.49253272872205434,21.2,15.1,27.3,18.7,20.0,18.557142857142857
2017-09-02,14.8,10.3,19.6,245,-0.8786374941610001,-0.4774894280028391,15.3,12.4,18.1,18.7,19.514285714285712,18.09285714285714
2017-09-03,13.9,9.0,19.6,246,-0.886721063082993,-0.46230483047981086,14.8,10.3,19.6,19.6,18.95714285714286,17.885714285714286
2017-09-04,15.1,8.5,21.7,247,-0.8945422369764496,-0.4469834295196741,13.9,9.0,19.6,18.3,18.142857142857142,17.7
2017-09-05,16.8,9.9,23.3,248,-0.9020987014301837,-0.43152975897147144,15.1,8.5,21.7,20.6,17.685714285714287,17.65
2017-09-06,16.4,13.3,22.8,249,-0.9093882203647925,-0.4159483918249421,16.8,9.9,23.3,22.9,17.142857142857142,17.792857142857144
2017-09-07,14.5,11.9,16.8,250,-0.9164086366943458,-0.4002439388573056,16.4,13.3,22.8,21.2,16.214285714285715,17.835714285714285
2017-09-08,14.9,11.7,18.1,251,-0.9231578729647039,-0.38442104726885545,14.5,11.9,16.8,15.3,15.257142857142856,17.628571428571426
2017-09-09,16.2,14.8,17.8,252,-0.9296339319682695,-0.3684843993077793,14.9,11.7,18.1,14.8,15.200000000000001,17.357142857142858
2017-09-10,16.4,12.3,20.9,253,-0.9358348973349941,-0.35243871088460327,16.2,14.8,17.8,13.9,15.399999999999997,17.178571428571427
2017-09-11,15.5,11.2,20.5,254,-0.9417589340994617,-0.33628873017668287,16.4,12.3,20.9,15.1,15.757142857142856,16.95
2017-09-12,14.4,10.5,19.1,255,-0.9474042892438845,-0.32003923622313857,15.5,11.2,20.5,16.8,15.814285714285713,16.75
2017-09-13,14.2,9.7,20.6,256,-0.9527692922168511,-0.30369503751065885,14.4,10.5,19.1,16.4,15.471428571428572,16.307142857142857
2017-09-14,13.1,10.4,15.5,257,-0.9578523554276669,-0.28726097055059635,14.2,9.7,20.6,14.5,15.157142857142857,15.685714285714285
2017-09-15,13.3,10.0,17.7,258,-0.9626519747161487,-0.2707418984477642,13.1,10.4,15.5,14.9,14.957142857142857,15.107142857142858
2017-09-16,12.6,6.5,17.6,259,-0.9671667297977312,-0.2541427094613622,13.3,10.0,17.7,16.2,14.728571428571428,14.964285714285714
2017-09-17,12.1,5.1,19.1,260,-0.97139528468375,-0.23746831555846842,12.6,6.5,17.6,16.4,14.214285714285714,14.807142857142855
2017-09-18,12.8,8.4,18.4,261,-0.9753363880767837,-0.2207236509605022,12.1,5.1,19.1,15.5,13.6,14.678571428571429
2017-09-19,12.5,6.4,18.7,262,-0.9789888737409319,-0.20391367068311472,12.8,8.4,18.4,14.4,13.214285714285714,14.514285714285714
2017-09-20,12.8,7.3,17.1,263,-0.9823516608469237,-0.18704334906991657,12.5,6.4,18.7,14.2,12.942857142857141,14.207142857142856
2017-09-21,13.8,11.4,17.7,264,-0.9854237542919524,-0.17011767832049052,12.8,7.3,17.1,13.1,12.742857142857144,13.950000000000001
2017-09-22,13.5,8.4,18.3,265,-0.9882042449941422,-0.15314166701312007,13.8,11.4,17.7,13.3,12.842857142857143,13.900000000000002
2017-09-23,11.9,5.8,16.1,266,-0.9906923101615609,-0.13612033862266704,13.5,8.4,18.3,12.6,12.87142857142857,13.799999999999999
2017-09-24,14.5,12.7,16.8,267,-0.9928872135356962,-0.11905873003404988,11.9,5.8,16.1,12.1,12.771428571428572,13.492857142857144
2017-09-25,13.9,12.8,15.5,268,-0.994788305609327,-0.10196189005174576,14.5,12.7,16.8,12.8,13.114285714285714,13.357142857142858
2017-09-26,14.4,12.2,18.0,269,-0.9963950238187231,-0.08483487790576538,13.9,12.8,15.5,12.5,13.271428571428572,13.242857142857144
2017-09-27,15.1,12.8,19.1,270,-0.9977068927101168,-0.06768276175455162,14.4,12.2,18.0,12.8,13.542857142857143,13.242857142857144
2017-09-28,15.6,12.0,19.5,271,-0.9987235240803972,-0.050510617185222886,15.1,12.8,19.1,13.8,13.871428571428572,13.307142857142859
2017-09-29,15.7,11.1,20.8,272,-0.9994446170919858,-0.033323525711631344,15.6,12.0,19.5,13.5,14.12857142857143,13.485714285714284
2017-09-30,14.4,8.3,20.6,273,-0.9998699583618592,-0.016126573270657762,15.7,11.1,20.8,11.9,14.442857142857145,13.657142857142858
2017-10-01,12.6,10.6,14.4,274,-0.9999994220246925,0.001075151282798226,14.4,8.3,20.6,14.5,14.799999999999999,13.785714285714286
2017-10-02,12.6,9.7,16.1,275,-0.999832969770105,0.018276557681691223,12.6,10.6,14.4,13.9,14.528571428571428,13.821428571428571
2017-10-03,13.0,10.7,16.3,276,-0.9993706508539969,0.03547255575312556,12.6,9.7,16.1,14.4,14.342857142857142,13.807142857142859
2017-10-04,12.3,10.3,14.0,277,-0.9986126020839734,0.052658056924614005,13.0,10.7,16.3,15.1,14.142857142857142,13.842857142857143
2017-10-05,11.0,9.3,14.7,278,-0.9975590477788613,0.06982797572987089,12.3,10.3,14.0,15.6,13.742857142857142,13.807142857142859
2017-10-06,10.4,9.0,13.7,279,-0.9962102997023297,0.0869772313136861,11.0,9.3,14.7,15.7,13.085714285714285,13.607142857142858
2017-10-07,10.5,8.9,12.9,280,-0.9945667569706337,0.1041007489354256,10.4,9.0,13.7,14.4,12.328571428571427,13.385714285714284
2017-10-08,10.4,6.1,14.4,281,-0.9926289059345095,0.121193461470736,10.5,8.9,12.9,12.6,11.771428571428572,13.285714285714286
2017-10-09,8.9,4.9,14.2,282,-0.9903973200352558,0.1382503109109819,10.4,6.1,14.4,12.6,11.457142857142857,12.992857142857144
2017-10-10,11.8,9.6,13.9,283,-0.9878726596350429,0.15526624985999563,8.9,4.9,14.2,13.0,10.928571428571429,12.635714285714286
2017-10-11,14.8,13.2,16.4,284,-0.9850556718215013,0.172236243027682,11.8,9.6,13.9,12.3,10.757142857142858,12.450000000000001
2017-10-12,14.1,10.8,16.9,285,-0.981947190186646,0.18915526872004093,14.8,13.2,16.4,11.0,11.114285714285714,12.428571428571429
2017-10-13,12.8,10.0,17.0,286,-0.9785481345802031,0.20601832032517084,14.1,10.8,16.9,10.4,11.557142857142859,12.321428571428571
2017-10-14,15.7,11.9,18.8,287,-0.9748595108374125,0.22282040779479959,12.8,10.0,17.0,10.5,11.9,12.114285714285714
2017-10-15,16.2,10.9,21.9,288,-0.9708824104813836,0.23955655912092708,15.7,11.9,18.8,10.4,12.642857142857142,12.207142857142856
2017-10-16,16.7,11.3,23.1,289,-0.9666180104000972,0.2562218218071163,16.2,10.9,21.9,8.9,13.471428571428573,12.464285714285714
2017-10-17,16.7,11.7,23.0,290,-0.9620675724981452,0.27281126433401914,16.7,11.3,23.1,11.8,14.585714285714285,12.757142857142856
2017-10-18,13.5,8.8,19.0,291,-0.957232443323312,0.28931997761869527,16.7,11.7,23.0,14.8,15.285714285714286,13.021428571428572
2017-10-19,11.3,7.5,14.1,292,-0.9521140536681102,0.3057430764672831,13.5,8.8,19.0,14.1,15.1,13.107142857142858
2017-10-20,13.2,9.1,16.4,293,-0.9467139181463862,0.3220757010206104,11.3,7.5,14.1,12.8,14.7,13.128571428571428
2017-10-21,11.7,10.4,12.7,294,-0.9410336347451197,0.3383130181923076,13.2,9.1,16.4,15.7,14.757142857142856,13.328571428571431
2017-10-22,12.1,10.3,15.1,295,-0.9350748843515574,0.3544502230989869,11.7,10.4,12.7,16.2,14.185714285714285,13.414285714285715
2017-10-23,10.3,7.6,11.8,296,-0.9288394302558068,0.3704825404820963,12.1,10.3,15.1,16.7,13.599999999999998,13.535714285714286
2017-10-24,11.0,6.4,14.1,297,-0.9223291176290545,0.3864052261209853,10.3,7.6,11.8,16.7,12.685714285714285,13.635714285714286
2017-10-25,14.7,12.2,18.0,298,-0.9155458729775467,0.40221356823680365,11.0,6.4,14.1,13.5,11.87142857142857,13.578571428571427
2017-10-26,12.8,11.1,14.8,299,-0.9084917035725082,0.41790288888678667,14.7,12.2,18.0,11.3,12.042857142857143,13.571428571428571
2017-10-27,10.5,8.7,12.4,300,-0.9011686968561569,0.4334685453485363,12.8,11.1,14.8,13.2,12.257142857142856,13.47857142857143
2017-10-28,10.1,8.8,11.3,301,-0.8935790198239952,0.4489059314938798,10.5,8.7,12.4,11.7,11.87142857142857,13.314285714285715
2017-10-29,7.8,5.2,12.1,302,-0.8857249183835637,0.4642104791518923,10.1,8.8,11.3,12.1,11.642857142857142,12.914285714285715
2017-10-30,6.1,4.1,9.0,303,-0.8776087166898392,0.4793776594606945,7.8,5.2,12.1,10.3,11.028571428571428,12.314285714285713
2017-10-31,7.3,4.6,9.1,304,-0.8692328164574792,0.49440298420761813,6.1,4.1,9.0,11.0,10.428571428571429,11.557142857142859
2017-11-01,9.8,8.0,11.2,305,-0.8605996962501181,0.5092820071573356,7.3,4.6,9.1,14.7,9.9,10.885714285714286
2017-11-02,9.7,8.4,11.0,306,-0.8517119107469189,0.5240103253675756,9.8,8.0,11.2,12.8,9.200000000000001,10.62142857142857
2017-11-03,9.0,5.1,12.4,307,-0.8425720899866032,0.5385835804920232,9.7,8.4,11.0,10.5,8.757142857142856,10.507142857142856
2017-11-04,7.8,4.3,11.5,308,-0.8331829385891785,0.5529974600700271,9.0,5.1,12.4,10.1,8.542857142857143,10.207142857142856
2017-11-05,9.5,6.9,13.3,309,-0.8235472349556007,0.5672476988027229,7.8,4.3,11.5,7.8,8.214285714285714,9.928571428571429
2017-11-06,6.6,2.4,10.3,310,-0.8136678304455991,0.5813300798152042,9.5,6.9,13.3,6.1,8.457142857142857,9.742857142857144
2017-11-07,5.8,0.7,9.3,311,-0.8035476485339116,0.5952404359043674,6.6,2.4,10.3,7.3,8.528571428571428,9.47857142857143
2017-11-08,7.1,5.5,8.9,312,-0.7931896839451843,0.6089746507720486,5.8,0.7,9.3,9.8,8.314285714285715,9.107142857142858
2017-11-09,6.2,5.5,7.5,313,-0.7825970017677834,0.6225286602431057,7.1,5.5,8.9,9.7,7.928571428571429,8.564285714285715
2017-11-10,7.1,5.6,8.2,314,-0.7717727365467836,0.6358984534680745,6.2,5.5,7.5,9.0,7.428571428571429,8.092857142857143
2017-11-11,5.5,4.1,7.2,315,-0.7607200913564104,0.6490800741100398,7.1,5.6,8.2,7.8,7.1571428571428575,7.8500000000000005
2017-11-12,4.3,2.0,6.1,316,-0.7494423368521954,0.6620696215153815,5.5,4.1,7.2,9.5,6.828571428571429,7.521428571428571
2017-11-13,4.6,2.0,7.6,317,-0.7379428103031386,0.6748632518680403,4.3,2.0,6.1,6.6,6.0857142857142845,7.271428571428571
2017-11-14,3.8,-1.2,7.5,318,-0.7262249146041543,0.6874571793269664,4.6,2.0,7.6,5.8,5.8,7.164285714285714
2017-11-15,7.9,6.3,9.2,319,-0.7142921172691032,0.699847677146407,3.8,-1.2,7.5,7.1,5.514285714285713,6.9142857142857155
2017-11-16,8.1,5.2,9.2,320,-0.7021479494046978,0.7120310787787131,7.9,6.3,9.2,6.2,5.628571428571428,6.778571428571428
2017-11-17,6.1,1.8,9.1,321,-0.6897960046655887,0.7240037789593305,8.1,5.2,9.2,7.1,5.9,6.664285714285714
2017-11-18,4.0,1.8,6.3,322,-0.6772399381909491,0.7357622347736527,6.1,1.8,9.1,5.5,5.757142857142857,6.457142857142857
2017-11-19,4.5,2.8,6.2,323,-0.6644834655228552,0.7473029667054296,4.0,1.8,6.3,4.3,5.542857142857143,6.185714285714285
2017-11-20,4.4,1.5,6.5,324,-0.6515303615068021,0.75862255966641,4.5,2.8,6.2,4.6,5.571428571428571,5.828571428571428
2017-11-21,4.4,3.1,5.7,325,-0.6383844591746642,0.7697176640069211,4.4,1.5,6.5,3.8,5.542857142857144,5.671428571428572
2017-11-22,8.4,5.5,10.6,326,-0.6250496486104377,0.7805849965070866,4.4,3.1,5.7,7.9,5.628571428571428,5.571428571428571
2017-11-23,9.2,5.0,12.7,327,-0.6115298757991053,0.7912213413483807,8.4,5.5,10.6,8.1,5.7,5.664285714285714
2017-11-24,10.0,5.8,14.8,328,-0.5978291414589552,0.801623551065242,9.2,5.0,12.7,6.1,5.857142857142857,5.878571428571428
2017-11-25,4.5,2.3,6.0,329,-0.5839514998576998,0.8117885474764613,10.0,5.8,14.8,4.0,6.4142857142857155,6.085714285714286
2017-11-26,3.3,1.0,5.0,330,-0.5699010576127624,0.8217133225960589,4.5,2.3,6.0,4.5,6.485714285714287,6.014285714285714
2017-11-27,4.2,2.2,5.7,331,-0.5556819724760489,0.8313949395234058,3.3,1.0,5.0,4.4,6.314285714285715,5.942857142857143
2017-11-28,6.1,4.8,7.5,332,-0.5412984521036173,0.8408305333122887,4.2,2.2,5.7,4.4,6.285714285714286,5.9142857142857155
2017-11-29,3.1,0.3,5.9,333,-0.5267547528105542,0.8500173118187018,6.1,4.8,7.5,8.4,6.528571428571429,6.078571428571428
2017-11-30,1.6,-0.5,4.9,334,-0.5120551783114646,0.8589525565270845,3.1,0.3,5.9,9.2,5.771428571428571,5.735714285714286
2017-12-01,1.9,-0.4,3.2,335,-0.4972040784469378,0.8676336233547726,1.6,-0.5,4.9,10.0,4.685714285714285,5.271428571428571
2017-12-02,2.5,0.1,5.1,336,-0.4822058478963526,0.8760579434344281,1.9,-0.4,3.2,4.5,3.5285714285714285,4.971428571428571
2017-12-03,0.4,-1.6,3.0,337,-0.46706492487743034,0.8842230238742036,2.5,0.1,5.1,3.3,3.2428571428571433,4.864285714285714
2017-12-04,3.6,1.4,5.2,338,-0.451785789832884,0.8921264484954345,0.4,-1.6,3.0,4.2,2.8285714285714287,4.571428571428571
2017-12-05,6.5,3.2,7.6,339,-0.4363729641045924,0.8997658785476209,3.6,1.4,5.2,6.1,2.742857142857143,4.514285714285714
2017-12-06,7.4,6.9,7.9,340,-0.42083100859565564,0.9071390534005044,6.5,3.2,7.6,3.1,2.8000000000000003,4.664285714285714
2017-12-07,6.2,4.6,8.0,341,-0.4051645224207563,0.9142437912130223,7.4,6.9,7.9,1.6,3.414285714285714,4.5928571428571425
2017-12-08,4.2,0.8,6.0,342,-0.3893781415452015,0.9210779895789526,6.2,4.6,8.0,1.9,4.071428571428571,4.378571428571429
2017-12-09,1.2,-0.4,2.9,343,-0.37347653741307074,0.9276396261490467,4.2,0.8,6.0,2.5,4.3999999999999995,3.9642857142857144
2017-12-10,0.1,-1.6,1.5,344,-0.3574644155648614,0.9339267592294762,1.2,-0.4,2.9,0.4,4.214285714285714,3.7285714285714286
2017-12-11,3.3,0.4,6.6,345,-0.34134651424503615,0.9399375283564133,0.1,-1.6,1.5,3.6,4.171428571428572,3.5
2017-12-12,4.7,1.5,8.0,346,-0.3251276029999093,0.9456701548465688,3.3,0.4,6.6,6.5,4.128571428571428,3.435714285714286
2017-12-13,2.3,-0.1,4.4,347,-0.30881248126625377,0.9511229423235357,4.7,1.5,8.0,7.4,3.871428571428571,3.335714285714286
2017-12-14,3.5,1.4,4.9,348,-0.29240597695107734,0.9562942772197719,2.3,-0.1,4.4,6.2,3.142857142857143,3.2785714285714285
2017-12-15,2.1,0.6,3.0,349,-0.27591294500296043,0.9611826292540837,3.5,1.4,4.9,4.2,2.757142857142857,3.414285714285714
2017-12-16,2.6,2.1,3.1,350,-0.2593382659754056,0.9657865518844574,2.1,0.6,3.0,1.2,2.457142857142857,3.4285714285714284
2017-12-17,1.7,0.7,3.0,351,-0.2426868445825954,0.9701046827361175,2.6,2.1,3.1,0.1,2.6571428571428575,3.435714285714286
2017-12-18,0.7,-2.3,3.3,352,-0.22596360824801906,0.974135744004672,1.7,0.7,3.0,3.3,2.8857142857142857,3.5285714285714285
2017-12-19,1.7,-1.4,3.4,353,-0.20917350564635637,0.9778785428342386,0.7,-2.3,3.3,4.7,2.514285714285714,3.3214285714285716
2017-12-20,3.2,2.1,4.6,354,-0.19232150523909483,0.9813319716704275,1.7,-1.4,3.4,2.3,2.085714285714286,2.978571428571428
2017-12-21,6.2,4.6,7.8,355,-0.17541259380427843,0.9844950085880858,3.2,2.1,4.6,3.5,2.2142857142857144,2.6785714285714284
2017-12-22,5.8,4.6,7.1,356,-0.15845177496083632,0.9873667175937016,6.2,4.6,7.8,2.1,2.6,2.6785714285714284
2017-12-23,7.0,4.4,9.6,357,-0.14144406768794202,0.9899462489023779,5.8,4.6,7.1,2.6,3.1285714285714286,2.7928571428571423
2017-12-24,9.9,9.5,10.4,358,-0.12439450483979998,0.9922328391893008,7.0,4.4,9.6,1.7,3.757142857142857,3.2071428571428577
2017-12-25,8.5,3.5,10.4,359,-0.10730813165636247,0.9942258118156161,9.9,9.5,10.4,0.7,4.928571428571429,3.9071428571428575
2017-12-26,5.0,1.9,10.0,360,-0.09019000427034513,0.9959245770286599,8.5,3.5,10.4,1.7,6.042857142857143,4.278571428571429
2017-12-27,3.0,1.0,5.6,361,-0.07304518821104743,0.9973286321364752,5.0,1.9,10.0,3.2,6.514285714285714,4.3
2017-12-28,3.1,1.2,4.5,362,-0.05587875690537313,0.9984375616565666,3.0,1.0,5.6,6.2,6.485714285714286,4.3500000000000005
2017-12-29,1.7,-1.4,4.8,363,-0.03869579017652689,0.9992510374388481,3.1,1.2,4.5,5.8,6.042857142857143,4.321428571428572
2017-12-30,2.7,-1.7,9.6,364,-0.021501372740813793,0.999768818762748,1.7,-1.4,4.8,7.0,5.457142857142857,4.292857142857143
2017-12-31,9.5,6.2,12.3,365,-0.004300592702981974,0.9999907524084426,2.7,-1.7,9.6,9.9,4.8428571428571425,4.3
2018-01-01,8.5,4.1,12.0,1,0.017201575418260506,0.9998520419557735,9.5,6.2,12.3,8.5,4.785714285714286,4.857142857142857
2018-01-02,4.6,2.5,6.1,2,0.03439806061360801,0.9994082116062598,8.5,4.1,12.0,5.0,4.785714285714286,5.414285714285714
2018-01-03,5.1,2.1,7.7,3,0.051584366869408364,0.9986686402879997,4.6,2.5,6.1,3.0,4.728571428571429,5.621428571428572
2018-01-04,6.8,5.8,7.9,4,0.06875540848113941,0.9976335468520451,5.1,2.1,7.7,3.1,5.028571428571429,5.757142857142858
2018-01-05,7.1,4.2,9.6,5,0.08590610426133272,0.9963032375991965,6.8,5.8,7.9,1.7,5.557142857142857,5.8
2018-01-06,5.3,3.4,7.1,6,0.10303137904317879,0.9946781061893646,7.1,4.2,9.6,2.7,6.328571428571428,5.892857142857143
2018-01-07,1.2,-2.2,4.1,7,0.1201261651823505,0.9927586335250793,5.3,3.4,7.1,9.5,6.7,5.771428571428571
2018-01-08,-1.8,-5.0,1.7,8,0.13718540405660057,0.9905453876091833,1.2,-2.2,4.1,8.5,5.514285714285714,5.1499999999999995
2018-01-09,1.9,-2.5,5.2,9,0.1542040475626894,0.988039023376751,-1.8,-5.0,1.7,4.6,4.042857142857143,4.414285714285714
2018-01-10,2.4,1.4,3.8,10,0.17117705961019986,0.985240282501282,1.9,-2.5,5.2,5.1,3.657142857142857,4.192857142857142
2018-01-11,2.7,1.5,3.8,11,0.18809941761179758,0.9821499931752291,2.4,1.4,3.8,6.8,3.271428571428572,4.1499999999999995
2018-01-12,1.6,0.8,2.1,12,0.20496611396949532,0.9787690698649216,2.7,1.5,3.8,7.1,2.685714285714286,4.121428571428571
2018-01-13,0.3,-0.3,0.8,13,0.22177215755648186,0.975098513039961,1.6,0.8,2.1,5.3,1.9,4.114285714285715
2018-01-14,-1.7,-3.1,0.2,14,0.23851257519407648,0.9711394088771653,0.3,-0.3,0.8,1.2,1.1857142857142857,3.9428571428571426
2018-01-15,0.3,-2.6,3.5,15,0.2551824131233728,0.9668929289391521,-1.7,-3.1,0.2,-1.8,0.7714285714285715,3.142857142857143
2018-01-16,2.9,0.5,6.0,16,0.2717767384711357,0.9623603298276545,0.3,-2.6,3.5,1.9,1.0714285714285716,2.557142857142857
2018-01-17,1.5,0.4,2.5,17,0.2882906407095177,0.9575429528116719,2.9,0.5,6.0,2.4,1.2142857142857142,2.435714285714286
2018-01-18,2.6,0.6,5.8,18,0.3047192331091634,0.9524422234305676,1.5,0.4,2.5,2.7,1.0857142857142856,2.1785714285714284
2018-01-19,2.6,1.4,3.7,19,0.321057654185271,0.9470596510722283,2.6,0.6,5.8,1.6,1.0714285714285714,1.8785714285714286
2018-01-20,1.3,-1.6,3.0,20,0.3373010691361842,0.9413968285264122,2.6,1.4,3.7,0.3,1.2142857142857142,1.557142857142857
2018-01-21,0.3,-1.9,1.3,21,0.3534446712740877,0.9354554315134164,1.3,-1.6,3.0,-1.7,1.3571428571428572,1.2714285714285716
2018-01-22,0.4,-0.3,1.8,22,0.3694836834473831,0.9292372181882051,0.3,-1.9,1.3,0.3,1.6428571428571428,1.207142857142857
2018-01-23,2.2,-0.1,6.0,23,0.38541335945432564,0.9227440286201427,0.4,-0.3,1.8,2.9,1.657142857142857,1.3642857142857143
2018-01-24,8.7,5.1,11.1,24,0.4012289854475009,0.9159777842484877,2.2,-0.1,6.0,1.5,1.557142857142857,1.385714285714286
2018-01-25,9.1,7.5,10.4,25,0.4169258813287287,0.908940487313808,8.7,5.1,11.1,2.6,2.5857142857142854,1.8357142857142856
2018-01-26,6.8,5.3,7.5,26,0.4324994021339788,0.901634220265486,9.1,7.5,10.4,2.6,3.514285714285714,2.292857142857143
2018-01-27,5.8,4.5,7.3,27,0.44794493940789115,0.8940611451454876,6.8,5.3,7.5,1.3,4.114285714285715,2.664285714285714
2018-01-28,7.6,5.9,9.7,28,0.4632579225674917,0.88622350294858,5.8,4.5,7.3,0.3,4.757142857142857,3.057142857142857
2018-01-29,9.6,5.3,11.2,29,0.4784338202547012,0.8781236129591848,7.6,5.9,9.7,0.4,5.799999999999999,3.721428571428571
2018-01-30,4.9,2.3,6.3,30,0.49346814167723735,0.8697638720650646,9.6,5.3,11.2,2.2,7.114285714285714,4.385714285714285
2018-01-31,5.3,0.3,9.3,31,0.5083564379375122,0.8611467540480452,4.9,2.3,6.3,8.7,7.5,4.5285714285714285
2018-02-01,4.2,1.6,6.8,32,0.5230943033491326,0.8522748088519838,5.3,0.3,9.3,9.1,7.014285714285713,4.8
2018-02-02,2.5,-0.1,5.2,33,0.5376773767406141,0.8431506618282,4.2,1.6,6.8,6.8,6.314285714285714,4.9142857142857155
2018-02-03,1.2,-1.1,3.0,34,0.5521013427459208,0.8337770129585915,2.5,-0.1,5.2,5.8,5.7,4.9071428571428575
2018-02-04,-0.2,-3.5,3.6,35,0.5663619330814524,0.8241566360566663,1.2,-1.1,3.0,7.6,5.042857142857143,4.8999999999999995
2018-02-05,-1.0,-5.1,2.1,36,0.580454927809098,0.8142923779467267,-0.2,-3.5,3.6,9.6,3.9285714285714284,4.864285714285715
2018-02-06,-3.0,-7.3,0.7,37,0.5943761565849831,0.804187157621448,-1.0,-5.1,2.1,4.9,2.414285714285714,4.764285714285714
2018-02-07,-1.9,-4.8,2.1,38,0.6081214998935418,0.7938439653781019,-3.0,-7.3,0.7,5.3,1.2857142857142854,4.392857142857142
2018-02-08,-2.7,-6.7,2.8,39,0.6216868902665479,0.7832658619336791,-1.9,-4.8,2.1,4.2,0.25714285714285695,3.6357142857142857
2018-02-09,-2.2,-7.2,2.0,40,0.6350683134867438,0.7724559775191742,-2.7,-6.7,2.8,2.5,-0.7285714285714288,2.7928571428571423
2018-02-10,0.3,-1.5,3.0,41,0.6482618097757122,0.7614175109532997,-2.2,-7.2,2.0,1.2,-1.4000000000000004,2.15
2018-02-11,1.9,0.2,4.5,42,0.6612634749656386,0.7501537286959042,0.3,-1.5,3.0,-0.2,-1.5285714285714287,1.757142857142857
2018-02-12,2.0,-1.1,5.5,43,0.6740694616546161,0.7386679638813748,1.9,0.2,4.5,-1.0,-1.2285714285714289,1.35
2018-02-13,0.9,-2.8,5.5,44,0.6866759803451553,0.726963615332308,2.0,-1.1,5.5,-3.0,-0.8000000000000004,0.8071428571428572
2018-02-14,-1.0,-5.1,4.7,45,0.6990793005655562,0.7150441465537444,0.9,-2.8,5.5,-1.9,-0.24285714285714313,0.5214285714285715
2018-02-15,-0.2,-3.3,2.9,46,0.7112757519738152,0.7029130847082615,-1.0,-5.1,4.7,-2.7,-0.11428571428571457,0.07142857142857142
2018-02-16,3.6,0.8,7.7,47,0.7232617254437388,0.6905740195722293,-0.2,-3.3,2.9,-2.2,0.2428571428571426,-0.24285714285714288
2018-02-17,2.7,0.0,5.0,48,0.7350336741329413,0.6780306024735382,3.6,0.8,7.7,0.3,1.0714285714285712,-0.1642857142857143
2018-02-18,2.5,1.2,3.8,49,0.746588114532413,0.6652865452111116,2.7,0.0,5.0,1.9,1.4142857142857141,-0.05714285714285713
2018-02-19,1.7,-0.9,5.2,50,0.7579216274973472,0.6523456189565257,2.5,1.2,3.8,2.0,1.4999999999999998,0.1357142857142857
2018-02-20,0.0,-2.3,3.8,51,0.7690308592589181,0.6392116531380588,1.7,-0.9,5.2,0.9,1.457142857142857,0.32857142857142857
2018-02-21,-0.1,-4.1,4.2,52,0.7799125224167177,0.6258885343075018,0.0,-2.3,3.8,-1.0,1.3285714285714285,0.5428571428571428
2018-02-22,-0.1,-4.0,3.4,53,0.7905633969115482,0.612380204990065,-0.1,-4.1,4.2,-0.2,1.4571428571428569,0.6714285714285715
2018-02-23,-3.3,-6.1,-0.1,54,0.8009803309782905,0.5986906625177214,-0.1,-4.0,3.4,3.6,1.4714285714285713,0.8571428571428571
2018-02-24,-2.6,-6.7,0.5,55,0.8111602420785621,0.5848239578463322,-3.3,-6.1,-0.1,2.7,0.4857142857142856,0.7785714285714286
2018-02-25,-5.2,-9.4,-1.3,56,0.8211001178128892,0.5707841943569036,-2.6,-6.7,0.5,2.5,-0.27142857142857163,0.5714285714285714
2018-02-26,-6.0,-9.9,-2.4,57,0.8307970168121247,0.5565755266413303,-5.2,-9.4,-1.3,1.7,-1.3714285714285717,0.06428571428571431
2018-02-27,-7.6,-11.9,-2.8,58,0.8402480696078469,0.5422021592729844,-6.0,-9.9,-2.4,0.0,-2.4714285714285715,-0.5071428571428571
2018-02-28,-8.8,-11.8,-5.8,59,0.8494504794814806,0.527668345562516,-7.6,-11.9,-2.8,-0.1,-3.557142857142857,-1.1142857142857143
2018-03-01,-8.8,-11.9,-4.8,60,0.8584015232918917,0.512978386299228,-8.8,-11.8,-5.8,-0.1,-4.8,-1.6714285714285713
2018-03-02,-8.3,-12.8,-3.5,61,0.8670985522812081,0.4981366284784055,-8.8,-11.9,-4.8,-3.3,-6.042857142857144,-2.2857142857142856
2018-03-03,-7.1,-12.0,-2.1,62,0.8755389928586302,0.4831474640149687,-8.3,-12.8,-3.5,-2.6,-6.757142857142858,-3.135714285714286
2018-03-04,-2.6,-9.1,4.2,63,0.8837203473619977,0.4680153284438345,-7.1,-12.0,-2.1,-5.2,-7.4,-3.835714285714286
2018-03-05,2.8,-2.6,9.8,64,0.8916401947968874,0.45274469960737107,-2.6,-9.1,4.2,-6.0,-7.028571428571429,-4.2
2018-03-06,1.1,-2.9,5.8,65,0.8992961915530253,0.4373400963303323,2.8,-2.6,9.8,-7.6,-5.771428571428571,-4.121428571428572
2018-03-07,1.6,0.5,2.4,66,0.9066860720977985,0.4218060770826634,1.1,-2.9,5.8,-8.8,-4.5285714285714285,-4.042857142857143
2018-03-08,4.7,1.5,9.5,67,0.9138076496466615,0.4061472386305789,1.6,0.5,2.4,-8.8,-3.0428571428571436,-3.9214285714285713
2018-03-09,5.2,0.7,9.3,68,0.9206588168102428,0.3903682146763026,4.7,1.5,9.5,-8.3,-1.1142857142857145,-3.5785714285714287
2018-03-10,5.2,-0.7,9.4,69,0.9272375462179537,0.374473674486883,5.2,0.7,9.3,-7.1,0.8142857142857141,-2.9714285714285715
2018-03-11,10.8,5.2,16.6,70,0.9335418911179212,0.35846832151248087,5.2,-0.7,9.4,-2.6,2.5714285714285707,-2.414285714285714
2018-03-12,8.6,6.2,10.1,71,0.9395699859530622,0.342356891994542,10.8,5.2,16.6,2.8,4.485714285714286,-1.2714285714285716
2018-03-13,9.2,4.3,11.7,72,0.945320046913132,0.3261441535642696,8.6,6.2,10.1,1.1,5.314285714285714,-0.22857142857142865
2018-03-14,4.0,2.5,5.1,73,0.9507903724625832,0.3098349038318025,9.2,4.3,11.7,1.6,6.471428571428571,0.9714285714285713
2018-03-15,2.9,1.6,4.7,74,0.9559793438440766,0.2934339689665273,4.0,2.5,5.1,4.7,6.814285714285714,1.8857142857142857
2018-03-16,-0.2,-2.8,1.7,75,0.9608854255574977,0.27694620226893646,2.9,1.6,4.7,5.2,6.557142857142857,2.7214285714285715
2018-03-17,-3.2,-5.4,-0.5,76,0.9655071658143364,0.2603764827344581,-0.2,-2.8,1.7,5.2,5.785714285714285,3.3000000000000003
2018-03-18,-2.5,-5.9,1.3,77,0.969843196967294,0.24372971360968387,-3.2,-5.4,-0.5,10.8,4.585714285714286,3.5785714285714287
2018-03-19,-1.4,-6.3,3.7,78,0.9738922359149924,0.22701082094141847,-2.5,-5.9,1.3,8.6,2.6857142857142846,3.585714285714286
2018-03-20,-1.3,-5.8,2.6,79,0.9776530844816641,0.2102247521189836,-1.4,-6.3,3.7,9.2,1.2571428571428565,3.2857142857142856
2018-03-21,1.7,-3.9,6.8,80,0.981124629771712,0.19337647441020586,-1.3,-5.8,2.6,4.0,-0.2428571428571434,3.114285714285714
2018-03-22,2.4,0.5,4.3,81,0.984305844499033,0.17647097349152166,1.7,-3.9,6.8,2.9,-0.571428571428572,3.1214285714285714
2018-03-23,2.8,1.8,4.2,82,0.9871957872910085,0.15951325197263655,2.4,0.5,4.3,-0.2,-0.6428571428571435,2.957142857142857
2018-03-24,3.4,0.5,7.6,83,0.9897936029670716,0.14250832791617088,2.8,1.8,4.2,-3.2,-0.2142857142857149,2.7857142857142856
2018-03-25,5.4,-2.5,11.7,84,0.992098522791769,0.12546123335273648,3.4,0.5,7.6,-2.5,0.728571428571428,2.6571428571428575
2018-03-26,5.8,2.7,8.8,85,0.9941098647022418,0.10837701279187609,5.4,-2.5,11.7,-1.4,1.8571428571428565,2.2714285714285714
2018-03-27,4.1,0.6,7.9,86,0.9958270335100595,0.09126072172931188,5.8,2.7,8.8,-1.3,2.8857142857142852,2.0714285714285716
2018-03-28,1.4,0.7,2.3,87,0.9972495210773451,0.07411742515094437,4.1,0.6,7.9,1.7,3.657142857142857,1.707142857142857
2018-03-29,5.2,2.3,8.9,88,0.998376906467142,0.056952196034039754,1.4,0.7,2.3,2.4,3.614285714285714,1.5214285714285716
2018-03-30,5.3,-0.4,11.6,89,0.9992088560679753,0.03977011384605572,5.2,2.3,8.9,2.8,4.014285714285713,1.6857142857142857
2018-03-31,3.4,1.1,5.6,90,0.9997451236925734,0.022576263041545485,5.3,-0.4,11.6,3.4,4.371428571428571,2.0785714285714287
2018-04-01,1.6,0.9,2.6,91,0.9999855506507186,0.005375731557583884,3.4,1.1,5.6,5.4,4.371428571428571,2.5500000000000003
2018-04-02,5.2,-0.5,10.1,92,0.9999300657962057,-0.011826390691832589,1.6,0.9,2.6,5.8,3.828571428571428,2.842857142857143
2018-04-03,12.6,5.3,18.8,93,0.9995786855478958,-0.029025013321975237,5.2,-0.5,10.1,4.1,3.7428571428571424,3.3142857142857145
2018-04-04,15.6,10.9,21.4,94,0.9989315138848577,-0.046215046983708354,12.6,5.3,18.8,1.4,4.957142857142856,4.307142857142857
2018-04-05,10.3,3.6,16.0,95,0.9979887423155984,-0.06339140486951038,15.6,10.9,21.4,5.2,6.985714285714286,5.3
2018-04-06,7.5,1.7,13.3,96,0.9967506498213929,-0.08054900421874167,10.3,3.6,16.0,5.3,7.7142857142857135,5.864285714285714
2018-04-07,12.8,4.6,20.8,97,0.9952176027737294,-0.09768276782171598,7.5,1.7,13.3,3.4,8.028571428571428,6.2
2018-04-08,14.6,7.9,20.2,98,0.9933900548258936,-0.11478762552212701,12.8,4.6,20.8,1.6,9.37142857142857,6.871428571428571
2018-04-09,15.0,6.3,22.2,99,0.9912685467787256,-0.13185851571739118,14.6,7.9,20.2,5.2,11.228571428571428,7.528571428571429
2018-04-10,17.3,11.4,24.6,100,0.9888537064205885,-0.1488903868564548,15.0,6.3,22.2,12.6,12.628571428571428,8.185714285714287
2018-04-11,14.7,11.6,18.7,101,0.986146248341595,-0.16587819893463143,17.3,11.4,24.6,15.6,13.299999999999999,9.128571428571428
2018-04-12,16.6,10.2,24.4,102,0.9831469737221499,-0.1828169249850199,14.7,11.6,18.7,10.3,13.171428571428569,10.078571428571427
2018-04-13,16.0,11.3,20.2,103,0.9798567700958665,-0.1997015525660636,16.6,10.2,24.4,7.5,14.071428571428571,10.892857142857142
2018-04-14,13.2,9.3,17.7,104,0.9762766110869321,-0.21652708524481437,16.0,11.3,20.2,12.8,15.285714285714286,11.657142857142858
2018-04-15,15.3,8.4,22.2,105,0.9724075561219968,-0.23328854407545518,13.2,9.3,17.7,14.6,15.342857142857143,12.357142857142858
2018-04-16,12.5,10.2,16.3,106,0.9682507501166718,-0.2499809690726521,15.3,8.4,22.2,15.0,15.442857142857145,13.335714285714287
2018-04-17,13.6,7.2,19.3,107,0.9638074231367307,-0.26659942067929354,12.5,10.2,16.3,17.3,15.085714285714285,13.857142857142858
2018-04-18,16.5,8.2,24.4,108,0.9590788900341131,-0.28313898122818354,13.6,7.2,19.3,14.7,14.557142857142855,13.928571428571429
2018-04-19,18.0,9.5,24.7,109,0.9540665500578387,-0.2995947563972602,16.5,8.2,24.4,16.6,14.814285714285713,13.992857142857144
2018-04-20,20.3,11.4,27.5,110,0.9487718864399473,-0.31596187665790293,18.0,9.5,24.7,16.0,15.014285714285714,14.542857142857143
2018-04-21,16.9,11.4,21.7,111,0.9431964659565866,-0.33223549871590435,20.3,11.4,27.5,13.2,15.628571428571428,15.457142857142856
2018-04-22,17.1,7.6,24.1,112,0.9373419384643772,-0.3484108069446808,16.9,11.4,21.7,15.3,16.157142857142855,15.75
2018-04-23,17.7,11.8,21.7,113,0.9312100364121947,-0.3644830148102912,17.1,7.6,24.1,12.5,16.414285714285715,15.928571428571429
2018-04-24,13.2,9.7,16.9,114,0.9248025743285089,-0.38044736628785164,17.7,11.8,21.7,13.6,17.157142857142855,16.121428571428574
2018-04-25,13.0,8.8,18.7,115,0.9181214482844364,-0.39629913726891813,13.2,9.7,16.9,16.5,17.1,15.828571428571427
2018-04-26,9.5,7.0,13.9,116,0.9111686353326631,-0.41203363695942635,13.0,8.8,18.7,18.0,16.599999999999998,15.707142857142857
2018-04-27,11.2,5.0,16.4,117,0.9039461929224011,-0.42764620926777464,9.5,7.0,13.9,20.3,15.385714285714284,15.2
2018-04-28,15.8,5.8,22.7,118,0.8964562582905575,-0.44313223418263453,11.2,5.0,16.4,16.9,14.085714285714285,14.857142857142858
2018-04-29,17.8,11.6,24.3,119,0.8887010478292915,-0.45848712914008766,15.8,5.8,22.7,17.1,13.928571428571429,15.042857142857143
2018-04-30,17.3,12.0,23.9,120,0.8806828564301475,-0.47370635037968,17.8,11.6,24.3,17.7,14.028571428571427,15.221428571428572
2018-05-01,13.0,6.4,16.4,121,0.8724040568049612,-0.48878539428899265,17.3,12.0,23.9,13.2,13.971428571428572,15.564285714285713
2018-05-02,11.0,3.9,14.9,122,0.8638670987837349,-0.503719798736334,13.0,6.4,16.4,13.0,13.942857142857141,15.52142857142857
2018-05-03,14.2,7.4,19.9,123,0.8550745085896932,-0.518505144391157,11.0,3.9,14.9,9.5,13.657142857142857,15.128571428571428
2018-05-04,12.2,4.9,18.4,124,0.8460288880917339,-0.533137056031809,14.2,7.4,19.9,11.2,14.328571428571427,14.857142857142858
2018-05-05,12.8,4.1,18.8,125,0.8367329140344921,-0.5476112038402312,12.2,4.9,18.4,15.8,14.471428571428572,14.278571428571428
2018-05-06,15.2,8.1,21.4,126,0.8271893372462497,-0.5619233046832195,12.8,4.1,18.8,17.8,14.042857142857143,13.985714285714286
2018-05-07,17.8,9.4,23.9,127,0.8174009818249189,-0.5760691233798758,15.2,8.1,21.4,17.3,13.671428571428573,13.85
2018-05-08,19.0,11.3,24.9,128,0.8073707443023492,-0.5900444739548627,17.8,9.4,23.9,13.0,13.742857142857142,13.857142857142858
2018-05-09,20.2,13.3,26.8,129,0.7971015927871943,-0.6038452208771035,19.0,11.3,24.9,11.0,14.599999999999998,14.271428571428572
2018-05-10,20.3,15.0,27.5,130,0.7865965660866021,-0.6174672802835514,20.2,13.3,26.8,14.2,15.914285714285713,14.785714285714286
2018-05-11,14.2,10.5,16.4,131,0.7758587728069828,-0.6309066211876704,20.3,15.0,27.5,12.2,16.785714285714285,15.557142857142859
2018-05-12,17.1,9.7,23.0,132,0.7648913904341225,-0.6441592666722685,14.2,10.5,16.4,12.8,17.071428571428573,15.771428571428572
2018-05-13,20.5,14.3,26.5,133,0.753697664392914,-0.6572212950663319,17.1,9.7,23.0,15.2,17.685714285714283,15.864285714285714
2018-05-14,19.1,13.2,24.0,134,0.742280907086982,-0.6700888411055113,20.5,14.3,26.5,17.8,18.442857142857143,16.057142857142857
2018-05-15,15.5,10.9,22.9,135,0.7306444969184916,-0.6827580970759147,19.1,13.2,24.0,19.0,18.628571428571426,16.185714285714287
2018-05-16,16.7,11.2,22.6,136,0.7187918772884232,-0.6952253139408722,15.5,10.9,22.9,20.2,18.128571428571426,16.364285714285717
2018-05-17,16.9,11.1,21.7,137,0.7067265555776158,-0.7074868024503348,16.7,11.2,22.6,20.3,17.62857142857143,16.771428571428572
2018-05-18,12.7,9.5,15.0,138,0.6944521021088763,-0.719538934232584,16.9,11.1,21.7,14.2,17.142857142857142,16.964285714285715
2018-05-19,16.4,11.5,22.0,139,0.6819721490904629,-0.7313781428679254,12.7,9.5,15.0,17.1,16.928571428571427,17.0
2018-05-20,16.1,8.0,21.9,140,0.6692903895412567,-0.7430009249440493,16.4,11.5,22.0,20.5,16.828571428571426,17.257142857142856
2018-05-21,17.7,9.7,24.1,141,0.6564105761979381,-0.7544038410927472,16.1,8.0,21.9,19.1,16.2,17.321428571428573
2018-05-22,18.9,11.1,25.1,142,0.6433365204044917,-0.765583517007675,17.7,9.7,24.1,15.5,16.0,17.314285714285713
2018-05-23,19.6,11.4,25.8,143,0.6300720909843687,-0.7765366444428655,18.9,11.1,25.1,16.7,16.485714285714284,17.307142857142857
2018-05-24,20.2,14.4,26.2,144,0.6166212130956382,-0.7872599821916922,19.6,11.4,25.8,16.9,16.9,17.264285714285712
2018-05-25,21.0,14.9,26.9,145,0.6029878670694714,-0.7977503570459932,20.2,14.4,26.2,12.7,17.37142857142857,17.257142857142856
2018-05-26,20.4,12.4,27.3,146,0.5891760872322963,-0.8080046647350754,21.0,14.9,26.9,16.4,18.557142857142857,17.742857142857144
2018-05-27,20.5,13.7,28.2,147,0.5751899607119775,-0.8180198708443174,20.4,12.4,27.3,16.1,19.128571428571426,17.97857142857143
2018-05-28,25.2,16.4,32.1,148,0.5610336262283677,-0.8277930117131022,20.5,13.7,28.2,17.7,19.757142857142856,17.97857142857143
2018-05-29,25.9,18.6,32.2,149,0.5467112728685939,-0.8373211953118121,25.2,16.4,32.1,18.9,20.828571428571426,18.41428571428571
2018-05-30,24.0,18.1,32.4,150,0.5322271388474397,-0.8466016020976267,25.9,18.6,32.2,19.6,21.828571428571426,19.157142857142855
2018-05-31,25.0,16.9,31.4,151,0.5175855102531889,-0.8556314858488706,24.0,18.1,32.4,20.2,22.457142857142856,19.678571428571427
2018-06-01,23.8,18.9,32.2,152,0.5027907197793043,-0.8644081744776648,25.0,16.9,31.4,21.0,23.142857142857142,20.25714285714286
2018-06-02,21.6,18.4,26.4,153,0.4878471454423119,-0.8729290708206411,23.8,18.9,32.2,20.4,23.542857142857144,21.05
2018-06-03,20.1,17.8,24.1,154,0.47275920928627757,-0.881191653407483,21.6,18.4,26.4,20.5,23.714285714285715,21.42142857142857
2018-06-04,21.2,15.7,25.4,155,0.4575313760742512,-0.8891934772070711,20.1,17.8,24.1,25.2,23.657142857142855,21.707142857142856
2018-06-05,18.4,13.6,23.5,156,0.44216815196707204,-0.8969321743510065,21.2,15.7,25.4,25.9,23.085714285714282,21.957142857142856
2018-06-06,18.0,12.3,24.5,157,0.42667408318992467,-0.9044054548343001,18.4,13.6,23.5,24.0,22.014285714285712,21.92142857142857
2018-06-07,20.9,12.3,28.0,158,0.4110537546870351,-0.9116111071930239,18.0,12.3,24.5,25.0,21.157142857142855,21.807142857142853
2018-06-08,23.5,13.4,31.3,159,0.3953117887649151,-0.9185469991587165,20.9,12.3,28.0,23.8,20.571428571428573,21.857142857142858
2018-06-09,24.5,17.0,31.0,160,0.37945284372454435,-0.925211078289358,23.5,13.4,31.3,21.6,20.52857142857143,22.035714285714285
2018-06-10,22.5,17.0,30.0,161,0.36348161248290634,-0.9316013725767187,24.5,17.0,31.0,20.1,20.942857142857143,22.32857142857143
2018-06-11,20.0,16.5,25.0,162,0.3474028211842774,-0.9377159910299093,22.5,17.0,30.0,21.2,21.285714285714285,22.47142857142857
2018-06-12,17.0,14.0,22.2,163,0.3312212278016865,-0.9435531242349544,20.0,16.5,25.0,18.4,21.114285714285717,22.099999999999998
2018-06-13,15.8,14.5,18.1,164,0.31494162072895193,-0.9491110448902284,17.0,14.0,22.2,18.0,20.91428571428571,21.464285714285715
2018-06-14,18.2,12.3,24.1,165,0.2985688173637202,-0.9543881083175908,15.8,14.5,18.1,20.9,20.599999999999998,20.87857142857143
2018-06-15,19.4,16.0,23.8,166,0.2821076626819194,-0.9593827529490743,18.2,12.3,24.1,23.5,20.214285714285715,20.392857142857142
2018-06-16,22.7,17.1,27.4,167,0.26556302780405594,-0.9640935007889755,19.4,16.0,23.8,24.5,19.628571428571426,20.078571428571426
2018-06-17,22.3,17.2,27.1,168,0.24893980855376657,-0.9685189578512204,22.7,17.1,27.4,22.5,19.37142857142857,20.157142857142855
2018-06-18,20.5,14.9,24.7,169,0.23224292400907015,-0.9726578145718654,22.3,17.2,27.1,20.0,19.342857142857138,20.314285714285713
2018-06-19,21.6,18.1,26.1,170,0.21547731504673012,-0.976508846196619,20.5,14.9,24.7,17.0,19.41428571428571,20.264285714285712
2018-06-20,22.6,16.2,29.0,171,0.19864794288017112,-0.9800709131432666,21.6,18.1,26.1,15.8,20.071428571428573,20.49285714285714
2018-06-21,18.0,11.3,27.8,172,0.18175978759137534,-0.9833429613388902,22.6,16.2,29.0,18.2,21.04285714285714,20.821428571428573
2018-06-22,14.1,10.4,20.1,173,0.16481784665719793,-0.9863240225317866,18.0,11.3,27.8,19.4,21.014285714285712,20.614285714285717
2018-06-23,13.8,11.6,20.1,174,0.14782713347053048,-0.9890132145779883,14.1,10.4,20.1,22.7,20.257142857142856,19.942857142857143
2018-06-24,13.4,11.8,16.0,175,0.13079267585675922,-0.9914097417023038,13.8,11.6,20.1,22.3,18.985714285714288,19.178571428571427
2018-06-25,16.2,12.4,22.4,176,0.11371951458594969,-0.9935128947338007,13.4,11.8,16.0,20.5,17.714285714285715,18.52857142857143
2018-06-26,17.2,12.4,24.3,177,0.0966127018812031,-0.9953220513156602,16.2,12.4,22.4,21.6,17.099999999999998,18.257142857142856
2018-06-27,19.6,13.3,25.1,178,0.07947729992362097,-0.9968366760893436,17.2,12.4,24.3,22.6,16.47142857142857,18.27142857142857
2018-06-28,22.1,14.8,28.9,179,0.062318379354325076,-0.998056320853012,19.6,13.3,25.1,18.0,16.04285714285714,18.542857142857144
2018-06-29,22.1,14.2,30.8,180,0.04514101777397193,-0.9989806246941579,22.1,14.8,28.9,14.1,16.628571428571426,18.821428571428573
2018-06-30,17.2,11.5,22.4,181,0.02795029824021032,-0.999609314096404,22.1,14.2,30.8,13.8,17.771428571428572,19.014285714285716
2018-07-01,16.9,9.7,22.6,182,0.01075130776352193,-0.9999422030204416,17.2,11.5,22.4,13.4,18.257142857142856,18.62142857142857
2018-07-02,18.0,8.6,24.9,183,-0.00645086419810515,-0.9999791929590823,16.9,9.7,22.6,16.2,18.75714285714286,18.235714285714284
2018-07-03,21.7,13.2,28.3,184,-0.023651127245231586,-0.9997202729664083,18.0,8.6,24.9,17.2,19.014285714285712,18.057142857142857
2018-07-04,24.5,14.9,31.9,185,-0.04084439154329611,-0.9991655196610109,21.7,13.2,28.3,19.6,19.657142857142855,18.064285714285713
2018-07-05,24.8,16.8,32.3,186,-0.05802556932878035,-0.9983150972033183,24.5,14.9,31.9,22.1,20.357142857142858,18.2
2018-07-06,19.4,15.3,24.2,187,-0.07518957641475855,-0.9971692572470178,24.8,16.8,32.3,22.1,20.74285714285714,18.685714285714287
2018-07-07,19.6,12.0,26.7,188,-0.09233133369539122,-0.9957283388645872,19.4,15.3,24.2,17.2,20.357142857142858,19.064285714285713
2018-07-08,20.7,14.8,27.8,189,-0.10944576864891556,-0.993992768446958,19.6,12.0,26.7,16.9,20.699999999999996,19.478571428571428
2018-07-09,20.0,15.9,24.1,190,-0.12652781683868314,-0.9919630595773397,20.7,14.8,27.8,18.0,21.24285714285714,20.0
2018-07-10,16.7,14.0,20.1,191,-0.1435724234118113,-0.9896398128792412,20.0,15.9,24.1,21.7,21.52857142857143,20.27142857142857
2018-07-11,18.4,14.3,24.8,192,-0.16057454459499376,-0.9870237158387383,16.7,14.0,20.1,24.5,20.814285714285713,20.235714285714284
2018-07-12,17.3,14.7,19.6,193,-0.17752914918703497,-0.984115542601034,18.4,14.3,24.8,24.8,19.942857142857143,20.150000000000002
2018-07-13,20.5,15.7,28.0,194,-0.19443122004766195,-0.9809161537413774,17.3,14.7,19.6,19.4,18.87142857142857,19.807142857142857
2018-07-14,19.5,14.5,24.6,195,-0.2112757555821793,-0.9774264960104055,20.5,15.7,28.0,19.6,19.02857142857143,19.692857142857143
2018-07-15,19.8,13.0,25.5,196,-0.2280577712215198,-0.9736476020539838,19.5,14.5,24.6,20.7,19.014285714285712,19.857142857142858
2018-07-16,22.4,15.2,28.7,197,-0.24477230089725957,-0.9695805901076308,19.8,13.0,25.5,20.0,18.885714285714283,20.064285714285713
2018-07-17,23.6,17.9,30.0,198,-0.2614143985111562,-0.965226663665613,22.4,15.2,28.7,16.7,19.228571428571428,20.378571428571426
2018-07-18,23.2,19.4,27.5,199,-0.2779791393987801,-0.9605871111248129,23.6,17.9,30.0,18.4,20.214285714285715,20.514285714285712
2018-07-19,20.8,16.4,26.1,200,-0.2944616217868012,-0.9556633054034704,23.2,19.4,27.5,17.3,20.9,20.42142857142857
2018-07-20,21.4,13.3,27.8,201,-0.3108569682435036,-0.9504567035349151,20.8,16.4,26.1,20.5,21.400000000000002,20.135714285714283
2018-07-21,22.0,14.6,27.8,202,-0.3271603271220951,-0.9449688462364056,21.4,13.3,27.8,19.5,21.52857142857143,20.27857142857143
2018-07-22,23.2,16.9,28.2,203,-0.34336687399638804,-0.939201357453208,22.0,14.6,27.8,19.8,21.885714285714283,20.449999999999996
2018-07-23,22.9,18.0,27.8,204,-0.3594718130884232,-0.9331559438780432,23.2,16.9,28.2,22.4,22.37142857142857,20.62857142857143
2018-07-24,24.4,16.6,29.9,205,-0.3754703786876202,-0.9268343944460494,22.9,18.0,27.8,23.6,22.442857142857143,20.835714285714285
2018-07-25,26.3,19.4,32.4,206,-0.3913578365610259,-0.9202385798054075,24.4,16.6,29.9,23.2,22.557142857142853,21.385714285714283
2018-07-26,26.1,18.1,32.0,207,-0.4071294853542516,-0.9133704517637858,26.3,19.4,32.4,20.8,23.0,21.95
2018-07-27,26.0,19.3,32.3,208,-0.4227806579826773,-0.9062320427107697,26.1,18.1,32.0,21.4,23.757142857142856,22.57857142857143
2018-07-28,25.6,19.8,32.8,209,-0.4383067230125192,-0.898825465016444,26.0,19.3,32.3,22.0,24.41428571428571,22.97142857142857
2018-07-29,23.6,17.8,29.5,210,-0.45370308603134424,-0.8911529104063088,25.6,19.8,32.8,23.2,24.928571428571427,23.407142857142855
2018-07-30,26.9,21.4,33.4,211,-0.46896519100763184,-0.8832166493127127,23.6,17.8,29.5,22.9,24.985714285714288,23.678571428571427
2018-07-31,28.8,20.0,36.1,212,-0.48408852163897587,-0.8750190302029955,26.9,21.4,33.4,24.4,25.557142857142853,24.0
2018-08-01,27.7,23.9,31.8,213,-0.4990686026885319,-0.8665624788845385,28.8,20.0,36.1,26.3,26.185714285714283,24.37142857142857
2018-08-02,26.6,22.7,32.2,214,-0.5139010013093103,-0.8578494977869301,27.7,23.9,31.8,26.1,26.385714285714283,24.692857142857143
2018-08-03,27.1,21.2,33.0,215,-0.5285813283559292,-0.8488826652214553,26.6,22.7,32.2,26.0,26.457142857142856,25.107142857142858
2018-08-04,27.7,19.4,34.3,216,-0.5431052396834317,-0.8396646346181327,27.1,21.2,33.0,25.6,26.61428571428571,25.514285714285716
2018-08-05,22.5,18.1,26.3,217,-0.5574684374327892,-0.8301981337405212,27.7,19.4,34.3,23.6,26.91428571428571,25.921428571428574
2018-08-06,23.1,15.6,29.8,218,-0.5716666713027052,-0.8204859638785327,22.5,18.1,26.3,26.9,26.757142857142856,25.87142857142857
2018-08-07,27.5,17.1,36.3,219,-0.5856957398073508,-0.8105309990194823,23.1,15.6,29.8,28.8,26.214285714285715,25.885714285714283
2018-08-08,28.9,22.4,38.0,220,-0.5995514915196489,-0.8003361849976323,27.5,17.1,36.3,27.7,26.028571428571432,26.107142857142858
2018-08-09,27.4,21.4,34.7,221,-0.6132298262997502,-0.7899045386224707,28.9,22.4,38.0,26.6,26.199999999999996,26.292857142857144
2018-08-10,21.2,17.3,24.8,222,-0.6267266965083301,-0.7792391467859886,27.4,21.4,34.7,27.1,26.314285714285713,26.385714285714283
2018-08-11,19.5,15.3,24.0,223,-0.6400381082043503,-0.7683431655492202,21.2,17.3,24.8,27.7,25.47142857142857,26.04285714285714
2018-08-12,20.3,12.8,27.6,224,-0.65316012232693,-0.7572198192083127,19.5,15.3,24.0,22.5,24.299999999999994,25.607142857142858
2018-08-13,22.9,14.0,32.0,225,-0.666088855860977,-0.7458723993404063,20.3,12.8,27.6,23.1,23.985714285714284,25.37142857142857
2018-08-14,20.7,17.8,25.6,226,-0.6788204829862355,-0.734304263829602,22.9,14.0,32.0,27.5,23.957142857142856,25.08571428571429
2018-08-15,20.5,16.1,26.4,227,-0.6913512362094071,-0.722518835873311,20.7,17.8,25.6,28.9,22.985714285714284,24.50714285714286
2018-08-16,22.9,14.1,29.7,228,-0.7036774074790128,-0.7105196029692745,20.5,16.1,26.4,27.4,21.78571428571428,23.992857142857144
2018-08-17,25.0,17.8,33.4,229,-0.7157953492826642,-0.6983101158835584,22.9,14.1,29.7,21.2,21.142857142857142,23.728571428571428
2018-08-18,21.8,17.3,27.3,230,-0.7277014757264236,-0.6858939875998223,25.0,17.8,33.4,19.5,21.685714285714287,23.578571428571426
2018-08-19,23.4,14.9,30.9,231,-0.7393922635959241,-0.673274892250183,21.8,17.3,27.3,20.3,22.014285714285712,23.157142857142855
2018-08-20,21.6,18.6,24.2,232,-0.7508642533989489,-0.6604565640279754,23.4,14.9,30.9,22.9,22.457142857142856,23.221428571428568
2018-08-21,19.7,14.6,24.0,233,-0.7621140503891487,-0.6474427960827475,21.6,18.6,24.2,20.7,22.27142857142857,23.114285714285717
2018-08-22,21.1,11.8,28.8,234,-0.7731383255706026,-0.6342374393978054,19.7,14.6,24.0,20.5,22.128571428571426,22.557142857142857
2018-08-23,25.6,15.6,34.6,235,-0.7839338166829201,-0.620844401650647,21.1,11.8,28.8,22.9,22.214285714285715,22.0
2018-08-24,20.6,16.9,24.2,236,-0.7944973291665992,-0.6072676460566135,25.6,15.6,34.6,25.0,22.599999999999998,21.87142857142857
2018-08-25,16.8,12.2,22.6,237,-0.8048257371083452,-0.593511190196115,20.6,16.9,24.2,21.8,21.971428571428568,21.82857142857143
2018-08-26,15.6,10.6,21.3,238,-0.8149159841660791,-0.5795791048257612,16.8,12.2,22.6,23.4,21.25714285714286,21.63571428571429
2018-08-27,18.0,11.7,22.4,239,-0.8247650844733614,-0.5654755126737576,15.6,10.6,21.3,21.6,20.142857142857142,21.3
2018-08-28,18.2,12.1,22.9,240,-0.8343701235229538,-0.5512045872199277,18.0,11.7,22.4,19.7,19.628571428571426,20.949999999999996
2018-08-29,20.4,11.2,27.8,241,-0.8437282590292712,-0.5367705514607103,18.2,12.1,22.9,21.1,19.414285714285715,20.771428571428572
2018-08-30,17.4,14.8,19.5,242,-0.8528367217694595,-0.522177676659508,20.4,11.2,27.8,25.6,19.314285714285713,20.764285714285712
2018-08-31,16.0,11.8,21.6,243,-0.8616928164028522,-0.5074302810827518,17.4,14.8,19.5,20.6,18.142857142857142,20.37142857142857
2018-09-01,17.4,10.2,22.7,244,-0.8702939222685674,-0.49253272872205434,16.0,11.8,21.6,16.8,17.485714285714284,19.728571428571428
2018-09-02,19.0,14.4,23.7,245,-0.8786374941610001,-0.4774894280028391,17.4,10.2,22.7,15.6,17.57142857142857,19.414285714285715
2018-09-03,22.9,17.8,28.8,246,-0.886721063082993,-0.46230483047981086,19.0,14.4,23.7,18.0,18.057142857142853,19.099999999999998
2018-09-04,20.2,15.5,26.4,247,-0.8945422369764496,-0.4469834295196741,22.9,17.8,28.8,18.2,18.757142857142856,19.192857142857143
2018-09-05,19.7,14.3,25.3,248,-0.9020987014301837,-0.43152975897147144,20.2,15.5,26.4,20.4,19.04285714285714,19.228571428571428
2018-09-06,19.9,15.5,26.1,249,-0.9093882203647925,-0.4159483918249421,19.7,14.3,25.3,17.4,18.942857142857143,19.128571428571426
2018-09-07,18.7,14.2,23.7,250,-0.9164086366943458,-0.4002439388573056,19.9,15.5,26.1,16.0,19.3,18.721428571428568
2018-09-08,17.0,12.0,22.7,251,-0.9231578729647039,-0.38442104726885545,18.7,14.2,23.7,17.4,19.685714285714283,18.585714285714285
2018-09-09,19.3,13.3,26.3,252,-0.9296339319682695,-0.3684843993077793,17.0,12.0,22.7,19.0,19.628571428571426,18.599999999999998
2018-09-10,20.2,13.2,26.9,253,-0.9358348973349941,-0.35243871088460327,19.3,13.3,26.3,22.9,19.67142857142857,18.86428571428571
2018-09-11,21.9,17.1,27.0,254,-0.9417589340994617,-0.33628873017668287,20.2,13.2,26.9,20.2,19.285714285714285,19.02142857142857
2018-09-12,21.2,15.5,28.9,255,-0.9474042892438845,-0.32003923622313857,21.9,17.1,27.0,19.7,19.52857142857143,19.285714285714285
2018-09-13,14.7,13.6,16.5,256,-0.9527692922168511,-0.30369503751065885,21.2,15.5,28.9,19.9,19.74285714285714,19.342857142857145
2018-09-14,16.4,13.4,20.5,257,-0.9578523554276669,-0.28726097055059635,14.7,13.6,16.5,18.7,19.0,19.15
2018-09-15,16.5,11.7,21.9,258,-0.9626519747161487,-0.2707418984477642,16.4,13.4,20.5,17.0,18.67142857142857,19.178571428571427
2018-09-16,16.4,10.1,23.2,259,-0.9671667297977312,-0.2541427094613622,16.5,11.7,21.9,19.3,18.599999999999998,19.114285714285717
2018-09-17,18.8,10.1,27.9,260,-0.97139528468375,-0.23746831555846842,16.4,10.1,23.2,20.2,18.185714285714283,18.928571428571427
2018-09-18,21.8,12.4,30.7,261,-0.9753363880767837,-0.2207236509605022,18.8,10.1,27.9,21.9,17.985714285714284,18.635714285714283
2018-09-19,22.9,16.4,29.3,262,-0.9789888737409319,-0.20391367068311472,21.8,12.4,30.7,21.2,17.97142857142857,18.75
2018-09-20,22.5,16.7,29.8,263,-0.9823516608469237,-0.18704334906991657,22.9,16.4,29.3,14.7,18.214285714285715,18.978571428571428
2018-09-21,19.6,11.9,30.6,264,-0.9854237542919524,-0.17011767832049052,22.5,16.7,29.8,16.4,19.328571428571426,19.16428571428571
2018-09-22,13.7,10.4,17.9,265,-0.9882042449941422,-0.15314166701312007,19.6,11.9,30.6,16.5,19.785714285714285,19.228571428571428
2018-09-23,10.6,8.6,13.9,266,-0.9906923101615609,-0.13612033862266704,13.7,10.4,17.9,16.4,19.385714285714283,18.99285714285714
2018-09-24,9.4,6.7,14.2,267,-0.9928872135356962,-0.11905873003404988,10.6,8.6,13.9,18.8,18.557142857142857,18.37142857142857
2018-09-25,9.4,5.1,14.7,268,-0.994788305609327,-0.10196189005174576,9.4,6.7,14.2,21.8,17.214285714285715,17.6
2018-09-26,12.3,5.4,17.7,269,-0.9963950238187231,-0.08483487790576538,9.4,5.1,14.7,22.9,15.44285714285714,16.707142857142856
2018-09-27,18.3,14.2,23.5,270,-0.9977068927101168,-0.06768276175455162,12.3,5.4,17.7,22.5,13.928571428571429,16.071428571428573
2018-09-28,13.1,8.1,17.4,271,-0.9987235240803972,-0.050510617185222886,18.3,14.2,23.5,19.6,13.328571428571427,16.32857142857143
2018-09-29,9.9,4.6,15.4,272,-0.9994446170919858,-0.033323525711631344,13.1,8.1,17.4,13.7,12.399999999999997,16.092857142857145
2018-09-30,10.6,3.8,19.0,273,-0.9998699583618592,-0.016126573270657762,9.9,4.6,15.4,10.6,11.857142857142858,15.621428571428572
2018-10-01,9.3,4.0,14.9,274,-0.9999994220246925,0.001075151282798226,10.6,3.8,19.0,9.4,11.857142857142856,15.207142857142857
2018-10-02,8.2,5.0,11.1,275,-0.999832969770105,0.018276557681691223,9.3,4.0,14.9,9.4,11.842857142857143,14.528571428571428
2018-10-03,11.3,8.8,14.5,276,-0.9993706508539969,0.03547255575312556,8.2,5.0,11.1,12.3,11.671428571428569,13.557142857142859
2018-10-04,12.1,8.4,15.6,277,-0.9986126020839734,0.052658056924614005,11.3,8.8,14.5,18.3,11.528571428571428,12.72857142857143
2018-10-05,15.2,10.8,20.6,278,-0.9975590477788613,0.06982797572987089,12.1,8.4,15.6,13.1,10.642857142857142,11.985714285714286
2018-10-06,16.0,8.5,23.6,279,-0.9962102997023297,0.0869772313136861,15.2,10.8,20.6,9.9,10.942857142857141,11.671428571428573
2018-10-07,11.6,3.5,16.3,280,-0.9945667569706337,0.1041007489354256,16.0,8.5,23.6,10.6,11.814285714285713,11.835714285714285
2018-10-08,8.8,2.4,15.2,281,-0.9926289059345095,0.121193461470736,11.6,3.5,16.3,9.3,11.957142857142856,11.907142857142857
2018-10-09,11.4,4.0,18.9,282,-0.9903973200352558,0.1382503109109819,8.8,2.4,15.2,8.2,11.885714285714284,11.864285714285714
2018-10-10,15.5,7.4,23.7,283,-0.9878726596350429,0.15526624985999563,11.4,4.0,18.9,11.3,12.342857142857142,12.007142857142858
2018-10-11,17.5,11.6,24.3,284,-0.9850556718215013,0.172236243027682,15.5,7.4,23.7,12.1,12.942857142857141,12.235714285714286
2018-10-12,17.7,11.6,25.7,285,-0.981947190186646,0.18915526872004093,17.5,11.6,24.3,15.2,13.714285714285714,12.178571428571429
2018-10-13,17.4,10.1,25.5,286,-0.9785481345802031,0.20601832032517084,17.7,11.6,25.7,16.0,14.071428571428571,12.507142857142856
2018-10-14,17.8,12.5,24.3,287,-0.9748595108374125,0.22282040779479959,17.4,10.1,25.5,11.6,14.27142857142857,13.042857142857143
2018-10-15,15.9,9.9,22.0,288,-0.9708824104813836,0.23955655912092708,17.8,12.5,24.3,8.8,15.157142857142857,13.557142857142859
2018-10-16,13.7,7.5,20.9,289,-0.9666180104000972,0.2562218218071163,15.9,9.9,22.0,11.4,16.17142857142857,14.028571428571427
2018-10-17,13.2,6.7,21.4,290,-0.9620675724981452,0.27281126433401914,13.7,7.5,20.9,15.5,16.499999999999996,14.421428571428573
2018-10-18,12.1,6.3,17.1,291,-0.957232443323312,0.28931997761869527,13.2,6.7,21.4,17.5,16.17142857142857,14.557142857142855
2018-10-19,9.8,4.0,14.7,292,-0.9521140536681102,0.3057430764672831,12.1,6.3,17.1,17.7,15.399999999999997,14.557142857142855
2018-10-20,9.2,4.1,13.2,293,-0.9467139181463862,0.3220757010206104,9.8,4.0,14.7,17.4,14.27142857142857,14.171428571428573
2018-10-21,9.9,3.8,15.8,294,-0.9410336347451197,0.3383130181923076,9.2,4.1,13.2,17.8,13.099999999999998,13.685714285714285
2018-10-22,8.4,5.4,11.6,295,-0.9350748843515574,0.3544502230989869,9.9,3.8,15.8,15.9,11.971428571428572,13.564285714285715
2018-10-23,8.9,5.0,11.7,296,-0.9288394302558068,0.3704825404820963,8.4,5.4,11.6,13.7,10.899999999999997,13.535714285714286
2018-10-24,9.8,7.0,12.6,297,-0.9223291176290545,0.3864052261209853,8.9,5.0,11.7,13.2,10.214285714285712,13.357142857142858
2018-10-25,11.3,9.5,12.8,298,-0.9155458729775467,0.40221356823680365,9.8,7.0,12.6,12.1,9.728571428571428,12.95
2018-10-26,10.3,8.0,12.4,299,-0.9084917035725082,0.41790288888678667,11.3,9.5,12.8,9.8,9.614285714285714,12.507142857142856
2018-10-27,7.9,4.3,10.3,300,-0.9011686968561569,0.4334685453485363,10.3,8.0,12.4,9.2,9.685714285714285,11.97857142857143
2018-10-28,6.1,3.8,8.6,301,-0.8935790198239952,0.4489059314938798,7.9,4.3,10.3,9.9,9.5,11.299999999999999
2018-10-29,4.6,3.9,6.5,302,-0.8857249183835637,0.4642104791518923,6.1,3.8,8.6,8.4,8.957142857142857,10.464285714285714
2018-10-30,13.3,6.5,21.3,303,-0.8776087166898392,0.4793776594606945,4.6,3.9,6.5,8.9,8.414285714285715,9.657142857142858
2018-10-31,9.0,5.4,13.3,304,-0.8692328164574792,0.49440298420761813,13.3,6.5,21.3,9.8,9.042857142857143,9.62857142857143
2018-11-01,8.6,3.6,12.4,305,-0.8605996962501181,0.5092820071573356,9.0,5.4,13.3,11.3,8.928571428571429,9.328571428571427
2018-11-02,9.1,6.1,14.1,306,-0.8517119107469189,0.5240103253675756,8.6,3.6,12.4,10.3,8.542857142857141,9.07857142857143
2018-11-03,8.1,4.9,11.4,307,-0.8425720899866032,0.5385835804920232,9.1,6.1,14.1,7.9,8.37142857142857,9.028571428571428
2018-11-04,9.3,5.0,10.9,308,-0.8331829385891785,0.5529974600700271,8.1,4.9,11.4,6.1,8.399999999999999,8.950000000000001
2018-11-05,11.7,10.3,15.0,309,-0.8235472349556007,0.5672476988027229,9.3,5.0,10.9,4.6,8.857142857142856,8.907142857142857
2018-11-06,12.4,9.1,17.5,310,-0.8136678304455991,0.5813300798152042,11.7,10.3,15.0,13.3,9.87142857142857,9.142857142857142
2018-11-07,10.6,6.3,16.0,311,-0.8035476485339116,0.5952404359043674,12.4,9.1,17.5,9.0,9.742857142857142,9.392857142857142
2018-11-08,9.5,4.8,14.6,312,-0.7931896839451843,0.6089746507720486,10.6,6.3,16.0,8.6,9.971428571428572,9.45
2018-11-09,9.0,7.5,10.4,313,-0.7825970017677834,0.6225286602431057,9.5,4.8,14.6,9.1,10.099999999999998,9.321428571428571
2018-11-10,8.8,5.8,12.1,314,-0.7717727365467836,0.6358984534680745,9.0,7.5,10.4,8.1,10.085714285714285,9.228571428571428
2018-11-11,8.5,6.1,11.6,315,-0.7607200913564104,0.6490800741100398,8.8,5.8,12.1,9.3,10.185714285714285,9.292857142857143
2018-11-12,11.4,8.0,14.6,316,-0.7494423368521954,0.6620696215153815,8.5,6.1,11.6,11.7,10.071428571428571,9.464285714285714
2018-11-13,10.2,7.1,12.3,317,-0.7379428103031386,0.6748632518680403,11.4,8.0,14.6,12.4,10.028571428571427,9.950000000000001
2018-11-14,7.8,5.5,11.5,318,-0.7262249146041543,0.6874571793269664,10.2,7.1,12.3,10.6,9.714285714285714,9.728571428571428
2018-11-15,7.1,4.4,10.3,319,-0.7142921172691032,0.699847677146407,7.8,5.5,11.5,9.5,9.314285714285713,9.642857142857142
2018-11-16,5.4,1.7,9.0,320,-0.7021479494046978,0.7120310787787131,7.1,4.4,10.3,9.0,8.97142857142857,9.535714285714286
2018-11-17,1.5,-2.5,5.0,321,-0.6897960046655887,0.7240037789593305,5.4,1.7,9.0,8.8,8.457142857142856,9.271428571428572
2018-11-18,1.8,-4.4,5.9,322,-0.6772399381909491,0.7357622347736527,1.5,-2.5,5.0,8.5,7.414285714285713,8.8
2018-11-19,3.9,2.5,5.4,323,-0.6644834655228552,0.7473029667054296,1.8,-4.4,5.9,11.4,6.457142857142856,8.264285714285714
2018-11-20,2.4,1.8,3.4,324,-0.6515303615068021,0.75862255966641,3.9,2.5,5.4,10.2,5.385714285714285,7.707142857142857
2018-11-21,1.2,0.5,1.9,325,-0.6383844591746642,0.7697176640069211,2.4,1.8,3.4,7.8,4.2714285714285705,6.992857142857142
2018-11-22,1.1,0.6,1.8,326,-0.6250496486104377,0.7805849965070866,1.2,0.5,1.9,7.1,3.328571428571428,6.321428571428571
2018-11-23,2.0,0.5,3.4,327,-0.6115298757991053,0.7912213413483807,1.1,0.6,1.8,5.4,2.4714285714285706,5.721428571428571
2018-11-24,2.0,0.1,3.4,328,-0.5978291414589552,0.801623551065242,2.0,0.5,3.4,1.5,1.9857142857142844,5.221428571428571
2018-11-25,4.3,2.6,5.5,329,-0.5839514998576998,0.8117885474764613,2.0,0.1,3.4,1.8,2.057142857142856,4.735714285714286
2018-11-26,2.5,-1.2,3.9,330,-0.5699010576127624,0.8217133225960589,4.3,2.6,5.5,3.9,2.4142857142857133,4.435714285714286
2018-11-27,-0.2,-2.9,1.6,331,-0.5556819724760489,0.8313949395234058,2.5,-1.2,3.9,2.4,2.214285714285713,3.8000000000000003
2018-11-28,0.8,-1.9,3.6,332,-0.5412984521036173,0.8408305333122887,-0.2,-2.9,1.6,1.2,1.8428571428571419,3.057142857142857
2018-11-29,0.5,-1.5,3.3,333,-0.5267547528105542,0.8500173118187018,0.8,-1.9,3.6,1.1,1.7857142857142847,2.5571428571428574
2018-11-30,0.8,0.4,1.6,334,-0.5120551783114646,0.8589525565270845,0.5,-1.5,3.3,2.0,1.699999999999999,2.085714285714286
2018-12-01,3.7,0.7,7.0,335,-0.4972040784469378,0.8676336233547726,0.8,0.4,1.6,2.0,1.5285714285714274,1.757142857142857
2018-12-02,6.4,3.5,10.4,336,-0.4822058478963526,0.8760579434344281,3.7,0.7,7.0,4.3,1.7714285714285702,1.9142857142857144
2018-12-03,11.0,8.5,14.0,337,-0.46706492487743034,0.8842230238742036,6.4,3.5,10.4,2.5,2.0714285714285703,2.242857142857143
2018-12-04,6.7,2.8,10.5,338,-0.451785789832884,0.8921264484954345,11.0,8.5,14.0,-0.2,3.2857142857142847,2.75
2018-12-05,2.9,0.8,7.2,339,-0.4363729641045924,0.8997658785476209,6.7,2.8,10.5,0.8,4.2714285714285705,3.0571428571428574
2018-12-06,5.2,1.6,9.5,340,-0.42083100859565564,0.9071390534005044,2.9,0.8,7.2,0.5,4.57142857142857,3.1785714285714284
2018-12-07,10.6,9.5,12.4,341,-0.4051645224207563,0.9142437912130223,5.2,1.6,9.5,0.8,5.242857142857141,3.471428571428571
2018-12-08,7.3,5.5,9.8,342,-0.3893781415452015,0.9210779895789526,10.6,9.5,12.4,3.7,6.6428571428571415,4.085714285714285
2018-12-09,7.4,6.1,8.4,343,-0.37347653741307074,0.9276396261490467,7.3,5.5,9.8,6.4,7.157142857142857,4.464285714285714
2018-12-10,4.9,3.8,6.1,344,-0.3574644155648614,0.9339267592294762,7.4,6.1,8.4,11.0,7.299999999999999,4.685714285714285
2018-12-11,3.8,2.5,4.9,345,-0.34134651424503615,0.9399375283564133,4.9,3.8,6.1,6.7,6.428571428571428,4.857142857142857
2018-12-12,2.7,0.9,4.5,346,-0.3251276029999093,0.9456701548465688,3.8,2.5,4.9,2.9,6.014285714285713,5.142857142857143
2018-12-13,2.0,1.0,2.4,347,-0.30881248126625377,0.9511229423235357,2.7,0.9,4.5,5.2,5.985714285714285,5.278571428571429
2018-12-14,0.4,-0.4,1.1,348,-0.29240597695107734,0.9562942772197719,2.0,1.0,2.4,10.6,5.528571428571427,5.385714285714286
2018-12-15,0.0,-0.5,0.8,349,-0.27591294500296043,0.9611826292540837,0.4,-0.4,1.1,7.3,4.071428571428571,5.357142857142857
2018-12-16,-0.4,-1.5,0.3,350,-0.2593382659754056,0.9657865518844574,0.0,-0.5,0.8,7.4,3.028571428571428,5.092857142857143
2018-12-17,0.9,-1.3,2.5,351,-0.2426868445825954,0.9701046827361175,-0.4,-1.5,0.3,4.9,1.914285714285713,4.607142857142857
2018-12-18,3.7,0.7,6.7,352,-0.22596360824801906,0.974135744004672,0.9,-1.3,2.5,3.8,1.3428571428571419,3.8857142857142857
2018-12-19,1.9,0.2,2.9,353,-0.20917350564635637,0.9778785428342386,3.7,0.7,6.7,2.7,1.3285714285714276,3.6714285714285713
2018-12-20,3.8,2.6,5.6,354,-0.19232150523909483,0.9813319716704275,1.9,0.2,2.9,2.0,1.2142857142857133,3.6
2018-12-21,6.8,4.5,11.1,355,-0.17541259380427843,0.9844950085880858,3.8,2.6,5.6,0.4,1.4714285714285704,3.5
2018-12-22,6.7,3.5,9.9,356,-0.15845177496083632,0.9873667175937016,6.8,4.5,11.1,0.0,2.385714285714285,3.2285714285714286
2018-12-23,6.2,3.7,7.8,357,-0.14144406768794202,0.9899462489023779,6.7,3.5,9.9,-0.4,3.3428571428571416,3.1857142857142855
2018-12-24,2.0,0.3,5.5,358,-0.12439450483979998,0.9922328391893008,6.2,3.7,7.8,0.9,4.285714285714285,3.1
2018-12-25,4.9,3.4,6.0,359,-0.10730813165636247,0.9942258118156161,2.0,0.3,5.5,3.7,4.442857142857142,2.892857142857143
2018-12-26,5.8,4.9,6.7,360,-0.09019000427034513,0.9959245770286599,4.9,3.4,6.0,1.9,4.614285714285714,2.9714285714285715
2018-12-27,5.5,4.3,6.3,361,-0.07304518821104743,0.9973286321364752,5.8,4.9,6.7,3.8,5.171428571428571,3.192857142857143
2018-12-28,6.2,5.4,7.2,362,-0.05587875690537313,0.9984375616565666,5.5,4.3,6.3,6.8,5.414285714285713,3.442857142857143
2018-12-29,6.0,4.6,7.0,363,-0.03869579017652689,0.9992510374388481,6.2,5.4,7.2,6.7,5.328571428571428,3.857142857142857
2018-12-30,6.3,3.5,7.8,364,-0.021501372740813793,0.999768818762748,6.0,4.6,7.0,6.2,5.228571428571428,4.285714285714286
2018-12-31,5.8,3.6,8.5,365,-0.004300592702981974,0.9999907524084426,6.3,3.5,7.8,2.0,5.242857142857141,4.764285714285714
2019-01-01,6.6,3.2,8.7,1,0.017201575418260506,0.9998520419557735,5.8,3.6,8.5,4.9,5.785714285714285,5.114285714285714
2019-01-02,1.8,-1.8,3.7,2,0.03439806061360801,0.9994082116062598,6.6,3.2,8.7,5.8,6.028571428571427,5.321428571428571
2019-01-03,-0.3,-2.9,2.0,3,0.051584366869408364,0.9986686402879997,1.8,-1.8,3.7,5.5,5.457142857142856,5.314285714285715
2019-01-04,2.1,-0.5,5.1,4,0.06875540848113941,0.9976335468520451,-0.3,-2.9,2.0,6.2,4.628571428571428,5.021428571428571
2019-01-05,6.1,2.1,8.1,5,0.08590610426133272,0.9963032375991965,2.1,-0.5,5.1,6.0,4.042857142857142,4.685714285714285
2019-01-06,2.3,1.1,3.6,6,0.10303137904317879,0.9946781061893646,6.1,2.1,8.1,6.3,4.057142857142856,4.642857142857143
2019-01-07,3.3,0.4,5.8,7,0.1201261651823505,0.9927586335250793,2.3,1.1,3.6,5.8,3.4857142857142844,4.364285714285715
2019-01-08,4.8,2.3,6.1,8,0.13718540405660057,0.9905453876091833,3.3,0.4,5.8,6.6,3.1285714285714272,4.457142857142857
2019-01-09,2.2,1.0,3.2,9,0.1542040475626894,0.988039023376751,4.8,2.3,6.1,1.8,2.87142857142857,4.45
2019-01-10,1.2,0.3,2.2,10,0.17117705961019986,0.985240282501282,2.2,1.0,3.2,-0.3,2.9285714285714275,4.192857142857142
2019-01-11,2.5,0.1,5.8,11,0.18809941761179758,0.9821499931752291,1.2,0.3,2.2,2.1,3.142857142857142,3.8857142857142857
2019-01-12,5.2,4.2,6.1,12,0.20496611396949532,0.9787690698649216,2.5,0.1,5.8,6.1,3.199999999999999,3.6214285714285714
2019-01-13,6.4,5.3,8.1,13,0.22177215755648186,0.975098513039961,5.2,4.2,6.1,2.3,3.0714285714285703,3.5642857142857145
2019-01-14,2.5,0.4,6.0,14,0.23851257519407648,0.9711394088771653,6.4,5.3,8.1,3.3,3.657142857142856,3.5714285714285716
2019-01-15,4.1,1.4,6.8,15,0.2551824131233728,0.9668929289391521,2.5,0.4,6.0,4.8,3.5428571428571423,3.335714285714286
2019-01-16,6.3,3.2,7.3,16,0.2717767384711357,0.9623603298276545,4.1,1.4,6.8,2.2,3.442857142857142,3.1571428571428575
2019-01-17,4.7,1.8,7.7,17,0.2882906407095177,0.9575429528116719,6.3,3.2,7.3,1.2,4.028571428571428,3.4785714285714286
2019-01-18,0.7,-1.4,2.6,18,0.3047192331091634,0.9524422234305676,4.7,1.8,7.7,2.5,4.528571428571428,3.835714285714286
2019-01-19,0.6,-3.8,3.8,19,0.321057654185271,0.9470596510722283,0.7,-1.4,2.6,5.2,4.2714285714285705,3.7357142857142853
2019-01-20,-2.8,-6.3,1.2,20,0.3373010691361842,0.9413968285264122,0.6,-3.8,3.8,6.4,3.6142857142857134,3.342857142857143
2019-01-21,-3.3,-4.7,-1.8,21,0.3534446712740877,0.9354554315134164,-2.8,-6.3,1.2,2.5,2.2999999999999985,2.9785714285714286
2019-01-22,-3.3,-6.1,0.1,22,0.3694836834473831,0.9292372181882051,-3.3,-4.7,-1.8,4.1,1.4714285714285704,2.507142857142857
2019-01-23,-5.5,-6.9,-3.3,23,0.38541335945432564,0.9227440286201427,-3.3,-6.1,0.1,6.3,0.4142857142857133,1.9285714285714286
2019-01-24,-3.9,-4.7,-3.2,24,0.4012289854475009,0.9159777842484877,-5.5,-6.9,-3.3,4.7,-1.2714285714285722,1.3785714285714283
2019-01-25,-3.5,-4.4,-2.4,25,0.4169258813287287,0.908940487313808,-3.9,-4.7,-3.2,0.7,-2.500000000000001,1.0142857142857142
2019-01-26,0.8,-3.2,4.0,26,0.4324994021339788,0.901634220265486,-3.5,-4.4,-2.4,0.6,-3.100000000000001,0.5857142857142856
2019-01-27,4.3,2.5,6.1,27,0.44794493940789115,0.8940611451454876,0.8,-3.2,4.0,-2.8,-3.0714285714285725,0.27142857142857146
2019-01-28,3.4,1.7,5.8,28,0.4632579225674917,0.88622350294858,4.3,2.5,6.1,-3.3,-2.057142857142858,0.12142857142857144
2019-01-29,1.2,-1.2,2.8,29,0.4784338202547012,0.8781236129591848,3.4,1.7,5.8,-3.3,-1.100000000000001,0.18571428571428572
2019-01-30,0.0,-2.2,2.8,30,0.49346814167723735,0.8697638720650646,1.2,-1.2,2.8,-5.5,-0.4571428571428582,-0.0214285714285714
2019-01-31,0.7,-1.6,4.2,31,0.5083564379375122,0.8611467540480452,0.0,-2.2,2.8,-3.9,0.3285714285714275,-0.4714285714285714
2019-02-01,-0.5,-3.6,2.0,32,0.5230943033491326,0.8522748088519838,0.7,-1.6,4.2,-3.5,0.9857142857142847,-0.7571428571428572
2019-02-02,0.9,0.5,1.8,33,0.5376773767406141,0.8431506618282,-0.5,-3.6,2.0,0.8,1.4142857142857133,-0.8428571428571429
2019-02-03,1.3,-0.3,2.2,34,0.5521013427459208,0.8337770129585915,0.9,0.5,1.8,4.3,1.4285714285714275,-0.8214285714285714
2019-02-04,1.3,-1.4,5.7,35,0.5663619330814524,0.8241566360566663,1.3,-0.3,2.2,3.4,0.999999999999999,-0.5285714285714285
2019-02-05,2.4,0.0,4.1,36,0.580454927809098,0.8142923779467267,1.3,-1.4,5.7,1.2,0.6999999999999991,-0.19999999999999998
2019-02-06,3.4,0.7,6.9,37,0.5943761565849831,0.804187157621448,2.4,0.0,4.1,0.0,0.8714285714285703,0.2071428571428571
2019-02-07,2.4,-0.7,5.3,38,0.6081214998935418,0.7938439653781019,3.4,0.7,6.9,0.7,1.357142857142856,0.8428571428571427
2019-02-08,5.5,2.6,8.5,39,0.6216868902665479,0.7832658619336791,2.4,-0.7,5.3,-0.5,1.599999999999999,1.2928571428571427
2019-02-09,7.8,5.3,11.2,40,0.6350683134867438,0.7724559775191742,5.5,2.6,8.5,0.9,2.457142857142856,1.9357142857142855
2019-02-10,6.6,4.3,9.1,41,0.6482618097757122,0.7614175109532997,7.8,5.3,11.2,1.3,3.4428571428571417,2.4357142857142855
2019-02-11,4.5,1.3,7.3,42,0.6612634749656386,0.7501537286959042,6.6,4.3,9.1,1.3,4.199999999999998,2.6
2019-02-12,3.3,2.0,6.1,43,0.6740694616546161,0.7386679638813748,4.5,1.3,7.3,2.4,4.657142857142857,2.6785714285714284
2019-02-13,6.4,4.0,8.3,44,0.6866759803451553,0.726963615332308,3.3,2.0,6.1,3.4,4.785714285714285,2.8285714285714287
2019-02-14,7.5,3.1,11.2,45,0.6990793005655562,0.7150441465537444,6.4,4.0,8.3,2.4,5.2142857142857135,3.2857142857142856
2019-02-15,6.9,0.3,15.3,46,0.7112757519738152,0.7029130847082615,7.5,3.1,11.2,5.5,5.942857142857142,3.7714285714285714
2019-02-16,7.8,-0.6,16.7,47,0.7232617254437388,0.6905740195722293,6.9,0.3,15.3,7.8,6.1428571428571415,4.3
2019-02-17,6.8,0.7,14.3,48,0.7350336741329413,0.6780306024735382,7.8,-0.6,16.7,6.6,6.142857142857141,4.792857142857143
2019-02-18,7.5,-0.1,15.3,49,0.746588114532413,0.6652865452111116,6.8,0.7,14.3,4.5,6.171428571428571,5.185714285714285
2019-02-19,7.2,4.4,10.2,50,0.7579216274973472,0.6523456189565257,7.5,-0.1,15.3,3.3,6.6,5.628571428571428
2019-02-20,7.9,5.9,10.5,51,0.7690308592589181,0.6392116531380588,7.2,4.4,10.2,6.4,7.157142857142857,5.971428571428571
2019-02-21,8.3,6.2,10.9,52,0.7799125224167177,0.6258885343075018,7.9,5.9,10.5,7.5,7.371428571428571,6.292857142857143
2019-02-22,3.3,-2.0,8.7,53,0.7905633969115482,0.612380204990065,8.3,6.2,10.9,6.9,7.485714285714285,6.714285714285714
2019-02-23,0.3,-3.8,5.1,54,0.8009803309782905,0.5986906625177214,3.3,-2.0,8.7,7.8,6.971428571428571,6.557142857142857
2019-02-24,4.4,-2.6,13.2,55,0.8111602420785621,0.5848239578463322,0.3,-3.8,5.1,6.8,5.8999999999999995,6.021428571428572
2019-02-25,7.5,1.0,13.9,56,0.8211001178128892,0.5707841943569036,4.4,-2.6,13.2,7.5,5.557142857142856,5.864285714285714
2019-02-26,7.2,3.6,11.8,57,0.8307970168121247,0.5565755266413303,7.5,1.0,13.9,7.2,5.557142857142856,6.078571428571428
2019-02-27,8.8,0.7,16.7,58,0.8402480696078469,0.5422021592729844,7.2,3.6,11.8,7.9,5.557142857142856,6.357142857142857
2019-02-28,8.5,3.3,12.9,59,0.8494504794814806,0.527668345562516,8.8,0.7,16.7,8.3,5.685714285714285,6.528571428571428
2019-03-01,4.6,3.3,5.8,60,0.8584015232918917,0.512978386299228,8.5,3.3,12.9,3.3,5.7142857142857135,6.6000000000000005
2019-03-02,4.3,2.8,5.8,61,0.8670985522812081,0.4981366284784055,4.6,3.3,5.8,0.3,5.8999999999999995,6.435714285714286
2019-03-03,9.0,4.4,11.7,62,0.8755389928586302,0.4831474640149687,4.3,2.8,5.8,4.4,6.47142857142857,6.185714285714286
2019-03-04,9.8,6.5,15.1,63,0.8837203473619977,0.4680153284438345,9.0,4.4,11.7,7.5,7.128571428571427,6.342857142857143
2019-03-05,6.5,3.0,9.6,64,0.8916401947968874,0.45274469960737107,9.8,6.5,15.1,7.2,7.4571428571428555,6.507142857142858
2019-03-06,7.2,1.2,12.7,65,0.8992961915530253,0.4373400963303323,6.5,3.0,9.6,8.8,7.357142857142857,6.457142857142857
2019-03-07,10.6,7.9,16.9,66,0.9066860720977985,0.4218060770826634,7.2,1.2,12.7,8.5,7.128571428571427,6.4071428571428575
2019-03-08,7.9,4.7,9.9,67,0.9138076496466615,0.4061472386305789,10.6,7.9,16.9,4.6,7.428571428571428,6.571428571428571
2019-03-09,7.4,4.7,12.0,68,0.9206588168102428,0.3903682146763026,7.9,4.7,9.9,4.3,7.899999999999999,6.9
2019-03-10,4.7,0.6,7.9,69,0.9272375462179537,0.374473674486883,7.4,4.7,12.0,9.0,8.342857142857142,7.407142857142857
2019-03-11,3.4,1.7,6.2,70,0.9335418911179212,0.35846832151248087,4.7,0.6,7.9,9.8,7.728571428571428,7.428571428571429
2019-03-12,5.7,1.7,9.0,71,0.9395699859530622,0.342356891994542,3.4,1.7,6.2,6.5,6.814285714285714,7.135714285714286
2019-03-13,7.6,5.1,10.2,72,0.945320046913132,0.3261441535642696,5.7,1.7,9.0,7.2,6.699999999999998,7.028571428571429
2019-03-14,5.9,4.0,8.6,73,0.9507903724625832,0.3098349038318025,7.6,5.1,10.2,10.6,6.757142857142857,6.942857142857143
2019-03-15,7.6,5.8,9.9,74,0.9559793438440766,0.2934339689665273,5.9,4.0,8.6,7.9,6.0857142857142845,6.757142857142858
2019-03-16,6.8,4.8,9.2,75,0.9608854255574977,0.27694620226893646,7.6,5.8,9.9,7.4,6.042857142857143,6.971428571428571
2019-03-17,8.7,4.3,13.1,76,0.9655071658143364,0.2603764827344581,6.8,4.8,9.2,4.7,5.9571428571428555,7.1499999999999995
2019-03-18,5.2,3.3,9.6,77,0.969843196967294,0.24372971360968387,8.7,4.3,13.1,3.4,6.528571428571427,7.128571428571428
2019-03-19,5.2,2.4,9.1,78,0.9738922359149924,0.22701082094141847,5.2,3.3,9.6,5.7,6.785714285714285,6.8
2019-03-20,7.7,-0.6,13.2,79,0.9776530844816641,0.2102247521189836,5.2,2.4,9.1,7.6,6.7142857142857135,6.707142857142857
2019-03-21,10.2,6.8,12.2,80,0.981124629771712,0.19337647441020586,7.7,-0.6,13.2,5.9,6.728571428571427,6.742857142857142
2019-03-22,8.7,6.1,10.7,81,0.984305844499033,0.17647097349152166,10.2,6.8,12.2,7.6,7.342857142857142,6.714285714285714
2019-03-23,9.9,4.4,17.1,82,0.9871957872910085,0.15951325197263655,8.7,6.1,10.7,6.8,7.499999999999998,6.771428571428571
2019-03-24,7.1,3.1,12.0,83,0.9897936029670716,0.14250832791617088,9.9,4.4,17.1,8.7,7.942857142857142,6.950000000000001
2019-03-25,4.9,1.5,8.6,84,0.992098522791769,0.12546123335273648,7.1,3.1,12.0,5.2,7.714285714285713,7.121428571428572
2019-03-26,5.2,2.0,8.0,85,0.9941098647022418,0.10837701279187609,4.9,1.5,8.6,5.2,7.671428571428571,7.228571428571429
2019-03-27,7.6,4.1,10.6,86,0.9958270335100595,0.09126072172931188,5.2,2.0,8.0,7.7,7.67142857142857,7.192857142857142
2019-03-28,9.0,8.2,10.2,87,0.9972495210773451,0.07411742515094437,7.6,4.1,10.6,10.2,7.657142857142857,7.192857142857143
2019-03-29,10.1,6.6,12.3,88,0.998376906467142,0.056952196034039754,9.0,8.2,10.2,8.7,7.485714285714285,7.414285714285714
2019-03-30,11.7,3.8,18.8,89,0.9992088560679753,0.03977011384605572,10.1,6.6,12.3,9.9,7.685714285714284,7.5928571428571425
2019-03-31,8.3,1.5,12.7,90,0.9997451236925734,0.022576263041545485,11.7,3.8,18.8,7.1,7.942857142857141,7.942857142857143
2019-04-01,5.9,-1.8,11.4,91,0.9999855506507186,0.005375731557583884,8.3,1.5,12.7,4.9,8.114285714285712,7.914285714285714
2019-04-02,8.9,1.7,15.3,92,0.9999300657962057,-0.011826390691832589,5.9,-1.8,11.4,5.2,8.257142857142856,7.964285714285714
2019-04-03,13.4,6.8,19.1,93,0.9995786855478958,-0.029025013321975237,8.9,1.7,15.3,7.6,8.785714285714285,8.228571428571428
2019-04-04,14.9,8.0,20.6,94,0.9989315138848577,-0.046215046983708354,13.4,6.8,19.1,9.0,9.614285714285714,8.635714285714286
2019-04-05,10.6,6.1,15.0,95,0.9979887423155984,-0.06339140486951038,14.9,8.0,20.6,10.1,10.457142857142856,8.971428571428572
2019-04-06,14.4,7.5,20.9,96,0.9967506498213929,-0.08054900421874167,10.6,6.1,15.0,11.7,10.528571428571427,9.107142857142858
2019-04-07,13.5,7.2,19.2,97,0.9952176027737294,-0.09768276782171598,14.4,7.5,20.9,8.3,10.914285714285713,9.428571428571429
2019-04-08,11.8,4.5,19.3,98,0.9933900548258936,-0.11478762552212701,13.5,7.2,19.2,5.9,11.657142857142857,9.885714285714286
2019-04-09,6.7,2.7,11.2,99,0.9912685467787256,-0.13185851571739118,11.8,4.5,19.3,8.9,12.5,10.378571428571428
2019-04-10,5.2,0.3,9.8,100,0.9888537064205885,-0.1488903868564548,6.7,2.7,11.2,13.4,12.185714285714283,10.485714285714286
2019-04-11,3.6,0.2,6.4,101,0.986146248341595,-0.16587819893463143,5.2,0.3,9.8,14.9,11.014285714285714,10.314285714285715
2019-04-12,3.2,2.0,4.6,102,0.9831469737221499,-0.1828169249850199,3.6,0.2,6.4,10.6,9.4,9.928571428571429
2019-04-13,4.6,2.1,7.2,103,0.9798567700958665,-0.1997015525660636,3.2,2.0,4.6,14.4,8.342857142857143,9.435714285714285
2019-04-14,5.8,2.5,10.5,104,0.9762766110869321,-0.21652708524481437,4.6,2.1,7.2,13.5,6.942857142857142,8.928571428571429
2019-04-15,7.5,1.2,12.9,105,0.9724075561219968,-0.23328854407545518,5.8,2.5,10.5,11.8,5.842857142857142,8.75
2019-04-16,9.0,1.5,15.6,106,0.9682507501166718,-0.2499809690726521,7.5,1.2,12.9,6.7,5.228571428571428,8.864285714285714
2019-04-17,10.9,2.4,17.6,107,0.9638074231367307,-0.26659942067929354,9.0,1.5,15.6,5.2,5.557142857142856,8.871428571428572
2019-04-18,14.0,5.9,20.3,108,0.9590788900341131,-0.28313898122818354,10.9,2.4,17.6,3.6,6.371428571428569,8.692857142857143
2019-04-19,14.8,8.2,21.4,109,0.9540665500578387,-0.2995947563972602,14.0,5.9,20.3,3.2,7.857142857142856,8.628571428571428
2019-04-20,13.4,5.0,21.4,110,0.9487718864399473,-0.31596187665790293,14.8,8.2,21.4,4.6,9.514285714285714,8.928571428571429
2019-04-21,14.2,6.0,21.1,111,0.9431964659565866,-0.33223549871590435,13.4,5.0,21.4,5.8,10.77142857142857,8.857142857142858
2019-04-22,13.2,7.2,18.6,112,0.9373419384643772,-0.3484108069446808,14.2,6.0,21.1,7.5,11.971428571428572,8.907142857142857
2019-04-23,14.5,9.7,18.8,113,0.9312100364121947,-0.3644830148102912,13.2,7.2,18.6,9.0,12.785714285714286,9.007142857142856
2019-04-24,17.3,12.3,23.1,114,0.9248025743285089,-0.38044736628785164,14.5,9.7,18.8,10.9,13.571428571428571,9.564285714285715
2019-04-25,19.0,13.6,25.8,115,0.9181214482844364,-0.39629913726891813,17.3,12.3,23.1,14.0,14.485714285714284,10.428571428571429
2019-04-26,18.7,10.7,25.4,116,0.9111686353326631,-0.41203363695942635,19.0,13.6,25.8,14.8,15.2,11.528571428571428
2019-04-27,13.4,9.8,18.7,117,0.9039461929224011,-0.42764620926777464,18.7,10.7,25.4,13.4,15.757142857142854,12.635714285714286
2019-04-28,10.5,8.4,13.3,118,0.8964562582905575,-0.44313223418263453,13.4,9.8,18.7,14.2,15.757142857142854,13.264285714285714
2019-04-29,10.5,5.6,17.1,119,0.8887010478292915,-0.45848712914008766,10.5,8.4,13.3,13.2,15.228571428571428,13.599999999999998
2019-04-30,11.4,3.5,18.3,120,0.8806828564301475,-0.47370635037968,10.5,5.6,17.1,14.5,14.842857142857142,13.814285714285713
2019-05-01,13.1,8.1,17.6,121,0.8724040568049612,-0.48878539428899265,11.4,3.5,18.3,17.3,14.4,13.985714285714284
2019-05-02,10.2,7.3,13.7,122,0.8638670987837349,-0.503719798736334,13.1,8.1,17.6,19.0,13.799999999999999,14.142857142857142
2019-05-03,8.7,5.5,12.3,123,0.8550745085896932,-0.518505144391157,10.2,7.3,13.7,18.7,12.542857142857143,13.871428571428572
2019-05-04,7.0,2.5,11.5,124,0.8460288880917339,-0.533137056031809,8.7,5.5,12.3,13.4,11.114285714285714,13.435714285714285
2019-05-05,7.5,1.1,12.8,125,0.8367329140344921,-0.5476112038402312,7.0,2.5,11.5,10.5,10.2,12.978571428571428
2019-05-06,8.5,3.5,13.4,126,0.8271893372462497,-0.5619233046832195,7.5,1.1,12.8,10.5,9.77142857142857,12.5
2019-05-07,8.8,4.3,13.5,127,0.8174009818249189,-0.5760691233798758,8.5,3.5,13.4,11.4,9.485714285714284,12.164285714285713
2019-05-08,12.2,2.8,18.3,128,0.8073707443023492,-0.5900444739548627,8.8,4.3,13.5,13.1,9.114285714285712,11.757142857142856
2019-05-09,13.9,10.4,18.4,129,0.7971015927871943,-0.6038452208771035,12.2,2.8,18.3,10.2,8.985714285714284,11.392857142857142
2019-05-10,13.2,8.5,16.8,130,0.7865965660866021,-0.6174672802835514,13.9,10.4,18.4,8.7,9.514285714285714,11.028571428571428
2019-05-11,11.2,6.8,15.1,131,0.7758587728069828,-0.6309066211876704,13.2,8.5,16.8,7.0,10.157142857142857,10.635714285714284
2019-05-12,11.9,5.9,17.2,132,0.7648913904341225,-0.6441592666722685,11.2,6.8,15.1,7.5,10.757142857142856,10.47857142857143
2019-05-13,10.3,4.9,15.9,133,0.753697664392914,-0.6572212950663319,11.9,5.9,17.2,8.5,11.385714285714284,10.578571428571431
2019-05-14,9.0,4.1,13.5,134,0.742280907086982,-0.6700888411055113,10.3,4.9,15.9,8.8,11.642857142857142,10.564285714285715
2019-05-15,8.6,1.2,13.3,135,0.7306444969184916,-0.6827580970759147,9.0,4.1,13.5,12.2,11.671428571428573,10.392857142857142
2019-05-16,9.4,6.4,11.6,136,0.7187918772884232,-0.6952253139408722,8.6,1.2,13.3,13.9,11.157142857142857,10.071428571428571
2019-05-17,13.5,6.0,20.0,137,0.7067265555776158,-0.7074868024503348,9.4,6.4,11.6,13.2,10.514285714285714,10.014285714285714
2019-05-18,17.6,10.2,24.6,138,0.6944521021088763,-0.719538934232584,13.5,6.0,20.0,11.2,10.557142857142855,10.357142857142858
2019-05-19,19.0,11.2,26.1,139,0.6819721490904629,-0.7313781428679254,17.6,10.2,24.6,11.9,11.47142857142857,11.114285714285716
2019-05-20,18.3,13.2,25.3,140,0.6692903895412567,-0.7430009249440493,19.0,11.2,26.1,10.3,12.485714285714286,11.935714285714287
2019-05-21,18.1,11.4,24.4,141,0.6564105761979381,-0.7544038410927472,18.3,13.2,25.3,9.0,13.628571428571428,12.635714285714286
2019-05-22,12.8,11.6,15.8,142,0.6433365204044917,-0.765583517007675,18.1,11.4,24.4,8.6,14.928571428571427,13.299999999999999
2019-05-23,14.2,8.4,19.3,143,0.6300720909843687,-0.7765366444428655,12.8,11.6,15.8,9.4,15.528571428571427,13.342857142857143
2019-05-24,18.0,10.6,23.8,144,0.6166212130956382,-0.7872599821916922,14.2,8.4,19.3,13.5,16.21428571428571,13.364285714285714
2019-05-25,13.8,10.9,16.3,145,0.6029878670694714,-0.7977503570459932,18.0,10.6,23.8,17.6,16.857142857142854,13.707142857142857
2019-05-26,16.6,8.6,21.7,146,0.5891760872322963,-0.8080046647350754,13.8,10.9,16.3,19.0,16.314285714285713,13.892857142857142
2019-05-27,18.3,15.6,22.2,147,0.5751899607119775,-0.8180198708443174,16.6,8.6,21.7,18.3,15.971428571428572,14.228571428571428
2019-05-28,15.5,9.0,19.8,148,0.5610336262283677,-0.8277930117131022,18.3,15.6,22.2,18.1,15.971428571428572,14.8
2019-05-29,12.8,8.2,18.1,149,0.5467112728685939,-0.8373211953118121,15.5,9.0,19.8,12.8,15.599999999999998,15.264285714285716
2019-05-30,16.4,6.9,23.6,150,0.5322271388474397,-0.8466016020976267,12.8,8.2,18.1,14.2,15.599999999999998,15.564285714285717
2019-05-31,19.4,14.0,25.0,151,0.5175855102531889,-0.8556314858488706,16.4,6.9,23.6,18.0,15.914285714285713,16.064285714285713
2019-06-01,21.6,15.4,28.3,152,0.5027907197793043,-0.8644081744776648,19.4,14.0,25.0,13.8,16.11428571428571,16.485714285714288
2019-06-02,23.8,14.9,31.5,153,0.4878471454423119,-0.8729290708206411,21.6,15.4,28.3,16.6,17.228571428571428,16.77142857142857
2019-06-03,26.0,18.7,33.9,154,0.47275920928627757,-0.881191653407483,23.8,14.9,31.5,18.3,18.257142857142856,17.114285714285717
2019-06-04,24.7,18.4,31.2,155,0.4575313760742512,-0.8891934772070711,26.0,18.7,33.9,15.5,19.357142857142858,17.664285714285715
2019-06-05,27.0,17.3,33.9,156,0.44216815196707204,-0.8969321743510065,24.7,18.4,31.2,12.8,20.67142857142857,18.135714285714286
2019-06-06,21.7,15.1,32.0,157,0.42667408318992467,-0.9044054548343001,27.0,17.3,33.9,16.4,22.699999999999996,19.150000000000002
2019-06-07,19.9,13.7,25.2,158,0.4110537546870351,-0.9116111071930239,21.7,15.1,32.0,19.4,23.457142857142856,19.685714285714287
2019-06-08,18.6,14.4,22.7,159,0.3953117887649151,-0.9185469991587165,19.9,13.7,25.2,21.6,23.52857142857143,19.821428571428573
2019-06-09,19.7,12.4,25.9,160,0.37945284372454435,-0.925211078289358,18.6,14.4,22.7,23.8,23.099999999999998,20.164285714285715
2019-06-10,21.5,15.2,27.2,161,0.36348161248290634,-0.9316013725767187,19.7,12.4,25.9,26.0,22.514285714285712,20.385714285714283
2019-06-11,23.5,17.5,29.4,162,0.3474028211842774,-0.9377159910299093,21.5,15.2,27.2,24.7,21.87142857142857,20.614285714285717
2019-06-12,22.4,17.1,33.2,163,0.3312212278016865,-0.9435531242349544,23.5,17.5,29.4,27.0,21.7,21.185714285714287
2019-06-13,19.8,15.5,24.7,164,0.31494162072895193,-0.9491110448902284,22.4,17.1,33.2,21.7,21.042857142857144,21.87142857142857
2019-06-14,23.4,14.3,29.6,165,0.2985688173637202,-0.9543881083175908,19.8,15.5,24.7,19.9,20.771428571428572,22.11428571428571
2019-06-15,25.4,17.9,31.9,166,0.2821076626819194,-0.9593827529490743,23.4,14.3,29.6,18.6,21.27142857142857,22.400000000000002
2019-06-16,18.9,15.0,22.5,167,0.26556302780405594,-0.9640935007889755,25.4,17.9,31.9,19.7,22.24285714285714,22.67142857142857
2019-06-17,21.3,16.0,26.5,168,0.24893980855376657,-0.9685189578512204,18.9,15.0,22.5,21.5,22.12857142857143,22.321428571428573
2019-06-18,23.7,15.7,29.3,169,0.23224292400907015,-0.9726578145718654,21.3,16.0,26.5,23.5,22.099999999999998,21.985714285714288
2019-06-19,25.3,16.7,32.2,170,0.21547731504673012,-0.976508846196619,23.7,15.7,29.3,22.4,22.128571428571426,21.91428571428571
2019-06-20,22.2,18.3,26.2,171,0.19864794288017112,-0.9800709131432666,25.3,16.7,32.2,19.8,22.542857142857144,21.79285714285714
2019-06-21,20.6,16.2,25.3,172,0.18175978759137534,-0.9833429613388902,22.2,18.3,26.2,23.4,22.885714285714283,21.828571428571426
2019-06-22,20.3,14.4,25.8,173,0.16481784665719793,-0.9863240225317866,20.6,16.2,25.3,25.4,22.485714285714284,21.87857142857143
2019-06-23,21.5,13.7,28.0,174,0.14782713347053048,-0.9890132145779883,20.3,14.4,25.8,18.9,21.75714285714286,22.0
2019-06-24,23.3,14.9,29.8,175,0.13079267585675922,-0.9914097417023038,21.5,13.7,28.0,21.3,22.12857142857143,22.12857142857143
2019-06-25,27.2,19.3,33.7,176,0.11371951458594969,-0.9935128947338007,23.3,14.9,29.8,23.7,22.41428571428571,22.25714285714286
2019-06-26,29.2,20.0,37.5,177,0.0966127018812031,-0.9953220513156602,27.2,19.3,33.7,25.3,22.914285714285715,22.521428571428572
2019-06-27,20.1,15.0,26.0,178,0.07947729992362097,-0.9968366760893436,29.2,20.0,37.5,22.2,23.471428571428568,23.00714285714286
2019-06-28,19.0,13.2,24.8,179,0.062318379354325076,-0.998056320853012,20.1,15.0,26.0,20.6,23.17142857142857,23.028571428571432
2019-06-29,23.5,13.9,31.7,180,0.04514101777397193,-0.9989806246941579,19.0,13.2,24.8,20.3,22.942857142857143,22.714285714285715
2019-06-30,28.8,16.4,38.5,181,0.02795029824021032,-0.999609314096404,23.5,13.9,31.7,21.5,23.4,22.57857142857143
2019-07-01,23.1,16.9,29.2,182,0.01075130776352193,-0.9999422030204416,28.8,16.4,38.5,23.3,24.442857142857143,23.285714285714285
2019-07-02,18.2,13.8,22.4,183,-0.00645086419810515,-0.9999791929590823,23.1,16.9,29.2,27.2,24.41428571428571,23.414285714285715
2019-07-03,16.3,11.2,21.1,184,-0.023651127245231586,-0.9997202729664083,18.2,13.8,22.4,29.2,23.12857142857143,23.021428571428572
2019-07-04,17.7,10.7,23.2,185,-0.04084439154329611,-0.9991655196610109,16.3,11.2,21.1,20.1,21.285714285714285,22.37857142857143
2019-07-05,18.8,15.7,21.1,186,-0.05802556932878035,-0.9983150972033183,17.7,10.7,23.2,19.0,20.942857142857143,22.057142857142857
2019-07-06,18.2,13.6,23.5,187,-0.07518957641475855,-0.9971692572470178,18.8,15.7,21.1,23.5,20.914285714285715,21.928571428571427
2019-07-07,15.4,12.0,19.7,188,-0.09233133369539122,-0.9957283388645872,18.2,13.6,23.5,28.8,20.157142857142855,21.77857142857143
2019-07-08,14.4,11.7,18.0,189,-0.10944576864891556,-0.993992768446958,15.4,12.0,19.7,23.1,18.24285714285714,21.342857142857145
2019-07-09,14.7,10.1,18.7,190,-0.12652781683868314,-0.9919630595773397,14.4,11.7,18.0,18.2,17.0,20.707142857142856
2019-07-10,16.4,10.4,22.7,191,-0.1435724234118113,-0.9896398128792412,14.7,10.1,18.7,16.3,16.499999999999996,19.814285714285713
2019-07-11,19.0,10.4,24.4,192,-0.16057454459499376,-0.9870237158387383,16.4,10.4,22.7,17.7,16.514285714285712,18.900000000000002
2019-07-12,18.6,16.3,22.2,193,-0.17752914918703497,-0.984115542601034,19.0,10.4,24.4,18.8,16.7,18.821428571428573
2019-07-13,19.6,15.3,25.7,194,-0.19443122004766195,-0.9809161537413774,18.6,16.3,22.2,18.2,16.67142857142857,18.792857142857144
2019-07-14,17.3,15.0,21.4,195,-0.2112757555821793,-0.9774264960104055,19.6,15.3,25.7,15.4,16.87142857142857,18.514285714285712
2019-07-15,16.0,13.6,18.1,196,-0.2280577712215198,-0.9736476020539838,17.3,15.0,21.4,14.4,17.142857142857142,17.692857142857143
2019-07-16,17.2,13.4,21.3,197,-0.24477230089725957,-0.9695805901076308,16.0,13.6,18.1,14.7,17.37142857142857,17.185714285714287
2019-07-17,17.8,12.2,24.5,198,-0.2614143985111562,-0.965226663665613,17.2,13.4,21.3,16.4,17.728571428571428,17.114285714285717
2019-07-18,21.3,12.8,27.5,199,-0.2779791393987801,-0.9605871111248129,17.8,12.2,24.5,19.0,17.928571428571427,17.22142857142857
2019-07-19,21.6,16.2,25.3,200,-0.2944616217868012,-0.9556633054034704,21.3,12.8,27.5,18.6,18.257142857142856,17.47857142857143
2019-07-20,23.3,14.2,30.6,201,-0.3108569682435036,-0.9504567035349151,21.6,16.2,25.3,19.6,18.685714285714283,17.678571428571427
2019-07-21,21.6,16.9,27.4,202,-0.3271603271220951,-0.9449688462364056,23.3,14.2,30.6,17.3,19.214285714285715,18.042857142857144
2019-07-22,20.8,15.9,25.4,203,-0.34336687399638804,-0.939201357453208,21.6,16.9,27.4,16.0,19.828571428571426,18.485714285714288
2019-07-23,24.4,18.1,30.6,204,-0.3594718130884232,-0.9331559438780432,20.8,15.9,25.4,17.2,20.514285714285712,18.942857142857143
2019-07-24,25.9,18.2,32.6,205,-0.3754703786876202,-0.9268343944460494,24.4,18.1,30.6,17.8,21.542857142857144,19.63571428571429
2019-07-25,26.7,18.5,33.9,206,-0.3913578365610259,-0.9202385798054075,25.9,18.2,32.6,21.3,22.699999999999996,20.314285714285713
2019-07-26,25.2,19.0,31.3,207,-0.4071294853542516,-0.9133704517637858,26.7,18.5,33.9,21.6,23.47142857142857,20.86428571428571
2019-07-27,23.8,19.1,29.0,208,-0.4227806579826773,-0.9062320427107697,25.2,19.0,31.3,23.3,23.985714285714284,21.335714285714285
2019-07-28,25.2,18.0,31.6,209,-0.4383067230125192,-0.898825465016444,23.8,19.1,29.0,21.6,24.057142857142857,21.635714285714283
2019-07-29,26.1,21.3,34.0,210,-0.45370308603134424,-0.8911529104063088,25.2,18.0,31.6,20.8,24.571428571428573,22.199999999999996
2019-07-30,22.8,19.6,27.3,211,-0.46896519100763184,-0.8832166493127127,26.1,21.3,34.0,24.4,25.328571428571426,22.92142857142857
2019-07-31,20.0,15.5,24.3,212,-0.48408852163897587,-0.8750190302029955,22.8,19.6,27.3,25.9,25.099999999999998,23.321428571428573
2019-08-01,19.4,15.2,24.6,213,-0.4990686026885319,-0.8665624788845385,20.0,15.5,24.3,26.7,24.257142857142856,23.478571428571428
2019-08-02,18.3,13.6,25.5,214,-0.5139010013093103,-0.8578494977869301,19.4,15.2,24.6,25.2,23.214285714285715,23.342857142857145
2019-08-03,19.7,14.6,26.2,215,-0.5285813283559292,-0.8488826652214553,18.3,13.6,25.5,23.8,22.228571428571428,23.107142857142858
2019-08-04,19.7,15.3,24.6,216,-0.5431052396834317,-0.8396646346181327,19.7,14.6,26.2,25.2,21.642857142857142,22.849999999999998
2019-08-05,20.6,13.8,25.0,217,-0.5574684374327892,-0.8301981337405212,19.7,15.3,24.6,26.1,20.857142857142858,22.71428571428571
2019-08-06,22.1,17.6,28.6,218,-0.5716666713027052,-0.8204859638785327,20.6,13.8,25.0,22.8,20.071428571428573,22.7
2019-08-07,21.4,17.4,25.8,219,-0.5856957398073508,-0.8105309990194823,22.1,17.6,28.6,20.0,19.971428571428568,22.535714285714285
2019-08-08,21.4,15.8,27.4,220,-0.5995514915196489,-0.8003361849976323,21.4,17.4,25.8,19.4,20.17142857142857,22.214285714285715
2019-08-09,22.5,14.2,28.2,221,-0.6132298262997502,-0.7899045386224707,21.4,15.8,27.4,18.3,20.457142857142856,21.835714285714285
2019-08-10,23.9,20.3,27.8,222,-0.6267266965083301,-0.7792391467859886,22.5,14.2,28.2,19.7,21.057142857142857,21.642857142857142
2019-08-11,23.5,17.5,28.9,223,-0.6400381082043503,-0.7683431655492202,23.9,20.3,27.8,19.7,21.657142857142855,21.650000000000002
2019-08-12,21.0,17.9,23.4,224,-0.65316012232693,-0.7572198192083127,23.5,17.5,28.9,20.6,22.2,21.528571428571432
2019-08-13,18.7,14.0,23.0,225,-0.666088855860977,-0.7458723993404063,21.0,17.9,23.4,22.1,22.257142857142856,21.164285714285715
2019-08-14,17.4,13.6,22.8,226,-0.6788204829862355,-0.734304263829602,18.7,14.0,23.0,21.4,21.77142857142857,20.87142857142857
2019-08-15,18.2,12.2,22.7,227,-0.6913512362094071,-0.722518835873311,17.4,13.6,22.8,21.4,21.199999999999996,20.685714285714283
2019-08-16,18.6,15.0,23.6,228,-0.7036774074790128,-0.7105196029692745,18.2,12.2,22.7,22.5,20.74285714285714,20.6
2019-08-17,20.6,14.6,27.8,229,-0.7157953492826642,-0.6983101158835584,18.6,15.0,23.6,23.9,20.185714285714283,20.62142857142857
2019-08-18,20.3,17.4,26.9,230,-0.7277014757264236,-0.6858939875998223,20.6,14.6,27.8,23.5,19.714285714285715,20.685714285714287
2019-08-19,19.2,14.5,24.7,231,-0.7393922635959241,-0.673274892250183,20.3,17.4,26.9,21.0,19.25714285714286,20.72857142857143
2019-08-20,19.4,11.6,25.1,232,-0.7508642533989489,-0.6604565640279754,19.2,14.5,24.7,18.7,19.0,20.62857142857143
2019-08-21,18.4,13.0,24.0,233,-0.7621140503891487,-0.6474427960827475,19.4,11.6,25.1,17.4,19.099999999999998,20.435714285714283
2019-08-22,19.9,11.5,26.6,234,-0.7731383255706026,-0.6342374393978054,18.4,13.0,24.0,18.2,19.24285714285714,20.22142857142857
2019-08-23,21.5,12.5,28.3,235,-0.7839338166829201,-0.620844401650647,19.9,11.5,26.6,18.6,19.485714285714288,20.114285714285717
2019-08-24,22.3,13.9,29.6,236,-0.7944973291665992,-0.6072676460566135,21.5,12.5,28.3,20.6,19.9,20.042857142857144
2019-08-25,24.7,19.0,31.3,237,-0.8048257371083452,-0.593511190196115,22.3,13.9,29.6,20.3,20.142857142857142,19.928571428571427
2019-08-26,24.1,18.4,31.7,238,-0.8149159841660791,-0.5795791048257612,24.7,19.0,31.3,19.2,20.77142857142857,20.014285714285712
2019-08-27,25.8,18.7,32.3,239,-0.8247650844733614,-0.5654755126737576,24.1,18.4,31.7,19.4,21.471428571428568,20.235714285714288
2019-08-28,25.8,19.3,33.7,240,-0.8343701235229538,-0.5512045872199277,25.8,18.7,32.3,18.4,22.385714285714283,20.74285714285714
2019-08-29,24.6,18.5,31.1,241,-0.8437282590292712,-0.5367705514607103,25.8,19.3,33.7,19.9,23.442857142857143,21.342857142857145
2019-08-30,24.6,20.0,29.9,242,-0.8528367217694595,-0.522177676659508,24.6,18.5,31.1,21.5,24.114285714285717,21.8
2019-08-31,26.9,19.7,33.9,243,-0.8616928164028522,-0.5074302810827518,24.6,20.0,29.9,22.3,24.557142857142857,22.228571428571428
2019-09-01,23.9,16.9,30.5,244,-0.8702939222685674,-0.49253272872205434,26.9,19.7,33.9,24.7,25.214285714285715,22.678571428571427
2019-09-02,17.4,12.8,22.2,245,-0.8786374941610001,-0.4774894280028391,23.9,16.9,30.5,24.1,25.1,22.935714285714283
2019-09-03,16.6,10.1,21.8,246,-0.886721063082993,-0.46230483047981086,17.4,12.8,22.2,25.8,24.14285714285714,22.807142857142857
2019-09-04,20.5,14.7,27.3,247,-0.8945422369764496,-0.4469834295196741,16.6,10.1,21.8,25.8,22.82857142857143,22.607142857142858
2019-09-05,17.6,12.3,22.5,248,-0.9020987014301837,-0.43152975897147144,20.5,14.7,27.3,24.6,22.071428571428573,22.757142857142856
2019-09-06,15.2,9.7,21.0,249,-0.9093882203647925,-0.4159483918249421,17.6,12.3,22.5,24.6,21.071428571428573,22.592857142857145
2019-09-07,14.0,7.8,19.6,250,-0.9164086366943458,-0.4002439388573056,15.2,9.7,21.0,26.9,19.728571428571428,22.142857142857142
2019-09-08,16.0,11.5,21.0,251,-0.9231578729647039,-0.38442104726885545,14.0,7.8,19.6,23.9,17.885714285714283,21.55
2019-09-09,13.5,12.0,14.7,252,-0.9296339319682695,-0.3684843993077793,16.0,11.5,21.0,17.4,16.757142857142856,20.928571428571427
2019-09-10,15.5,11.5,20.3,253,-0.9358348973349941,-0.35243871088460327,13.5,12.0,14.7,16.6,16.2,20.17142857142857
2019-09-11,16.3,8.3,22.9,254,-0.9417589340994617,-0.33628873017668287,15.5,11.5,20.3,20.5,16.04285714285714,19.435714285714287
2019-09-12,17.9,14.7,22.7,255,-0.9474042892438845,-0.32003923622313857,16.3,8.3,22.9,17.6,15.442857142857141,18.75714285714286
2019-09-13,17.3,11.6,23.0,256,-0.9527692922168511,-0.30369503751065885,17.9,14.7,22.7,15.2,15.485714285714284,18.27857142857143
2019-09-14,13.9,8.2,19.4,257,-0.9578523554276669,-0.28726097055059635,17.3,11.6,23.0,14.0,15.785714285714286,17.757142857142856
2019-09-15,16.8,9.9,24.3,258,-0.9626519747161487,-0.2707418984477642,13.9,8.2,19.4,16.0,15.77142857142857,16.82857142857143
2019-09-16,14.2,12.7,16.3,259,-0.9671667297977312,-0.2541427094613622,16.8,9.9,24.3,13.5,15.885714285714284,16.321428571428573
2019-09-17,12.2,9.1,15.7,260,-0.97139528468375,-0.23746831555846842,14.2,12.7,16.3,15.5,15.985714285714284,16.092857142857145
2019-09-18,11.7,7.5,16.6,261,-0.9753363880767837,-0.2207236509605022,12.2,9.1,15.7,16.3,15.514285714285714,15.778571428571428
2019-09-19,11.3,7.1,16.7,262,-0.9789888737409319,-0.20391367068311472,11.7,7.5,16.6,17.9,14.857142857142858,15.150000000000002
2019-09-20,12.3,6.9,17.2,263,-0.9823516608469237,-0.18704334906991657,11.3,7.1,16.7,17.3,13.914285714285713,14.7
2019-09-21,14.4,7.3,22.2,264,-0.9854237542919524,-0.17011767832049052,12.3,6.9,17.2,13.9,13.2,14.492857142857144
2019-09-22,16.6,8.0,25.1,265,-0.9882042449941422,-0.15314166701312007,14.4,7.3,22.2,16.8,13.27142857142857,14.521428571428572
2019-09-23,16.7,8.5,23.3,266,-0.9906923101615609,-0.13612033862266704,16.6,8.0,25.1,14.2,13.242857142857142,14.564285714285715
2019-09-24,15.4,12.8,18.6,267,-0.9928872135356962,-0.11905873003404988,16.7,8.5,23.3,12.2,13.599999999999998,14.792857142857143
2019-09-25,14.9,11.0,17.1,268,-0.994788305609327,-0.10196189005174576,15.4,12.8,18.6,11.7,14.057142857142859,14.785714285714286
2019-09-26,15.5,10.1,20.5,269,-0.9963950238187231,-0.08483487790576538,14.9,11.0,17.1,11.3,14.514285714285714,14.685714285714285
2019-09-27,15.1,12.0,17.1,270,-0.9977068927101168,-0.06768276175455162,15.5,10.1,20.5,12.3,15.114285714285712,14.514285714285716
2019-09-28,14.3,11.7,19.1,271,-0.9987235240803972,-0.050510617185222886,15.1,12.0,17.1,14.4,15.514285714285714,14.357142857142858
2019-09-29,14.7,12.8,17.0,272,-0.9994446170919858,-0.033323525711631344,14.3,11.7,19.1,16.6,15.5,14.385714285714286
2019-09-30,14.6,10.9,17.4,273,-0.9998699583618592,-0.016126573270657762,14.7,12.8,17.0,16.7,15.228571428571428,14.235714285714286
2019-10-01,13.9,10.7,17.3,274,-0.9999994220246925,0.001075151282798226,14.6,10.9,17.4,15.4,14.928571428571427,14.264285714285714
2019-10-02,10.4,7.3,14.0,275,-0.999832969770105,0.018276557681691223,13.9,10.7,17.3,14.9,14.714285714285714,14.385714285714286
2019-10-03,9.6,7.3,12.5,276,-0.9993706508539969,0.03547255575312556,10.4,7.3,14.0,15.5,14.071428571428571,14.292857142857143
2019-10-04,8.8,4.6,11.6,277,-0.9986126020839734,0.052658056924614005,9.6,7.3,12.5,15.1,13.228571428571428,14.171428571428573
2019-10-05,8.6,4.4,11.7,278,-0.9975590477788613,0.06982797572987089,8.8,4.6,11.6,14.3,12.328571428571427,13.921428571428573
2019-10-06,6.5,2.3,11.5,279,-0.9962102997023297,0.0869772313136861,8.6,4.4,11.7,14.7,11.514285714285714,13.507142857142856
2019-10-07,6.5,0.3,12.5,280,-0.9945667569706337,0.1041007489354256,6.5,2.3,11.5,14.6,10.342857142857143,12.785714285714286
2019-10-08,10.1,5.3,13.2,281,-0.9926289059345095,0.121193461470736,6.5,0.3,12.5,13.9,9.185714285714283,12.057142857142859
2019-10-09,12.6,10.0,16.1,282,-0.9903973200352558,0.1382503109109819,10.1,5.3,13.2,10.4,8.642857142857142,11.678571428571429
2019-10-10,11.4,9.6,15.5,283,-0.9878726596350429,0.15526624985999563,12.6,10.0,16.1,9.6,8.957142857142856,11.514285714285714
2019-10-11,13.1,9.5,15.8,284,-0.9850556718215013,0.172236243027682,11.4,9.6,15.5,8.8,9.214285714285712,11.221428571428572
2019-10-12,16.6,14.5,20.2,285,-0.981947190186646,0.18915526872004093,13.1,9.5,15.8,8.6,9.828571428571427,11.078571428571427
2019-10-13,19.5,14.7,24.7,286,-0.9785481345802031,0.20601832032517084,16.6,14.5,20.2,6.5,10.971428571428572,11.242857142857144
2019-10-14,18.6,14.9,23.0,287,-0.9748595108374125,0.22282040779479959,19.5,14.7,24.7,6.5,12.828571428571427,11.585714285714287
2019-10-15,16.1,11.6,21.9,288,-0.9708824104813836,0.23955655912092708,18.6,14.9,23.0,10.1,14.557142857142855,11.871428571428572
2019-10-16,12.1,10.1,14.5,289,-0.9666180104000972,0.2562218218071163,16.1,11.6,21.9,12.6,15.414285714285715,12.028571428571428
2019-10-17,14.9,12.1,18.1,290,-0.9620675724981452,0.27281126433401914,12.1,10.1,14.5,11.4,15.342857142857142,12.15
2019-10-18,14.8,10.2,19.3,291,-0.957232443323312,0.28931997761869527,14.9,12.1,18.1,13.1,15.842857142857143,12.528571428571428
2019-10-19,12.4,9.2,16.2,292,-0.9521140536681102,0.3057430764672831,14.8,10.2,19.3,16.6,16.085714285714285,12.957142857142857
2019-10-20,15.0,11.5,20.6,293,-0.9467139181463862,0.3220757010206104,12.4,9.2,16.2,19.5,15.485714285714286,13.22857142857143
2019-10-21,14.6,10.0,18.5,294,-0.9410336347451197,0.3383130181923076,15.0,11.5,20.6,18.6,14.842857142857143,13.835714285714287
2019-10-22,12.9,8.4,18.4,295,-0.9350748843515574,0.3544502230989869,14.6,10.0,18.5,16.1,14.27142857142857,14.414285714285715
2019-10-23,12.1,6.0,17.2,296,-0.9288394302558068,0.3704825404820963,12.9,8.4,18.4,12.1,13.814285714285715,14.614285714285716
2019-10-24,13.8,11.5,16.9,297,-0.9223291176290545,0.3864052261209853,12.1,6.0,17.2,14.9,13.814285714285713,14.578571428571431
2019-10-25,14.5,11.7,18.6,298,-0.9155458729775467,0.40221356823680365,13.8,11.5,16.9,14.8,13.657142857142857,14.75
2019-10-26,14.6,11.1,18.2,299,-0.9084917035725082,0.41790288888678667,14.5,11.7,18.6,12.4,13.614285714285712,14.85
2019-10-27,11.9,6.2,16.8,300,-0.9011686968561569,0.4334685453485363,14.6,11.1,18.2,15.0,13.928571428571429,14.707142857142857
2019-10-28,8.4,5.5,12.3,301,-0.8935790198239952,0.4489059314938798,11.9,6.2,16.8,14.6,13.485714285714284,14.164285714285713
2019-10-29,5.3,1.4,9.4,302,-0.8857249183835637,0.4642104791518923,8.4,5.5,12.3,12.9,12.599999999999998,13.435714285714285
2019-10-30,3.1,-1.7,9.2,303,-0.8776087166898392,0.4793776594606945,5.3,1.4,9.4,12.1,11.514285714285714,12.664285714285715
2019-10-31,2.1,-3.1,7.2,304,-0.8692328164574792,0.49440298420761813,3.1,-1.7,9.2,13.8,10.228571428571428,12.021428571428572
2019-11-01,3.0,-1.9,6.8,305,-0.8605996962501181,0.5092820071573356,2.1,-3.1,7.2,14.5,8.557142857142855,11.107142857142858
2019-11-02,11.3,6.8,16.3,306,-0.8517119107469189,0.5240103253675756,3.0,-1.9,6.8,14.6,6.914285714285713,10.264285714285714
2019-11-03,10.9,7.9,12.7,307,-0.8425720899866032,0.5385835804920232,11.3,6.8,16.3,11.9,6.442857142857142,10.185714285714285
2019-11-04,10.4,8.5,13.0,308,-0.8331829385891785,0.5529974600700271,10.9,7.9,12.7,8.4,6.299999999999999,9.892857142857142
2019-11-05,9.5,8.2,11.4,309,-0.8235472349556007,0.5672476988027229,10.4,8.5,13.0,5.3,6.5857142857142845,9.592857142857143
2019-11-06,8.2,6.1,9.2,310,-0.8136678304455991,0.5813300798152042,9.5,8.2,11.4,3.1,7.185714285714285,9.35
2019-11-07,8.3,5.9,11.6,311,-0.8035476485339116,0.5952404359043674,8.2,6.1,9.2,2.1,7.914285714285713,9.071428571428573
2019-11-08,7.3,2.7,10.1,312,-0.7931896839451843,0.6089746507720486,8.3,5.9,11.6,3.0,8.799999999999999,8.678571428571429
2019-11-09,6.9,4.7,7.8,313,-0.7825970017677834,0.6225286602431057,7.3,2.7,10.1,11.3,9.414285714285713,8.164285714285715
2019-11-10,5.4,2.2,9.7,314,-0.7717727365467836,0.6358984534680745,6.9,4.7,7.8,10.9,8.785714285714285,7.614285714285715
2019-11-11,2.9,0.4,7.1,315,-0.7607200913564104,0.6490800741100398,5.4,2.2,9.7,10.4,8.0,7.1499999999999995
2019-11-12,4.4,0.9,7.4,316,-0.7494423368521954,0.6620696215153815,2.9,0.4,7.1,9.5,6.928571428571428,6.757142857142858
2019-11-13,5.0,3.5,6.8,317,-0.7379428103031386,0.6748632518680403,4.4,0.9,7.4,8.2,6.199999999999998,6.692857142857142
2019-11-14,5.4,3.4,9.0,318,-0.7262249146041543,0.6874571793269664,5.0,3.5,6.8,8.3,5.742857142857142,6.828571428571428
2019-11-15,7.2,3.9,9.6,319,-0.7142921172691032,0.699847677146407,5.4,3.4,9.0,7.3,5.328571428571427,7.064285714285715
2019-11-16,6.3,2.0,8.9,320,-0.7021479494046978,0.7120310787787131,7.2,3.9,9.6,6.9,5.314285714285714,7.364285714285715
2019-11-17,4.3,-1.0,8.5,321,-0.6897960046655887,0.7240037789593305,6.3,2.0,8.9,5.4,5.228571428571428,7.007142857142857
2019-11-18,8.1,4.0,11.3,322,-0.6772399381909491,0.7357622347736527,4.3,-1.0,8.5,2.9,5.07142857142857,6.535714285714286
2019-11-19,6.5,4.2,8.6,323,-0.6644834655228552,0.7473029667054296,8.1,4.0,11.3,4.4,5.814285714285714,6.371428571428572
2019-11-20,5.5,5.0,6.2,324,-0.6515303615068021,0.75862255966641,6.5,4.2,8.6,5.0,6.114285714285714,6.1571428571428575
2019-11-21,8.2,6.0,9.8,325,-0.6383844591746642,0.7697176640069211,5.5,5.0,6.2,5.4,6.185714285714285,5.964285714285714
2019-11-22,8.7,6.8,10.2,326,-0.6250496486104377,0.7805849965070866,8.2,6.0,9.8,7.2,6.5857142857142845,5.957142857142857
2019-11-23,5.9,2.8,8.3,327,-0.6115298757991053,0.7912213413483807,8.7,6.8,10.2,6.3,6.799999999999999,6.057142857142857
2019-11-24,4.3,2.8,6.5,328,-0.5978291414589552,0.801623551065242,5.9,2.8,8.3,4.3,6.742857142857141,5.985714285714286
2019-11-25,4.3,3.6,4.9,329,-0.5839514998576998,0.8117885474764613,4.3,2.8,6.5,8.1,6.742857142857142,5.9071428571428575
2019-11-26,6.3,3.9,8.1,330,-0.5699010576127624,0.8217133225960589,4.3,3.6,4.9,6.5,6.199999999999998,6.007142857142857
2019-11-27,6.5,4.9,8.0,331,-0.5556819724760489,0.8313949395234058,6.3,3.9,8.1,5.5,6.17142857142857,6.1428571428571415
2019-11-28,10.1,7.4,12.6,332,-0.5412984521036173,0.8408305333122887,6.5,4.9,8.0,8.2,6.314285714285712,6.25
2019-11-29,5.5,0.0,9.5,333,-0.5267547528105542,0.8500173118187018,10.1,7.4,12.6,8.7,6.585714285714284,6.585714285714286
2019-11-30,1.8,-1.3,5.0,334,-0.5120551783114646,0.8589525565270845,5.5,0.0,9.5,5.9,6.128571428571427,6.464285714285714
2019-12-01,2.7,1.2,3.7,335,-0.4972040784469378,0.8676336233547726,1.8,-1.3,5.0,4.3,5.542857142857142,6.142857142857143
2019-12-02,3.2,1.6,4.8,336,-0.4822058478963526,0.8760579434344281,2.7,1.2,3.7,4.3,5.314285714285712,6.028571428571429
2019-12-03,3.0,-0.8,5.8,337,-0.46706492487743034,0.8842230238742036,3.2,1.6,4.8,6.3,5.157142857142857,5.678571428571429
2019-12-04,4.4,0.1,7.3,338,-0.451785789832884,0.8921264484954345,3.0,-0.8,5.8,6.5,4.685714285714284,5.428571428571429
2019-12-05,1.1,-1.3,4.7,339,-0.4363729641045924,0.8997658785476209,4.4,0.1,7.3,10.1,4.385714285714284,5.35
2019-12-06,2.4,-0.4,5.7,340,-0.42083100859565564,0.9071390534005044,1.1,-1.3,4.7,5.5,3.0999999999999988,4.8428571428571425
2019-12-07,8.0,5.7,9.7,341,-0.4051645224207563,0.9142437912130223,2.4,-0.4,5.7,1.8,2.657142857142856,4.392857142857143
2019-12-08,9.2,7.7,11.4,342,-0.3893781415452015,0.9210779895789526,8.0,5.7,9.7,2.7,3.542857142857142,4.542857142857143
2019-12-09,7.4,4.6,9.9,343,-0.37347653741307074,0.9276396261490467,9.2,7.7,11.4,3.2,4.471428571428571,4.892857142857143
2019-12-10,3.5,1.0,6.3,344,-0.3574644155648614,0.9339267592294762,7.4,4.6,9.9,3.0,5.07142857142857,5.114285714285715
2019-12-11,2.8,0.7,4.4,345,-0.34134651424503615,0.9399375283564133,3.5,1.0,6.3,4.4,5.1428571428571415,4.9142857142857155
2019-12-12,2.3,0.9,4.0,346,-0.3251276029999093,0.9456701548465688,2.8,0.7,4.4,1.1,4.914285714285713,4.6499999999999995
2019-12-13,1.3,-0.5,2.8,347,-0.30881248126625377,0.9511229423235357,2.3,0.9,4.0,2.4,5.0857142857142845,4.092857142857143
2019-12-14,3.8,2.1,5.7,348,-0.29240597695107734,0.9562942772197719,1.3,-0.5,2.8,8.0,4.928571428571428,3.7928571428571423
2019-12-15,5.9,2.5,9.8,349,-0.27591294500296043,0.9611826292540837,3.8,2.1,5.7,9.2,4.328571428571427,3.935714285714286
2019-12-16,6.3,4.3,8.2,350,-0.2593382659754056,0.9657865518844574,5.9,2.5,9.8,7.4,3.8571428571428563,4.164285714285715
2019-12-17,8.4,4.7,11.9,351,-0.2426868445825954,0.9701046827361175,6.3,4.3,8.2,3.5,3.6999999999999993,4.385714285714285
2019-12-18,8.1,0.2,12.0,352,-0.22596360824801906,0.974135744004672,8.4,4.7,11.9,2.8,4.399999999999999,4.771428571428571
2019-12-19,4.3,0.5,7.4,353,-0.20917350564635637,0.9778785428342386,8.1,0.2,12.0,2.3,5.157142857142857,5.035714285714286
2019-12-20,6.8,2.3,10.6,354,-0.19232150523909483,0.9813319716704275,4.3,0.5,7.4,1.3,5.442857142857142,5.264285714285713
2019-12-21,7.1,2.3,10.3,355,-0.17541259380427843,0.9844950085880858,6.8,2.3,10.6,3.8,6.228571428571428,5.578571428571428
2019-12-22,2.8,0.4,5.2,356,-0.15845177496083632,0.9873667175937016,7.1,2.3,10.3,5.9,6.699999999999998,5.514285714285714
2019-12-23,6.8,5.0,8.4,357,-0.14144406768794202,0.9899462489023779,2.8,0.4,5.2,6.3,6.257142857142855,5.057142857142857
2019-12-24,6.2,4.7,8.3,358,-0.12439450483979998,0.9922328391893008,6.8,5.0,8.4,8.4,6.328571428571427,5.014285714285714
2019-12-25,5.5,3.9,6.1,359,-0.10730813165636247,0.9942258118156161,6.2,4.7,8.3,8.1,6.014285714285713,5.207142857142857
2019-12-26,4.9,3.9,6.0,360,-0.09019000427034513,0.9959245770286599,5.5,3.9,6.1,4.3,5.6428571428571415,5.4
2019-12-27,3.1,0.8,4.4,361,-0.07304518821104743,0.9973286321364752,4.9,3.9,6.0,6.8,5.728571428571428,5.585714285714286
2019-12-28,1.3,-1.4,2.4,362,-0.05587875690537313,0.9984375616565666,3.1,0.8,4.4,7.1,5.2,5.714285714285714
2019-12-29,0.0,-3.6,2.3,363,-0.03869579017652689,0.9992510374388481,1.3,-1.4,2.4,2.8,4.371428571428571,5.535714285714286
2019-12-30,4.5,1.6,7.2,364,-0.021501372740813793,0.999768818762748,0.0,-3.6,2.3,6.8,3.9714285714285706,5.114285714285714
2019-12-31,6.0,4.2,7.6,365,-0.004300592702981974,0.9999907524084426,4.5,1.6,7.2,6.2,3.642857142857142,4.985714285714286
2020-01-01,2.7,-1.7,5.7,1,0.017201575418260506,0.9998520419557735,6.0,4.2,7.6,5.5,3.6142857142857134,4.814285714285715
2020-01-02,0.9,-3.8,6.7,2,0.03439806061360801,0.9994082116062598,2.7,-1.7,5.7,4.9,3.214285714285713,4.428571428571429
2020-01-03,4.6,1.5,7.2,3,0.051584366869408364,0.9986686402879997,0.9,-3.8,6.7,3.1,2.642857142857142,4.185714285714285
2020-01-04,4.2,1.6,5.8,4,0.06875540848113941,0.9976335468520451,4.6,1.5,7.2,1.3,2.8571428571428563,4.0285714285714285
2020-01-05,1.8,-0.6,3.8,5,0.08590610426133272,0.9963032375991965,4.2,1.6,5.8,0.0,3.27142857142857,3.8214285714285716
2020-01-06,4.9,2.3,7.4,6,0.10303137904317879,0.9946781061893646,1.8,-0.6,3.8,4.5,3.5285714285714276,3.75
2020-01-07,2.7,-0.5,5.8,7,0.1201261651823505,0.9927586335250793,4.9,2.3,7.4,6.0,3.585714285714285,3.6142857142857148
2020-01-08,6.4,3.2,8.4,8,0.13718540405660057,0.9905453876091833,2.7,-0.5,5.8,2.7,3.1142857142857134,3.3642857142857143
2020-01-09,8.4,7.2,10.0,9,0.1542040475626894,0.988039023376751,6.4,3.2,8.4,0.9,3.642857142857142,3.4285714285714284
2020-01-10,9.4,4.6,11.5,10,0.17117705961019986,0.985240282501282,8.4,7.2,10.0,4.6,4.714285714285714,3.6785714285714284
2020-01-11,4.7,2.5,7.2,11,0.18809941761179758,0.9821499931752291,9.4,4.6,11.5,4.2,5.3999999999999995,4.128571428571429
2020-01-12,3.7,1.3,6.3,12,0.20496611396949532,0.9787690698649216,4.7,2.5,7.2,1.8,5.47142857142857,4.371428571428571
2020-01-13,5.5,2.1,8.2,13,0.22177215755648186,0.975098513039961,3.7,1.3,6.3,4.9,5.742857142857142,4.635714285714286
2020-01-14,7.0,2.0,10.2,14,0.23851257519407648,0.9711394088771653,5.5,2.1,8.2,2.7,5.828571428571428,4.707142857142857
2020-01-15,10.4,8.2,14.0,15,0.2551824131233728,0.9668929289391521,7.0,2.0,10.2,6.4,6.442857142857142,4.778571428571429
2020-01-16,7.7,3.8,11.4,16,0.2717767384711357,0.9623603298276545,10.4,8.2,14.0,8.4,7.014285714285713,5.328571428571428
2020-01-17,4.7,1.2,9.3,17,0.2882906407095177,0.9575429528116719,7.7,3.8,11.4,9.4,6.914285714285713,5.814285714285715
2020-01-18,5.6,3.8,7.2,18,0.3047192331091634,0.9524422234305676,4.7,1.2,9.3,4.7,6.242857142857141,5.821428571428571
2020-01-19,4.2,3.4,5.0,19,0.321057654185271,0.9470596510722283,5.6,3.8,7.2,3.7,6.371428571428571,5.921428571428572
2020-01-20,2.4,0.1,4.9,20,0.3373010691361842,0.9413968285264122,4.2,3.4,5.0,5.5,6.442857142857142,6.0928571428571425
2020-01-21,2.6,-0.5,6.9,21,0.3534446712740877,0.9354554315134164,2.4,0.1,4.9,7.0,5.999999999999999,5.9142857142857155
2020-01-22,4.3,2.6,6.1,22,0.3694836834473831,0.9292372181882051,2.6,-0.5,6.9,10.4,5.371428571428571,5.9071428571428575
2020-01-23,3.7,-0.1,6.3,23,0.38541335945432564,0.9227440286201427,4.3,2.6,6.1,7.7,4.499999999999999,5.757142857142857
2020-01-24,0.4,-2.5,4.0,24,0.4012289854475009,0.9159777842484877,3.7,-0.1,6.3,4.7,3.9285714285714275,5.421428571428572
2020-01-25,0.6,-0.2,1.6,25,0.4169258813287287,0.908940487313808,0.4,-2.5,4.0,5.6,3.314285714285713,4.778571428571429
2020-01-26,-0.4,-1.8,0.8,26,0.4324994021339788,0.901634220265486,0.6,-0.2,1.6,4.2,2.599999999999999,4.485714285714286
2020-01-27,5.2,0.6,9.1,27,0.44794493940789115,0.8940611451454876,-0.4,-1.8,0.8,2.4,1.9428571428571417,4.192857142857143
2020-01-28,5.7,2.6,8.9,28,0.4632579225674917,0.88622350294858,5.2,0.6,9.1,2.6,2.3428571428571416,4.171428571428572
2020-01-29,4.7,3.1,6.5,29,0.4784338202547012,0.8781236129591848,5.7,2.6,8.9,4.3,2.7857142857142847,4.078571428571428
2020-01-30,5.8,2.3,8.6,30,0.49346814167723735,0.8697638720650646,4.7,3.1,6.5,3.7,2.8428571428571416,3.6714285714285717
2020-01-31,9.9,6.1,11.3,31,0.5083564379375122,0.8611467540480452,5.8,2.3,8.6,0.4,3.142857142857142,3.5357142857142856
2020-02-01,10.9,8.0,12.7,32,0.5230943033491326,0.8522748088519838,9.9,6.1,11.3,0.6,4.499999999999999,3.907142857142857
2020-02-02,7.4,5.7,8.9,33,0.5376773767406141,0.8431506618282,10.9,8.0,12.7,-0.4,5.971428571428571,4.285714285714286
2020-02-03,7.4,5.6,9.9,34,0.5521013427459208,0.8337770129585915,7.4,5.7,8.9,5.2,7.0857142857142845,4.514285714285714
2020-02-04,5.3,3.5,6.8,35,0.5663619330814524,0.8241566360566663,7.4,5.6,9.9,5.7,7.399999999999999,4.871428571428572
2020-02-05,3.4,1.7,5.9,36,0.580454927809098,0.8142923779467267,5.3,3.5,6.8,4.7,7.3428571428571425,5.064285714285715
2020-02-06,4.7,2.6,6.3,37,0.5943761565849831,0.804187157621448,3.4,1.7,5.9,5.8,7.157142857142857,5.0
2020-02-07,5.8,5.0,6.5,38,0.6081214998935418,0.7938439653781019,4.7,2.6,6.3,9.9,7.0,5.071428571428571
2020-02-08,5.1,1.1,9.0,39,0.6216868902665479,0.7832658619336791,5.8,5.0,6.5,10.9,6.414285714285713,5.457142857142857
2020-02-09,9.5,5.4,13.7,40,0.6350683134867438,0.7724559775191742,5.1,1.1,9.0,7.4,5.5857142857142845,5.778571428571429
2020-02-10,7.4,3.7,14.1,41,0.6482618097757122,0.7614175109532997,9.5,5.4,13.7,7.4,5.885714285714284,6.485714285714286
2020-02-11,4.9,3.4,6.9,42,0.6612634749656386,0.7501537286959042,7.4,3.7,14.1,5.3,5.885714285714285,6.642857142857143
2020-02-12,4.7,3.1,6.8,43,0.6740694616546161,0.7386679638813748,4.9,3.4,6.9,3.4,5.828571428571427,6.585714285714286
2020-02-13,3.8,1.4,5.9,44,0.6866759803451553,0.726963615332308,4.7,3.1,6.8,4.7,6.014285714285713,6.585714285714286
2020-02-14,4.1,1.9,6.0,45,0.6990793005655562,0.7150441465537444,3.8,1.4,5.9,5.8,5.885714285714284,6.442857142857143
2020-02-15,5.6,0.9,11.0,46,0.7112757519738152,0.7029130847082615,4.1,1.9,6.0,5.1,5.6428571428571415,6.028571428571429
2020-02-16,11.8,7.3,16.0,47,0.7232617254437388,0.6905740195722293,5.6,0.9,11.0,9.5,5.714285714285713,5.6499999999999995
2020-02-17,9.9,7.0,12.0,48,0.7350336741329413,0.6780306024735382,11.8,7.3,16.0,7.4,6.042857142857143,5.964285714285714
2020-02-18,7.0,5.0,8.3,49,0.746588114532413,0.6652865452111116,9.9,7.0,12.0,4.9,6.3999999999999995,6.142857142857143
2020-02-19,5.4,3.4,6.8,50,0.7579216274973472,0.6523456189565257,7.0,5.0,8.3,4.7,6.699999999999998,6.264285714285714
2020-02-20,5.1,1.7,7.8,51,0.7690308592589181,0.6392116531380588,5.4,3.4,6.8,3.8,6.799999999999999,6.407142857142857
2020-02-21,6.2,4.2,8.4,52,0.7799125224167177,0.6258885343075018,5.1,1.7,7.8,4.1,6.985714285714286,6.435714285714286
2020-02-22,8.4,5.7,12.6,53,0.7905633969115482,0.612380204990065,6.2,4.2,8.4,5.6,7.285714285714285,6.464285714285714
2020-02-23,6.8,3.8,8.5,54,0.8009803309782905,0.5986906625177214,8.4,5.7,12.6,11.8,7.685714285714285,6.7
2020-02-24,5.3,3.7,7.8,55,0.8111602420785621,0.5848239578463322,6.8,3.8,8.5,9.9,6.971428571428571,6.507142857142857
2020-02-25,8.0,4.1,10.6,56,0.8211001178128892,0.5707841943569036,5.3,3.7,7.8,7.0,6.314285714285712,6.357142857142857
2020-02-26,2.9,1.2,4.4,57,0.8307970168121247,0.5565755266413303,8.0,4.1,10.6,5.4,6.4571428571428555,6.578571428571429
2020-02-27,3.5,1.7,5.9,58,0.8402480696078469,0.5422021592729844,2.9,1.2,4.4,5.1,6.099999999999999,6.45
2020-02-28,3.9,1.4,8.0,59,0.8494504794814806,0.527668345562516,3.5,1.7,5.9,6.2,5.871428571428569,6.428571428571429
2020-02-29,6.8,1.0,12.1,60,0.8584015232918917,0.512978386299228,3.9,1.4,8.0,8.4,5.542857142857143,6.414285714285714
2020-03-01,7.1,4.4,10.5,61,0.8670985522812081,0.4981366284784055,6.8,1.0,12.1,6.8,5.314285714285712,6.5
2020-03-02,5.9,3.1,8.9,62,0.8755389928586302,0.4831474640149687,7.1,4.4,10.5,5.3,5.357142857142856,6.164285714285714
2020-03-03,4.8,3.1,6.9,63,0.8837203473619977,0.4680153284438345,5.9,3.1,8.9,8.0,5.442857142857142,5.878571428571428
2020-03-04,4.8,1.8,9.5,64,0.8916401947968874,0.45274469960737107,4.8,3.1,6.9,2.9,4.985714285714285,5.721428571428571
2020-03-05,5.3,0.7,10.3,65,0.8992961915530253,0.4373400963303323,4.8,1.8,9.5,3.5,5.257142857142855,5.678571428571428
2020-03-06,5.4,3.7,7.1,66,0.9066860720977985,0.4218060770826634,5.3,0.7,10.3,3.9,5.514285714285713,5.692857142857143
2020-03-07,4.5,2.3,6.8,67,0.9138076496466615,0.4061472386305789,5.4,3.7,7.1,6.8,5.728571428571428,5.635714285714285
2020-03-08,5.3,0.5,9.8,68,0.9206588168102428,0.3903682146763026,4.5,2.3,6.8,7.1,5.3999999999999995,5.357142857142857
2020-03-09,7.5,4.8,10.7,69,0.9272375462179537,0.374473674486883,5.3,0.5,9.8,5.9,5.1428571428571415,5.25
2020-03-10,6.3,3.0,10.9,70,0.9335418911179212,0.35846832151248087,7.5,4.8,10.7,4.8,5.371428571428571,5.407142857142857
2020-03-11,10.0,7.9,12.8,71,0.9395699859530622,0.342356891994542,6.3,3.0,10.9,4.8,5.5857142857142845,5.285714285714286
2020-03-12,10.0,5.9,13.4,72,0.945320046913132,0.3261441535642696,10.0,7.9,12.8,5.3,6.328571428571427,5.792857142857143
2020-03-13,6.4,2.6,9.9,73,0.9507903724625832,0.3098349038318025,10.0,5.9,13.4,5.4,6.999999999999999,6.257142857142857
2020-03-14,3.7,-1.2,8.7,74,0.9559793438440766,0.2934339689665273,6.4,2.6,9.9,4.5,7.1428571428571415,6.435714285714285
2020-03-15,5.7,-0.9,12.1,75,0.9608854255574977,0.27694620226893646,3.7,-1.2,8.7,5.3,7.028571428571428,6.214285714285714
2020-03-16,9.5,2.6,17.3,76,0.9655071658143364,0.2603764827344581,5.7,-0.9,12.1,7.5,7.0857142857142845,6.114285714285715
2020-03-17,10.0,3.8,16.0,77,0.969843196967294,0.24372971360968387,9.5,2.6,17.3,6.3,7.371428571428571,6.371428571428572
2020-03-18,12.0,6.6,18.0,78,0.9738922359149924,0.22701082094141847,10.0,3.8,16.0,10.0,7.8999999999999995,6.742857142857143
2020-03-19,10.6,7.5,14.9,79,0.9776530844816641,0.2102247521189836,12.0,6.6,18.0,10.0,8.185714285714285,7.257142857142858
2020-03-20,7.6,5.0,9.4,80,0.981124629771712,0.19337647441020586,10.6,7.5,14.9,6.4,8.27142857142857,7.635714285714285
2020-03-21,3.8,-0.2,6.9,81,0.984305844499033,0.17647097349152166,7.6,5.0,9.4,3.7,8.442857142857141,7.792857142857143
2020-03-22,1.6,-3.1,6.0,82,0.9871957872910085,0.15951325197263655,3.8,-0.2,6.9,5.7,8.457142857142856,7.742857142857143
2020-03-23,1.3,-4.6,5.8,83,0.9897936029670716,0.14250832791617088,1.6,-3.1,6.0,9.5,7.871428571428569,7.478571428571429
2020-03-24,2.7,-3.7,8.4,84,0.992098522791769,0.12546123335273648,1.3,-4.6,5.8,10.0,6.7,7.035714285714286
2020-03-25,3.8,-3.2,10.2,85,0.9941098647022418,0.10837701279187609,2.7,-3.7,8.4,12.0,5.657142857142856,6.778571428571428
2020-03-26,5.6,-1.0,11.2,86,0.9958270335100595,0.09126072172931188,3.8,-3.2,10.2,10.6,4.485714285714285,6.335714285714286
2020-03-27,9.2,3.5,15.6,87,0.9972495210773451,0.07411742515094437,5.6,-1.0,11.2,7.6,3.77142857142857,6.021428571428571
2020-03-28,7.9,1.2,14.8,88,0.998376906467142,0.056952196034039754,9.2,3.5,15.6,3.8,3.999999999999999,6.221428571428571
2020-03-29,2.9,-3.5,5.7,89,0.9992088560679753,0.03977011384605572,7.9,1.2,14.8,1.6,4.5857142857142845,6.521428571428571
2020-03-30,0.6,-3.8,3.9,90,0.9997451236925734,0.022576263041545485,2.9,-3.5,5.7,1.3,4.7714285714285705,6.321428571428571
2020-03-31,1.7,-2.2,5.3,91,0.9999855506507186,0.005375731557583884,0.6,-3.8,3.9,2.7,4.67142857142857,5.685714285714285
2020-04-01,4.7,-1.8,10.7,92,0.9999300657962057,-0.011826390691832589,1.7,-2.2,5.3,3.8,4.528571428571428,5.0928571428571425
2020-04-02,7.2,5.0,11.3,93,0.9995786855478958,-0.029025013321975237,4.7,-1.8,10.7,5.6,4.657142857142857,4.571428571428571
2020-04-03,7.5,4.9,11.2,94,0.9989315138848577,-0.046215046983708354,7.2,5.0,11.3,9.2,4.885714285714285,4.328571428571428
2020-04-04,8.0,2.5,13.0,95,0.9979887423155984,-0.06339140486951038,7.5,4.9,11.2,7.9,4.6428571428571415,4.321428571428571
2020-04-05,10.0,2.4,16.3,96,0.9967506498213929,-0.08054900421874167,8.0,2.5,13.0,2.9,4.657142857142857,4.621428571428572
2020-04-06,13.8,4.9,21.9,97,0.9952176027737294,-0.09768276782171598,10.0,2.4,16.3,0.6,5.67142857142857,5.221428571428571
2020-04-07,13.6,7.0,19.8,98,0.9933900548258936,-0.11478762552212701,13.8,4.9,21.9,1.7,7.557142857142856,6.114285714285715
2020-04-08,14.2,5.4,22.2,99,0.9912685467787256,-0.13185851571739118,13.6,7.0,19.8,4.7,9.257142857142856,6.892857142857143
2020-04-09,12.4,6.2,18.0,100,0.9888537064205885,-0.1488903868564548,14.2,5.4,22.2,7.2,10.614285714285714,7.635714285714286
2020-04-10,10.0,2.7,16.4,101,0.986146248341595,-0.16587819893463143,12.4,6.2,18.0,7.5,11.357142857142856,8.12142857142857
2020-04-11,9.8,2.4,16.2,102,0.9831469737221499,-0.1828169249850199,10.0,2.7,16.4,8.0,11.714285714285712,8.178571428571429
2020-04-12,14.2,2.9,24.0,103,0.9798567700958665,-0.1997015525660636,9.8,2.4,16.2,10.0,11.97142857142857,8.314285714285715
2020-04-13,8.0,3.6,12.9,104,0.9762766110869321,-0.21652708524481437,14.2,2.9,24.0,13.8,12.57142857142857,9.12142857142857
2020-04-14,6.2,0.6,11.0,105,0.9724075561219968,-0.23328854407545518,8.0,3.6,12.9,13.6,11.742857142857142,9.65
2020-04-15,9.8,4.8,15.6,106,0.9682507501166718,-0.2499809690726521,6.2,0.6,11.0,14.2,10.685714285714285,9.971428571428573
2020-04-16,11.8,5.3,17.9,107,0.9638074231367307,-0.26659942067929354,9.8,4.8,15.6,12.4,10.057142857142855,10.335714285714285
2020-04-17,11.4,5.6,17.8,108,0.9590788900341131,-0.28313898122818354,11.8,5.3,17.9,10.0,9.97142857142857,10.664285714285715
2020-04-18,10.6,3.4,16.6,109,0.9540665500578387,-0.2995947563972602,11.4,5.6,17.8,9.8,10.171428571428569,10.942857142857145
2020-04-19,9.0,5.3,13.1,110,0.9487718864399473,-0.31596187665790293,10.6,3.4,16.6,14.2,10.285714285714286,11.12857142857143
2020-04-20,9.9,3.3,15.1,111,0.9431964659565866,-0.33223549871590435,9.0,5.3,13.1,8.0,9.542857142857141,11.057142857142859
2020-04-21,11.0,4.7,16.7,112,0.9373419384643772,-0.3484108069446808,9.9,3.3,15.1,6.2,9.814285714285713,10.778571428571428
2020-04-22,12.2,5.1,18.4,113,0.9312100364121947,-0.3644830148102912,11.0,4.7,16.7,9.8,10.5,10.592857142857143
2020-04-23,14.5,6.4,21.1,114,0.9248025743285089,-0.38044736628785164,12.2,5.1,18.4,11.8,10.842857142857142,10.450000000000001
2020-04-24,14.5,7.2,22.7,115,0.9181214482844364,-0.39629913726891813,14.5,6.4,21.1,11.4,11.228571428571428,10.6
2020-04-25,10.9,7.5,15.3,116,0.9111686353326631,-0.41203363695942635,14.5,7.2,22.7,10.6,11.671428571428569,10.921428571428573
2020-04-26,12.4,4.4,18.7,117,0.9039461929224011,-0.42764620926777464,10.9,7.5,15.3,9.0,11.714285714285714,11.0
2020-04-27,15.1,4.3,22.8,118,0.8964562582905575,-0.44313223418263453,12.4,4.4,18.7,9.9,12.200000000000001,10.871428571428572
2020-04-28,17.0,9.0,23.7,119,0.8887010478292915,-0.45848712914008766,15.1,4.3,22.8,11.0,12.942857142857141,11.37857142857143
2020-04-29,12.0,8.0,17.7,120,0.8806828564301475,-0.47370635037968,17.0,9.0,23.7,12.2,13.799999999999999,12.15
2020-04-30,13.7,9.7,18.8,121,0.8724040568049612,-0.48878539428899265,12.0,8.0,17.7,14.5,13.77142857142857,12.307142857142859
2020-05-01,13.2,9.3,17.7,122,0.8638670987837349,-0.503719798736334,13.7,9.7,18.8,14.5,13.657142857142857,12.442857142857141
2020-05-02,9.9,6.7,15.2,123,0.8550745085896932,-0.518505144391157,13.2,9.3,17.7,10.9,13.47142857142857,12.571428571428571
2020-05-03,10.7,6.3,15.0,124,0.8460288880917339,-0.533137056031809,9.9,6.7,15.2,12.4,13.328571428571426,12.52142857142857
2020-05-04,9.0,4.6,11.9,125,0.8367329140344921,-0.5476112038402312,10.7,6.3,15.0,15.1,13.085714285714285,12.642857142857142
2020-05-05,7.5,3.6,11.9,126,0.8271893372462497,-0.5619233046832195,9.0,4.6,11.9,17.0,12.214285714285714,12.578571428571427
2020-05-06,11.4,6.0,16.6,127,0.8174009818249189,-0.5760691233798758,7.5,3.6,11.9,12.0,10.857142857142858,12.328571428571427
2020-05-07,11.1,6.3,17.0,128,0.8073707443023492,-0.5900444739548627,11.4,6.0,16.6,13.7,10.77142857142857,12.271428571428572
2020-05-08,14.6,6.4,21.6,129,0.7971015927871943,-0.6038452208771035,11.1,6.3,17.0,13.2,10.399999999999997,12.028571428571428
2020-05-09,16.3,8.0,23.0,130,0.7865965660866021,-0.6174672802835514,14.6,6.4,21.6,9.9,10.599999999999998,12.035714285714286
2020-05-10,17.5,9.8,24.0,131,0.7758587728069828,-0.6309066211876704,16.3,8.0,23.0,10.7,11.514285714285714,12.421428571428573
2020-05-11,7.2,2.3,15.9,132,0.7648913904341225,-0.6441592666722685,17.5,9.8,24.0,9.0,12.485714285714286,12.785714285714286
2020-05-12,7.3,0.7,12.1,133,0.753697664392914,-0.6572212950663319,7.2,2.3,15.9,7.5,12.228571428571428,12.221428571428572
2020-05-13,9.8,5.6,14.6,134,0.742280907086982,-0.6700888411055113,7.3,0.7,12.1,11.4,12.200000000000001,11.528571428571428
2020-05-14,9.1,4.4,13.7,135,0.7306444969184916,-0.6827580970759147,9.8,5.6,14.6,11.1,11.971428571428572,11.37142857142857
2020-05-15,9.9,1.5,15.8,136,0.7187918772884232,-0.6952253139408722,9.1,4.4,13.7,14.6,11.685714285714285,11.042857142857143
2020-05-16,12.6,8.4,16.4,137,0.7067265555776158,-0.7074868024503348,9.9,1.5,15.8,16.3,11.014285714285714,10.807142857142855
2020-05-17,14.0,9.1,18.8,138,0.6944521021088763,-0.719538934232584,12.6,8.4,16.4,17.5,10.485714285714284,11.0
2020-05-18,16.4,10.9,22.3,139,0.6819721490904629,-0.7313781428679254,14.0,9.1,18.8,7.2,9.985714285714284,11.235714285714284
2020-05-19,15.4,10.9,20.2,140,0.6692903895412567,-0.7430009249440493,16.4,10.9,22.3,7.3,11.299999999999999,11.764285714285714
2020-05-20,15.5,9.1,21.3,141,0.6564105761979381,-0.7544038410927472,15.4,10.9,20.2,9.8,12.457142857142856,12.328571428571427
2020-05-21,15.1,7.0,21.6,142,0.6433365204044917,-0.765583517007675,15.5,9.1,21.3,9.1,13.27142857142857,12.62142857142857
2020-05-22,17.4,9.9,22.6,143,0.6300720909843687,-0.7765366444428655,15.1,7.0,21.6,9.9,14.128571428571425,12.907142857142857
2020-05-23,15.4,10.7,20.4,144,0.6166212130956382,-0.7872599821916922,17.4,9.9,22.6,12.6,15.2,13.107142857142858
2020-05-24,12.8,10.2,17.3,145,0.6029878670694714,-0.7977503570459932,15.4,10.7,20.4,14.0,15.599999999999998,13.042857142857143
2020-05-25,12.0,9.6,13.5,146,0.5891760872322963,-0.8080046647350754,12.8,10.2,17.3,16.4,15.428571428571427,12.707142857142856
2020-05-26,14.5,7.6,20.4,147,0.5751899607119775,-0.8180198708443174,12.0,9.6,13.5,15.4,14.799999999999999,13.049999999999999
2020-05-27,16.4,7.4,22.7,148,0.5610336262283677,-0.8277930117131022,14.5,7.6,20.4,15.5,14.671428571428569,13.564285714285713
2020-05-28,14.9,9.1,20.7,149,0.5467112728685939,-0.8373211953118121,16.4,7.4,22.7,15.1,14.799999999999999,14.035714285714286
2020-05-29,14.6,7.4,20.9,150,0.5322271388474397,-0.8466016020976267,14.9,9.1,20.7,17.4,14.77142857142857,14.450000000000001
2020-05-30,13.8,7.6,18.3,151,0.5175855102531889,-0.8556314858488706,14.6,7.4,20.9,15.4,14.37142857142857,14.785714285714286
2020-05-31,15.7,9.4,22.9,152,0.5027907197793043,-0.8644081744776648,13.8,7.6,18.3,12.8,14.142857142857142,14.871428571428572
2020-06-01,17.0,8.1,24.4,153,0.4878471454423119,-0.8729290708206411,15.7,9.4,22.9,12.0,14.557142857142859,14.992857142857144
2020-06-02,20.0,10.0,28.4,154,0.47275920928627757,-0.881191653407483,17.0,8.1,24.4,14.5,15.271428571428572,15.035714285714286
2020-06-03,19.0,12.2,25.3,155,0.4575313760742512,-0.8891934772070711,20.0,10.0,28.4,16.4,16.057142857142857,15.364285714285714
2020-06-04,18.4,13.5,25.8,156,0.44216815196707204,-0.8969321743510065,19.0,12.2,25.3,14.9,16.428571428571427,15.614285714285714
2020-06-05,14.1,11.2,18.6,157,0.42667408318992467,-0.9044054548343001,18.4,13.5,25.8,14.6,16.928571428571427,15.85
2020-06-06,14.0,8.9,19.9,158,0.4110537546870351,-0.9116111071930239,14.1,11.2,18.6,13.8,16.857142857142854,15.614285714285714
2020-06-07,15.4,10.0,20.0,159,0.3953117887649151,-0.9185469991587165,14.0,8.9,19.9,15.7,16.885714285714283,15.514285714285714
2020-06-08,17.3,10.6,23.0,160,0.37945284372454435,-0.925211078289358,15.4,10.0,20.0,17.0,16.84285714285714,15.700000000000001
2020-06-09,18.1,12.2,22.3,161,0.36348161248290634,-0.9316013725767187,17.3,10.6,23.0,20.0,16.885714285714283,16.07857142857143
2020-06-10,16.7,11.3,22.9,162,0.3474028211842774,-0.9377159910299093,18.1,12.2,22.3,19.0,16.614285714285714,16.335714285714285
2020-06-11,16.9,14.4,20.6,163,0.3312212278016865,-0.9435531242349544,16.7,11.3,22.9,18.4,16.285714285714285,16.357142857142858
2020-06-12,20.9,13.9,28.2,164,0.31494162072895193,-0.9491110448902284,16.9,14.4,20.6,14.1,16.07142857142857,16.5
2020-06-13,21.9,17.6,31.8,165,0.2985688173637202,-0.9543881083175908,20.9,13.9,28.2,14.0,17.04285714285714,16.95
2020-06-14,21.0,16.4,26.2,166,0.2821076626819194,-0.9593827529490743,21.9,17.6,31.8,15.4,18.17142857142857,17.52857142857143
2020-06-15,20.1,14.7,25.0,167,0.26556302780405594,-0.9640935007889755,21.0,16.4,26.2,17.3,18.971428571428568,17.907142857142855
2020-06-16,21.0,12.9,26.8,168,0.24893980855376657,-0.9685189578512204,20.1,14.7,25.0,18.1,19.37142857142857,18.12857142857143
2020-06-17,23.3,14.8,28.6,169,0.23224292400907015,-0.9726578145718654,21.0,12.9,26.8,16.7,19.785714285714285,18.2
2020-06-18,22.0,17.7,27.2,170,0.21547731504673012,-0.976508846196619,23.3,14.8,28.6,16.9,20.728571428571428,18.50714285714286
2020-06-19,18.5,16.3,21.7,171,0.19864794288017112,-0.9800709131432666,22.0,17.7,27.2,20.9,21.457142857142856,18.764285714285712
2020-06-20,17.0,14.7,19.7,172,0.18175978759137534,-0.9833429613388902,18.5,16.3,21.7,21.9,21.114285714285717,19.07857142857143
2020-06-21,18.4,14.3,24.0,173,0.16481784665719793,-0.9863240225317866,17.0,14.7,19.7,21.0,20.414285714285715,19.292857142857144
2020-06-22,20.5,12.9,26.8,174,0.14782713347053048,-0.9890132145779883,18.4,14.3,24.0,20.1,20.042857142857144,19.50714285714286
2020-06-23,19.5,12.3,24.8,175,0.13079267585675922,-0.9914097417023038,20.5,12.9,26.8,21.0,20.099999999999998,19.735714285714288
2020-06-24,20.8,13.2,25.8,176,0.11371951458594969,-0.9935128947338007,19.5,12.3,24.8,23.3,19.885714285714283,19.83571428571429
2020-06-25,23.4,19.2,28.5,177,0.0966127018812031,-0.9953220513156602,20.8,13.2,25.8,22.0,19.52857142857143,20.128571428571426
2020-06-26,22.6,17.6,29.0,178,0.07947729992362097,-0.9968366760893436,23.4,19.2,28.5,18.5,19.728571428571428,20.592857142857145
2020-06-27,25.0,16.2,32.2,179,0.062318379354325076,-0.998056320853012,22.6,17.6,29.0,17.0,20.314285714285713,20.714285714285715
2020-06-28,22.4,18.4,28.6,180,0.04514101777397193,-0.9989806246941579,25.0,16.2,32.2,18.4,21.457142857142856,20.935714285714283
2020-06-29,19.6,15.5,24.5,181,0.02795029824021032,-0.999609314096404,22.4,18.4,28.6,20.5,22.02857142857143,21.035714285714285
2020-06-30,19.8,15.3,24.3,182,0.01075130776352193,-0.9999422030204416,19.6,15.5,24.5,19.5,21.9,21.0
2020-07-01,19.9,17.4,23.4,183,-0.00645086419810515,-0.9999791929590823,19.8,15.3,24.3,20.8,21.942857142857143,20.914285714285715
2020-07-02,20.4,16.0,25.3,184,-0.023651127245231586,-0.9997202729664083,19.9,17.4,23.4,23.4,21.814285714285717,20.671428571428574
2020-07-03,19.8,15.8,24.4,185,-0.04084439154329611,-0.9991655196610109,20.4,16.0,25.3,22.6,21.385714285714283,20.557142857142857
2020-07-04,21.4,15.3,26.2,186,-0.05802556932878035,-0.9983150972033183,19.8,15.8,24.4,25.0,20.985714285714284,20.650000000000002
2020-07-05,22.6,19.1,28.2,187,-0.07518957641475855,-0.9971692572470178,21.4,15.3,26.2,22.4,20.471428571428568,20.964285714285715
2020-07-06,17.7,12.5,22.1,188,-0.09233133369539122,-0.9957283388645872,22.6,19.1,28.2,19.6,20.5,21.264285714285712
2020-07-07,16.1,11.8,21.6,189,-0.10944576864891556,-0.993992768446958,17.7,12.5,22.1,19.8,20.228571428571428,21.064285714285713
2020-07-08,15.6,13.0,18.2,190,-0.12652781683868314,-0.9919630595773397,16.1,11.8,21.6,19.9,19.7,20.821428571428573
2020-07-09,17.2,14.3,20.1,191,-0.1435724234118113,-0.9896398128792412,15.6,13.0,18.2,20.4,19.085714285714285,20.45
2020-07-10,18.4,12.3,25.0,192,-0.16057454459499376,-0.9870237158387383,17.2,14.3,20.1,19.8,18.62857142857143,20.007142857142856
2020-07-11,15.8,11.4,21.1,193,-0.17752914918703497,-0.984115542601034,18.4,12.3,25.0,21.4,18.428571428571427,19.70714285714286
2020-07-12,16.3,10.4,21.9,194,-0.19443122004766195,-0.9809161537413774,15.8,11.4,21.1,22.6,17.628571428571426,19.05
2020-07-13,18.8,11.2,24.5,195,-0.2112757555821793,-0.9774264960104055,16.3,10.4,21.9,17.7,16.728571428571428,18.614285714285717
2020-07-14,21.9,12.5,28.9,196,-0.2280577712215198,-0.9736476020539838,18.8,11.2,24.5,16.1,16.885714285714286,18.557142857142857
2020-07-15,16.5,14.5,18.3,197,-0.24477230089725957,-0.9695805901076308,21.9,12.5,28.9,15.6,17.71428571428571,18.70714285714286
2020-07-16,16.8,13.5,21.7,198,-0.2614143985111562,-0.965226663665613,16.5,14.5,18.3,17.2,17.84285714285714,18.464285714285715
2020-07-17,16.8,11.9,20.8,199,-0.2779791393987801,-0.9605871111248129,16.8,13.5,21.7,18.4,17.785714285714285,18.20714285714286
2020-07-18,21.0,11.7,27.8,200,-0.2944616217868012,-0.9556633054034704,16.8,11.9,20.8,15.8,17.557142857142857,17.992857142857144
2020-07-19,23.6,16.3,30.8,201,-0.3108569682435036,-0.9504567035349151,21.0,11.7,27.8,16.3,18.3,17.964285714285715
2020-07-20,20.5,14.0,25.7,202,-0.3271603271220951,-0.9449688462364056,23.6,16.3,30.8,18.8,19.342857142857145,18.035714285714285
2020-07-21,18.0,12.6,23.6,203,-0.34336687399638804,-0.939201357453208,20.5,14.0,25.7,21.9,19.585714285714285,18.235714285714288
2020-07-22,17.7,10.9,23.2,204,-0.3594718130884232,-0.9331559438780432,18.0,12.6,23.6,16.5,19.02857142857143,18.37142857142857
2020-07-23,18.6,14.3,24.0,205,-0.3754703786876202,-0.9268343944460494,17.7,10.9,23.2,16.8,19.199999999999996,18.521428571428572
2020-07-24,21.2,13.0,28.8,206,-0.3913578365610259,-0.9202385798054075,18.6,14.3,24.0,16.8,19.457142857142856,18.62142857142857
2020-07-25,21.3,14.2,26.8,207,-0.4071294853542516,-0.9133704517637858,21.2,13.0,28.8,21.0,20.085714285714285,18.821428571428573
2020-07-26,18.7,15.3,23.5,208,-0.4227806579826773,-0.9062320427107697,21.3,14.2,26.8,23.6,20.12857142857143,19.214285714285715
2020-07-27,20.7,13.9,26.5,209,-0.4383067230125192,-0.898825465016444,18.7,15.3,23.5,20.5,19.428571428571427,19.385714285714283
2020-07-28,23.0,17.8,28.2,210,-0.45370308603134424,-0.8911529104063088,20.7,13.9,26.5,18.0,19.457142857142856,19.521428571428572
2020-07-29,19.2,14.6,23.9,211,-0.46896519100763184,-0.8832166493127127,23.0,17.8,28.2,17.7,20.17142857142857,19.599999999999998
2020-07-30,18.2,12.4,24.1,212,-0.48408852163897587,-0.8750190302029955,19.2,14.6,23.9,18.6,20.385714285714283,19.792857142857144
2020-07-31,20.3,13.3,27.1,213,-0.4990686026885319,-0.8665624788845385,18.2,12.4,24.1,21.2,20.328571428571426,19.892857142857142
2020-08-01,22.8,13.5,29.6,214,-0.5139010013093103,-0.8578494977869301,20.3,13.3,27.1,21.3,20.199999999999996,20.142857142857142
2020-08-02,21.0,17.2,23.9,215,-0.5285813283559292,-0.8488826652214553,22.8,13.5,29.6,18.7,20.41428571428571,20.27142857142857
2020-08-03,18.8,13.9,23.9,216,-0.5431052396834317,-0.8396646346181327,21.0,17.2,23.9,20.7,20.74285714285714,20.08571428571429
2020-08-04,18.3,11.9,24.2,217,-0.5574684374327892,-0.8301981337405212,18.8,13.9,23.9,23.0,20.47142857142857,19.964285714285715
2020-08-05,21.2,10.7,28.3,218,-0.5716666713027052,-0.8204859638785327,18.3,11.9,24.2,19.2,19.8,19.985714285714288
2020-08-06,23.7,15.6,30.3,219,-0.5856957398073508,-0.8105309990194823,21.2,10.7,28.3,18.2,20.085714285714285,20.235714285714288
2020-08-07,26.0,18.3,33.0,220,-0.5995514915196489,-0.8003361849976323,23.7,15.6,30.3,20.3,20.87142857142857,20.599999999999998
2020-08-08,28.5,20.2,35.9,221,-0.6132298262997502,-0.7899045386224707,26.0,18.3,33.0,22.8,21.685714285714287,20.942857142857147
2020-08-09,27.7,21.4,36.1,222,-0.6267266965083301,-0.7792391467859886,28.5,20.2,35.9,21.0,22.5,21.457142857142856
2020-08-10,25.5,21.7,32.6,223,-0.6400381082043503,-0.7683431655492202,27.7,21.4,36.1,18.8,23.457142857142856,22.1
2020-08-11,26.2,19.6,33.0,224,-0.65316012232693,-0.7572198192083127,25.5,21.7,32.6,18.3,24.414285714285715,22.442857142857147
2020-08-12,25.1,18.4,31.5,225,-0.666088855860977,-0.7458723993404063,26.2,19.6,33.0,21.2,25.54285714285714,22.671428571428574
2020-08-13,25.3,18.1,31.9,226,-0.6788204829862355,-0.734304263829602,25.1,18.4,31.5,23.7,26.099999999999998,23.092857142857138
2020-08-14,23.6,19.1,29.1,227,-0.6913512362094071,-0.722518835873311,25.3,18.1,31.9,26.0,26.328571428571426,23.599999999999998
2020-08-15,25.0,17.1,31.4,228,-0.7036774074790128,-0.7105196029692745,23.6,19.1,29.1,28.5,25.985714285714284,23.835714285714285
2020-08-16,24.9,18.6,31.1,229,-0.7157953492826642,-0.6983101158835584,25.0,17.1,31.4,27.7,25.485714285714284,23.99285714285714
2020-08-17,24.8,16.4,31.5,230,-0.7277014757264236,-0.6858939875998223,24.9,18.6,31.1,25.5,25.085714285714285,24.27142857142857
2020-08-18,21.2,18.4,25.9,231,-0.7393922635959241,-0.673274892250183,24.8,16.4,31.5,26.2,24.985714285714288,24.7
2020-08-19,21.4,16.6,26.2,232,-0.7508642533989489,-0.6604565640279754,21.2,18.4,25.9,25.1,24.27142857142857,24.907142857142855
2020-08-20,24.4,17.1,31.5,233,-0.7621140503891487,-0.6474427960827475,21.4,16.6,26.2,25.3,23.74285714285714,24.921428571428574
2020-08-21,28.4,20.1,36.4,234,-0.7731383255706026,-0.6342374393978054,24.4,17.1,31.5,23.6,23.614285714285717,24.97142857142857
2020-08-22,23.2,17.7,26.4,235,-0.7839338166829201,-0.620844401650647,28.4,20.1,36.4,25.0,24.299999999999994,25.142857142857142
2020-08-23,20.6,16.2,25.1,236,-0.7944973291665992,-0.6072676460566135,23.2,17.7,26.4,24.9,24.04285714285714,24.764285714285716
2020-08-24,18.8,15.4,23.2,237,-0.8048257371083452,-0.593511190196115,20.6,16.2,25.1,24.8,23.428571428571427,24.257142857142856
2020-08-25,18.7,13.5,23.6,238,-0.8149159841660791,-0.5795791048257612,18.8,15.4,23.2,21.2,22.571428571428573,23.77857142857143
2020-08-26,17.7,15.5,21.5,239,-0.8247650844733614,-0.5654755126737576,18.7,13.5,23.6,21.4,22.214285714285715,23.24285714285714
2020-08-27,16.5,12.4,20.0,240,-0.8343701235229538,-0.5512045872199277,17.7,15.5,21.5,24.4,21.685714285714283,22.71428571428571
2020-08-28,17.5,12.3,23.2,241,-0.8437282590292712,-0.5367705514607103,16.5,12.4,20.0,28.4,20.557142857142853,22.085714285714285
2020-08-29,19.1,15.0,23.7,242,-0.8528367217694595,-0.522177676659508,17.5,12.3,23.2,23.2,19.0,21.65
2020-08-30,17.8,12.9,23.6,243,-0.8616928164028522,-0.5074302810827518,19.1,15.0,23.7,20.6,18.414285714285715,21.228571428571428
2020-08-31,17.3,13.2,22.9,244,-0.8702939222685674,-0.49253272872205434,17.8,12.9,23.6,18.8,18.014285714285712,20.72142857142857
2020-09-01,15.0,10.4,18.9,245,-0.8786374941610001,-0.4774894280028391,17.3,13.2,22.9,18.7,17.8,20.185714285714287
2020-09-02,14.5,11.2,18.9,246,-0.886721063082993,-0.46230483047981086,15.0,10.4,18.9,17.7,17.271428571428572,19.742857142857144
2020-09-03,17.7,13.2,22.8,247,-0.8945422369764496,-0.4469834295196741,14.5,11.2,18.9,16.5,16.814285714285713,19.25
2020-09-04,18.5,15.3,23.2,248,-0.9020987014301837,-0.43152975897147144,17.7,13.2,22.8,17.5,16.985714285714288,18.771428571428572
2020-09-05,16.2,13.4,18.3,249,-0.9093882203647925,-0.4159483918249421,18.5,15.3,23.2,19.1,17.12857142857143,18.064285714285713
2020-09-06,15.5,11.6,20.0,250,-0.9164086366943458,-0.4002439388573056,16.2,13.4,18.3,17.8,16.71428571428571,17.564285714285713
2020-09-07,15.3,12.4,20.0,251,-0.9231578729647039,-0.38442104726885545,15.5,11.6,20.0,17.3,16.385714285714283,17.2
2020-09-08,17.3,11.4,23.2,252,-0.9296339319682695,-0.3684843993077793,15.3,12.4,20.0,15.0,16.099999999999998,16.95
2020-09-09,20.0,15.2,25.4,253,-0.9358348973349941,-0.35243871088460327,17.3,11.4,23.2,14.5,16.428571428571427,16.85
2020-09-10,14.8,9.7,19.7,254,-0.9417589340994617,-0.33628873017668287,20.0,15.2,25.4,17.7,17.214285714285715,17.014285714285712
2020-09-11,16.3,8.6,22.4,255,-0.9474042892438845,-0.32003923622313857,14.8,9.7,19.7,18.5,16.8,16.892857142857142
2020-09-12,18.3,9.4,27.1,256,-0.9527692922168511,-0.30369503751065885,16.3,8.6,22.4,16.2,16.485714285714284,16.807142857142857
2020-09-13,18.2,11.6,25.0,257,-0.9578523554276669,-0.28726097055059635,18.3,9.4,27.1,15.5,16.785714285714285,16.75
2020-09-14,21.1,11.5,29.7,258,-0.9626519747161487,-0.2707418984477642,18.2,11.6,25.0,15.3,17.17142857142857,16.77857142857143
2020-09-15,23.2,15.8,30.9,259,-0.9671667297977312,-0.2541427094613622,21.1,11.5,29.7,17.3,18.0,17.05
2020-09-16,22.1,15.1,29.8,260,-0.97139528468375,-0.23746831555846842,23.2,15.8,30.9,20.0,18.842857142857145,17.635714285714286
2020-09-17,14.6,8.6,19.0,261,-0.9753363880767837,-0.2207236509605022,22.1,15.1,29.8,14.8,19.142857142857142,18.178571428571427
2020-09-18,13.0,5.1,20.2,262,-0.9789888737409319,-0.20391367068311472,14.6,8.6,19.0,16.3,19.11428571428571,17.95714285714286
2020-09-19,14.4,6.1,21.3,263,-0.9823516608469237,-0.18704334906991657,13.0,5.1,20.2,18.3,18.642857142857142,17.564285714285713
2020-09-20,15.9,9.3,22.8,264,-0.9854237542919524,-0.17011767832049052,14.4,6.1,21.3,18.2,18.085714285714285,17.435714285714287
2020-09-21,17.1,8.9,25.3,265,-0.9882042449941422,-0.15314166701312007,15.9,9.3,22.8,21.1,17.757142857142856,17.464285714285715
2020-09-22,19.0,11.4,26.8,266,-0.9906923101615609,-0.13612033862266704,17.1,8.9,25.3,23.2,17.185714285714287,17.592857142857145
2020-09-23,20.2,13.4,27.9,267,-0.9928872135356962,-0.11905873003404988,19.0,11.4,26.8,22.1,16.585714285714285,17.714285714285715
2020-09-24,18.2,13.5,22.9,268,-0.994788305609327,-0.10196189005174576,20.2,13.4,27.9,14.6,16.314285714285713,17.72857142857143
2020-09-25,13.5,10.6,15.8,269,-0.9963950238187231,-0.08483487790576538,18.2,13.5,22.9,13.0,16.828571428571426,17.97142857142857
2020-09-26,10.4,8.6,12.1,270,-0.9977068927101168,-0.06768276175455162,13.5,10.6,15.8,14.4,16.9,17.77142857142857
2020-09-27,9.9,7.0,12.6,271,-0.9987235240803972,-0.050510617185222886,10.4,8.6,12.1,15.9,16.328571428571426,17.20714285714286
2020-09-28,13.9,9.1,18.6,272,-0.9994446170919858,-0.033323525711631344,9.9,7.0,12.6,17.1,15.471428571428572,16.614285714285714
2020-09-29,14.4,10.1,18.7,273,-0.9998699583618592,-0.016126573270657762,13.9,9.1,18.6,19.0,15.01428571428571,16.1
2020-09-30,13.9,7.8,21.1,274,-0.9999994220246925,0.001075151282798226,14.4,10.1,18.7,20.2,14.357142857142858,15.471428571428573
2020-10-01,12.4,8.1,16.4,275,-0.999832969770105,0.018276557681691223,13.9,7.8,21.1,18.2,13.457142857142857,14.885714285714284
2020-10-02,14.0,11.6,16.6,276,-0.9993706508539969,0.03547255575312556,12.4,8.1,16.4,13.5,12.628571428571428,14.728571428571428
2020-10-03,16.9,13.0,22.1,277,-0.9986126020839734,0.052658056924614005,14.0,11.6,16.6,10.4,12.7,14.799999999999999
2020-10-04,14.4,8.7,19.0,278,-0.9975590477788613,0.06982797572987089,16.9,13.0,22.1,9.9,13.628571428571428,14.97857142857143
2020-10-05,11.8,7.4,16.7,279,-0.9962102997023297,0.0869772313136861,14.4,8.7,19.0,13.9,14.27142857142857,14.871428571428572
2020-10-06,12.9,9.6,16.8,280,-0.9945667569706337,0.1041007489354256,11.8,7.4,16.7,14.4,13.971428571428572,14.492857142857144
2020-10-07,12.6,10.8,16.5,281,-0.9926289059345095,0.121193461470736,12.9,9.6,16.8,13.9,13.757142857142856,14.057142857142855
2020-10-08,12.5,9.1,14.9,282,-0.9903973200352558,0.1382503109109819,12.6,10.8,16.5,12.4,13.571428571428571,13.514285714285714
2020-10-09,13.1,10.9,15.4,283,-0.9878726596350429,0.15526624985999563,12.5,9.1,14.9,14.0,13.585714285714285,13.107142857142858
2020-10-10,10.5,6.1,13.0,284,-0.9850556718215013,0.172236243027682,13.1,10.9,15.4,16.9,13.457142857142856,13.078571428571431
2020-10-11,8.0,4.0,11.4,285,-0.981947190186646,0.18915526872004093,10.5,6.1,13.0,14.4,12.542857142857143,13.085714285714285
2020-10-12,8.7,3.1,12.1,286,-0.9785481345802031,0.20601832032517084,8.0,4.0,11.4,11.8,11.628571428571428,12.950000000000001
2020-10-13,8.1,1.3,12.1,287,-0.9748595108374125,0.22282040779479959,8.7,3.1,12.1,12.9,11.185714285714285,12.578571428571427
2020-10-14,10.1,9.5,10.6,288,-0.9708824104813836,0.23955655912092708,8.1,1.3,12.1,12.6,10.499999999999998,12.128571428571428
2020-10-15,10.5,9.7,11.5,289,-0.9666180104000972,0.2562218218071163,10.1,9.5,10.6,12.5,10.142857142857142,11.857142857142858
2020-10-16,9.3,7.7,11.2,290,-0.9620675724981452,0.27281126433401914,10.5,9.7,11.5,13.1,9.857142857142858,11.721428571428572
2020-10-17,9.3,7.4,12.2,291,-0.957232443323312,0.28931997761869527,9.3,7.7,11.2,10.5,9.314285714285713,11.385714285714286
2020-10-18,8.1,6.5,9.4,292,-0.9521140536681102,0.3057430764672831,9.3,7.4,12.2,8.0,9.142857142857142,10.842857142857143
2020-10-19,8.9,6.0,11.3,293,-0.9467139181463862,0.3220757010206104,8.1,6.5,9.4,8.7,9.157142857142857,10.392857142857142
2020-10-20,8.7,4.1,12.3,294,-0.9410336347451197,0.3383130181923076,8.9,6.0,11.3,8.1,9.185714285714283,10.185714285714287
2020-10-21,12.3,9.9,15.4,295,-0.9350748843515574,0.3544502230989869,8.7,4.1,12.3,10.1,9.27142857142857,9.885714285714286
2020-10-22,16.2,14.4,19.3,296,-0.9288394302558068,0.3704825404820963,12.3,9.9,15.4,10.5,9.585714285714285,9.864285714285714
2020-10-23,14.0,11.2,17.0,297,-0.9223291176290545,0.3864052261209853,16.2,14.4,19.3,9.3,10.4,10.128571428571428
2020-10-24,13.5,10.9,17.4,298,-0.9155458729775467,0.40221356823680365,14.0,11.2,17.0,9.3,11.071428571428571,10.192857142857141
2020-10-25,12.7,8.9,17.3,299,-0.9084917035725082,0.41790288888678667,13.5,10.9,17.4,8.1,11.671428571428569,10.407142857142857
2020-10-26,11.3,9.6,13.5,300,-0.9011686968561569,0.4334685453485363,12.7,8.9,17.3,8.9,12.328571428571426,10.742857142857144
2020-10-27,10.0,7.6,12.7,301,-0.8935790198239952,0.4489059314938798,11.3,9.6,13.5,8.7,12.671428571428569,10.928571428571429
2020-10-28,10.5,8.5,13.8,302,-0.8857249183835637,0.4642104791518923,10.0,7.6,12.7,12.3,12.857142857142858,11.064285714285713
2020-10-29,10.4,8.1,11.9,303,-0.8776087166898392,0.4793776594606945,10.5,8.5,13.8,16.2,12.599999999999998,11.092857142857142
2020-10-30,11.4,7.7,13.8,304,-0.8692328164574792,0.49440298420761813,10.4,8.1,11.9,14.0,11.77142857142857,11.085714285714285
2020-10-31,13.9,12.5,14.9,305,-0.8605996962501181,0.5092820071573356,11.4,7.7,13.8,13.5,11.4,11.235714285714286
2020-11-01,12.7,10.6,15.0,306,-0.8517119107469189,0.5240103253675756,13.9,12.5,14.9,12.7,11.457142857142857,11.564285714285715
2020-11-02,17.0,14.4,21.0,307,-0.8425720899866032,0.5385835804920232,12.7,10.6,15.0,11.3,11.457142857142856,11.892857142857142
2020-11-03,12.5,10.4,15.0,308,-0.8331829385891785,0.5529974600700271,17.0,14.4,21.0,10.0,12.271428571428572,12.471428571428572
2020-11-04,9.2,5.3,12.2,309,-0.8235472349556007,0.5672476988027229,12.5,10.4,15.0,10.5,12.62857142857143,12.742857142857144
2020-11-05,7.7,3.5,11.7,310,-0.8136678304455991,0.5813300798152042,9.2,5.3,12.2,10.4,12.442857142857141,12.521428571428572
2020-11-06,9.1,8.6,10.0,311,-0.8035476485339116,0.5952404359043674,7.7,3.5,11.7,11.4,12.057142857142855,11.914285714285715
2020-11-07,7.8,2.2,12.6,312,-0.7931896839451843,0.6089746507720486,9.1,8.6,10.0,13.9,11.728571428571428,11.564285714285715
2020-11-08,4.9,1.0,10.5,313,-0.7825970017677834,0.6225286602431057,7.8,2.2,12.6,12.7,10.857142857142858,11.157142857142858
2020-11-09,5.8,5.2,6.3,314,-0.7717727365467836,0.6358984534680745,4.9,1.0,10.5,17.0,9.742857142857142,10.6
2020-11-10,5.4,4.5,6.0,315,-0.7607200913564104,0.6490800741100398,5.8,5.2,6.3,12.5,8.142857142857142,10.207142857142857
2020-11-11,6.2,5.8,6.8,316,-0.7494423368521954,0.6620696215153815,5.4,4.5,6.0,9.2,7.128571428571427,9.87857142857143
2020-11-12,7.8,6.0,10.8,317,-0.7379428103031386,0.6748632518680403,6.2,5.8,6.8,7.7,6.699999999999998,9.571428571428571
2020-11-13,8.3,6.2,12.2,318,-0.7262249146041543,0.6874571793269664,7.8,6.0,10.8,9.1,6.7142857142857135,9.385714285714286
2020-11-14,11.5,8.9,15.2,319,-0.7142921172691032,0.699847677146407,8.3,6.2,12.2,7.8,6.6,9.164285714285715
2020-11-15,10.0,7.1,15.0,320,-0.7021479494046978,0.7120310787787131,11.5,8.9,15.2,4.9,7.128571428571428,8.992857142857142
2020-11-16,9.8,7.2,12.9,321,-0.6897960046655887,0.7240037789593305,10.0,7.1,15.0,5.8,7.857142857142856,8.8
2020-11-17,10.1,8.3,11.3,322,-0.6772399381909491,0.7357622347736527,9.8,7.2,12.9,5.4,8.428571428571427,8.285714285714286
2020-11-18,11.0,8.3,12.6,323,-0.6644834655228552,0.7473029667054296,10.1,8.3,11.3,6.2,9.1,8.114285714285714
2020-11-19,9.2,4.0,12.8,324,-0.6515303615068021,0.75862255966641,11.0,8.3,12.6,7.8,9.785714285714286,8.242857142857144
2020-11-20,3.5,0.5,6.4,325,-0.6383844591746642,0.7697176640069211,9.2,4.0,12.8,8.3,9.985714285714284,8.35
2020-11-21,3.8,0.2,6.7,326,-0.6250496486104377,0.7805849965070866,3.5,0.5,6.4,11.5,9.299999999999999,7.950000000000001
2020-11-22,8.2,6.5,10.9,327,-0.6115298757991053,0.7912213413483807,3.8,0.2,6.7,10.0,8.2,7.664285714285714
2020-11-23,6.6,3.1,8.8,328,-0.5978291414589552,0.801623551065242,8.2,6.5,10.9,9.8,7.942857142857142,7.9
2020-11-24,3.4,0.4,7.8,329,-0.5839514998576998,0.8117885474764613,6.6,3.1,8.8,10.1,7.485714285714285,7.957142857142857
2020-11-25,1.0,-0.4,2.6,330,-0.5699010576127624,0.8217133225960589,3.4,0.4,7.8,11.0,6.528571428571427,7.814285714285715
2020-11-26,4.1,-0.3,7.7,331,-0.5556819724760489,0.8313949395234058,1.0,-0.4,2.6,9.2,5.099999999999999,7.442857142857143
2020-11-27,6.2,3.9,8.2,332,-0.5412984521036173,0.8408305333122887,4.1,-0.3,7.7,3.5,4.371428571428571,7.178571428571429
2020-11-28,3.6,-0.1,5.2,333,-0.5267547528105542,0.8500173118187018,6.2,3.9,8.2,3.8,4.757142857142855,7.028571428571429
2020-11-29,1.7,-1.0,4.9,334,-0.5120551783114646,0.8589525565270845,3.6,-0.1,5.2,8.2,4.728571428571428,6.464285714285714
2020-11-30,1.6,-1.3,2.6,335,-0.4972040784469378,0.8676336233547726,1.7,-1.0,4.9,6.6,3.7999999999999994,5.871428571428572
2020-12-01,2.4,-1.0,4.1,336,-0.4822058478963526,0.8760579434344281,1.6,-1.3,2.6,3.4,3.0857142857142845,5.285714285714286
2020-12-02,-0.9,-3.2,1.7,337,-0.46706492487743034,0.8842230238742036,2.4,-1.0,4.1,1.0,2.942857142857142,4.735714285714286
2020-12-03,-0.7,-2.7,1.0,338,-0.451785789832884,0.8921264484954345,-0.9,-3.2,1.7,4.1,2.6714285714285704,3.8857142857142857
2020-12-04,1.4,-1.4,4.5,339,-0.4363729641045924,0.8997658785476209,-0.7,-2.7,1.0,6.2,1.9857142857142847,3.1785714285714284
2020-12-05,3.6,0.7,8.2,340,-0.42083100859565564,0.9071390534005044,1.4,-1.4,4.5,3.6,1.299999999999999,3.028571428571429
2020-12-06,7.8,3.7,11.7,341,-0.4051645224207563,0.9142437912130223,3.6,0.7,8.2,1.7,1.299999999999999,3.014285714285714
2020-12-07,6.1,2.4,8.4,342,-0.3893781415452015,0.9210779895789526,7.8,3.7,11.7,1.6,2.1714285714285704,2.985714285714286
2020-12-08,4.1,1.5,6.8,343,-0.37347653741307074,0.9276396261490467,6.1,2.4,8.4,2.4,2.814285714285713,2.9499999999999997
2020-12-09,1.7,0.5,2.4,344,-0.3574644155648614,0.9339267592294762,4.1,1.5,6.8,-0.9,3.057142857142856,3.0
2020-12-10,-0.5,-1.2,0.6,345,-0.34134651424503615,0.9399375283564133,1.7,0.5,2.4,-0.7,3.4285714285714275,3.0500000000000003
2020-12-11,-0.2,-1.2,1.3,346,-0.3251276029999093,0.9456701548465688,-0.5,-1.2,0.6,1.4,3.457142857142856,2.7214285714285715
2020-12-12,1.3,0.2,3.4,347,-0.30881248126625377,0.9511229423235357,-0.2,-1.2,1.3,3.6,3.2285714285714278,2.264285714285714
2020-12-13,3.0,2.0,4.2,348,-0.29240597695107734,0.9562942772197719,1.3,0.2,3.4,7.8,2.899999999999999,2.1
2020-12-14,5.3,3.3,7.6,349,-0.27591294500296043,0.9611826292540837,3.0,2.0,4.2,6.1,2.214285714285713,2.1928571428571426
2020-12-15,5.7,3.5,7.5,350,-0.2593382659754056,0.9657865518844574,5.3,3.3,7.6,4.1,2.0999999999999988,2.457142857142857
2020-12-16,8.0,4.7,9.6,351,-0.2426868445825954,0.9701046827361175,5.7,3.5,7.5,1.7,2.328571428571428,2.692857142857143
2020-12-17,5.5,2.6,8.2,352,-0.22596360824801906,0.974135744004672,8.0,4.7,9.6,-0.5,3.2285714285714278,3.3285714285714287
2020-12-18,5.4,1.3,9.2,353,-0.20917350564635637,0.9778785428342386,5.5,2.6,8.2,-0.2,4.0857142857142845,3.771428571428572
2020-12-19,2.9,0.1,7.1,354,-0.19232150523909483,0.9813319716704275,5.4,1.3,9.2,1.3,4.885714285714285,4.057142857142857
2020-12-20,3.1,0.9,5.3,355,-0.17541259380427843,0.9844950085880858,2.9,0.1,7.1,3.0,5.114285714285714,4.007142857142857
2020-12-21,4.5,3.0,7.1,356,-0.15845177496083632,0.9873667175937016,3.1,0.9,5.3,5.3,5.128571428571428,3.6714285714285713
2020-12-22,9.3,4.8,13.8,357,-0.14144406768794202,0.9899462489023779,4.5,3.0,7.1,5.7,5.014285714285713,3.557142857142857
2020-12-23,7.4,6.4,10.4,358,-0.12439450483979998,0.9922328391893008,9.3,4.8,13.8,8.0,5.528571428571428,3.9285714285714284
2020-12-24,6.9,3.3,10.8,359,-0.10730813165636247,0.9942258118156161,7.4,6.4,10.4,5.5,5.442857142857142,4.335714285714286
2020-12-25,2.7,1.3,4.0,360,-0.09019000427034513,0.9959245770286599,6.9,3.3,10.8,5.4,5.6428571428571415,4.864285714285714
2020-12-26,1.0,-0.7,2.1,361,-0.07304518821104743,0.9973286321364752,2.7,1.3,4.0,2.9,5.257142857142857,5.071428571428571
2020-12-27,1.6,1.0,2.5,362,-0.05587875690537313,0.9984375616565666,1.0,-0.7,2.1,3.1,4.985714285714286,5.05
2020-12-28,2.8,1.4,4.4,363,-0.03869579017652689,0.9992510374388481,1.6,1.0,2.5,4.5,4.771428571428571,4.950000000000001
2020-12-29,2.3,0.1,4.2,364,-0.021501372740813793,0.999768818762748,2.8,1.4,4.4,9.3,4.528571428571428,4.771428571428571
2020-12-30,2.5,-0.1,5.3,365,-0.004300592702981974,0.9999907524084426,2.3,0.1,4.2,7.4,3.528571428571428,4.5285714285714285
2020-12-31,2.6,0.8,5.0,366,0.012901459949419653,0.9999167727021953,2.5,-0.1,5.3,6.9,2.8285714285714283,4.135714285714285
2021-01-01,2.1,0.6,3.0,1,0.017201575418260506,0.9998520419557735,2.6,0.8,5.0,2.7,2.2142857142857135,3.9285714285714284
2021-01-02,1.1,-0.9,4.2,2,0.03439806061360801,0.9994082116062598,2.1,0.6,3.0,1.0,2.1285714285714277,3.692857142857143
2021-01-03,0.6,-0.3,1.1,3,0.051584366869408364,0.9986686402879997,1.1,-0.9,4.2,1.6,2.1428571428571423,3.5642857142857145
2021-01-04,0.8,0.6,0.9,4,0.06875540848113941,0.9976335468520451,0.6,-0.3,1.1,2.8,1.9999999999999993,3.3857142857142857
2021-01-05,1.7,0.7,3.5,5,0.08590610426133272,0.9963032375991965,0.8,0.6,0.9,2.3,1.7142857142857135,3.1214285714285714
2021-01-06,2.0,1.1,3.6,6,0.10303137904317879,0.9946781061893646,1.7,0.7,3.5,2.5,1.628571428571428,2.5785714285714287
2021-01-07,1.3,0.8,1.8,7,0.1201261651823505,0.9927586335250793,2.0,1.1,3.6,2.6,1.5571428571428565,2.1928571428571426
2021-01-08,1.1,0.6,1.9,8,0.13718540405660057,0.9905453876091833,1.3,0.8,1.8,2.1,1.3714285714285706,1.792857142857143
2021-01-09,1.6,0.7,2.6,9,0.1542040475626894,0.988039023376751,1.1,0.6,1.9,1.1,1.228571428571428,1.6785714285714286
2021-01-10,0.8,-1.1,2.4,10,0.17117705961019986,0.985240282501282,1.6,0.7,2.6,0.6,1.2999999999999992,1.7214285714285715
2021-01-11,0.6,-0.6,1.7,11,0.18809941761179758,0.9821499931752291,0.8,-1.1,2.4,0.8,1.3285714285714278,1.6642857142857144
2021-01-12,1.6,0.5,3.5,12,0.20496611396949532,0.9787690698649216,0.6,-0.6,1.7,1.7,1.2999999999999992,1.507142857142857
2021-01-13,1.8,0.2,3.8,13,0.22177215755648186,0.975098513039961,1.6,0.5,3.5,2.0,1.2857142857142851,1.4571428571428573
2021-01-14,1.2,-0.2,2.0,14,0.23851257519407648,0.9711394088771653,1.8,0.2,3.8,1.3,1.2571428571428565,1.4071428571428573
2021-01-15,-0.4,-2.9,1.6,15,0.2551824131233728,0.9668929289391521,1.2,-0.2,2.0,1.1,1.2428571428571422,1.3071428571428572
2021-01-16,-1.5,-2.5,-0.3,16,0.2717767384711357,0.9623603298276545,-0.4,-2.9,1.6,1.6,1.0285714285714278,1.1285714285714286
2021-01-17,-1.7,-4.1,-0.2,17,0.2882906407095177,0.9575429528116719,-1.5,-2.5,-0.3,0.8,0.5857142857142849,0.9428571428571428
2021-01-18,-1.3,-4.8,3.0,18,0.3047192331091634,0.9524422234305676,-1.7,-4.1,-0.2,0.6,0.22857142857142784,0.7785714285714286
2021-01-19,2.6,0.5,5.3,19,0.321057654185271,0.9470596510722283,-1.3,-4.8,3.0,1.6,-0.04285714285714358,0.6285714285714287
2021-01-20,6.1,3.8,8.9,20,0.3373010691361842,0.9413968285264122,2.6,0.5,5.3,1.8,0.09999999999999927,0.6928571428571428
2021-01-21,8.8,5.3,13.0,21,0.3534446712740877,0.9354554315134164,6.1,3.8,8.9,1.2,0.7142857142857135,0.9857142857142858
2021-01-22,7.4,1.1,11.3,22,0.3694836834473831,0.9292372181882051,8.8,5.3,13.0,-0.4,1.7999999999999992,1.5214285714285718
2021-01-23,2.1,0.2,3.3,23,0.38541335945432564,0.9227440286201427,7.4,1.1,11.3,-1.5,2.9142857142857137,1.9714285714285715
2021-01-24,1.2,0.2,1.9,24,0.4012289854475009,0.9159777842484877,2.1,0.2,3.3,-1.7,3.428571428571428,2.0071428571428576
2021-01-25,1.4,0.5,2.3,25,0.4169258813287287,0.908940487313808,1.2,0.2,1.9,-1.3,3.842857142857142,2.035714285714286
2021-01-26,1.2,-1.4,3.5,26,0.4324994021339788,0.901634220265486,1.4,0.5,2.3,2.6,4.228571428571428,2.092857142857143
2021-01-27,1.9,-0.4,5.5,27,0.44794493940789115,0.8940611451454876,1.2,-1.4,3.5,6.1,4.028571428571428,2.0642857142857145
2021-01-28,1.6,-2.1,4.0,28,0.4632579225674917,0.88622350294858,1.9,-0.4,5.5,8.8,3.428571428571428,2.0714285714285716
2021-01-29,-1.1,-2.6,0.8,29,0.4784338202547012,0.8781236129591848,1.6,-2.1,4.0,7.4,2.399999999999999,2.1
2021-01-30,-1.1,-3.8,0.7,30,0.49346814167723735,0.8697638720650646,-1.1,-2.6,0.8,2.1,1.1857142857142848,2.0500000000000003
2021-01-31,-4.5,-8.7,0.2,31,0.5083564379375122,0.8611467540480452,-1.1,-3.8,0.7,1.2,0.7285714285714278,2.0785714285714287
2021-02-01,-3.3,-8.9,1.0,32,0.5230943033491326,0.8522748088519838,-4.5,-8.7,0.2,1.4,-0.08571428571428655,1.8785714285714286
2021-02-02,1.0,-1.2,2.8,33,0.5376773767406141,0.8431506618282,-3.3,-8.9,1.0,1.2,-0.757142857142858,1.7357142857142858
2021-02-03,5.0,1.3,9.5,34,0.5521013427459208,0.8337770129585915,1.0,-1.2,2.8,1.9,-0.7857142857142865,1.6214285714285714
2021-02-04,1.0,0.2,2.6,35,0.5663619330814524,0.8241566360566663,5.0,1.3,9.5,1.6,-0.3428571428571437,1.542857142857143
2021-02-05,-0.1,-1.2,1.2,36,0.580454927809098,0.8142923779467267,1.0,0.2,2.6,-1.1,-0.4285714285714293,0.9857142857142858
2021-02-06,-2.0,-4.4,-0.6,37,0.5943761565849831,0.804187157621448,-0.1,-1.2,1.2,-1.1,-0.28571428571428653,0.4500000000000001
2021-02-07,-6.1,-7.4,-4.4,38,0.6081214998935418,0.7938439653781019,-2.0,-4.4,-0.6,-4.5,-0.4142857142857151,0.1571428571428572
2021-02-08,-9.0,-10.8,-6.4,39,0.6216868902665479,0.7832658619336791,-6.1,-7.4,-4.4,-3.3,-0.6428571428571436,-0.3642857142857142
2021-02-09,-8.3,-9.8,-7.0,40,0.6350683134867438,0.7724559775191742,-9.0,-10.8,-6.4,1.0,-1.457142857142858,-1.107142857142857
2021-02-10,-7.2,-11.1,-2.5,41,0.6482618097757122,0.7614175109532997,-8.3,-9.8,-7.0,5.0,-2.785714285714287,-1.7857142857142858
2021-02-11,-4.5,-8.5,-2.4,42,0.6612634749656386,0.7501537286959042,-7.2,-11.1,-2.5,1.0,-4.528571428571429,-2.435714285714286
2021-02-12,-5.1,-9.0,-1.9,43,0.6740694616546161,0.7386679638813748,-4.5,-8.5,-2.4,-0.1,-5.314285714285715,-2.8714285714285714
2021-02-13,-6.1,-10.7,-1.0,44,0.6866759803451553,0.726963615332308,-5.1,-9.0,-1.9,-2.0,-6.02857142857143,-3.157142857142857
2021-02-14,-5.2,-8.8,-0.9,45,0.6990793005655562,0.7150441465537444,-6.1,-10.7,-1.0,-6.1,-6.614285714285716,-3.514285714285714
2021-02-15,-5.0,-12.5,0.6,46,0.7112757519738152,0.7029130847082615,-5.2,-8.8,-0.9,-9.0,-6.485714285714287,-3.564285714285714
2021-02-16,1.6,-2.1,3.8,47,0.7232617254437388,0.6905740195722293,-5.0,-12.5,0.6,-8.3,-5.9142857142857155,-3.685714285714286
2021-02-17,5.2,2.0,7.9,48,0.7350336741329413,0.6780306024735382,1.6,-2.1,3.8,-7.2,-4.500000000000002,-3.642857142857143
2021-02-18,7.2,3.7,10.8,49,0.746588114532413,0.6652865452111116,5.2,2.0,7.9,-4.5,-2.72857142857143,-3.6285714285714286
2021-02-19,6.5,1.7,10.2,50,0.7579216274973472,0.6523456189565257,7.2,3.7,10.8,-5.1,-1.057142857142858,-3.185714285714286
2021-02-20,6.4,0.1,13.0,51,0.7690308592589181,0.6392116531380588,6.5,1.7,10.2,-6.1,0.5999999999999991,-2.7142857142857144
2021-02-21,8.9,3.4,17.1,52,0.7799125224167177,0.6258885343075018,6.4,0.1,13.0,-5.2,2.3857142857142852,-2.1142857142857143
2021-02-22,6.6,1.2,14.1,53,0.7905633969115482,0.612380204990065,8.9,3.4,17.1,-5.0,4.3999999999999995,-1.0428571428571427
2021-02-23,10.8,4.8,18.1,54,0.8009803309782905,0.5986906625177214,6.6,1.2,14.1,1.6,6.057142857142857,0.07142857142857169
2021-02-24,13.3,8.9,19.6,55,0.8111602420785621,0.5848239578463322,10.8,4.8,18.1,5.2,7.371428571428571,1.4357142857142862
2021-02-25,12.4,6.6,19.4,56,0.8211001178128892,0.5707841943569036,13.3,8.9,19.6,7.2,8.528571428571428,2.900000000000001
2021-02-26,7.8,4.4,9.5,57,0.8307970168121247,0.5565755266413303,12.4,6.6,19.4,6.5,9.271428571428572,4.107142857142858
2021-02-27,5.0,2.4,7.4,58,0.8402480696078469,0.5422021592729844,7.8,4.4,9.5,6.4,9.457142857142857,5.028571428571429
2021-02-28,2.7,0.6,4.5,59,0.8494504794814806,0.527668345562516,5.0,2.4,7.4,8.9,9.257142857142856,5.821428571428571
2021-03-01,4.9,0.7,9.7,60,0.8584015232918917,0.512978386299228,2.7,0.6,4.5,6.6,8.37142857142857,6.385714285714286
2021-03-02,4.2,-1.7,14.0,61,0.8670985522812081,0.4981366284784055,4.9,0.7,9.7,10.8,8.128571428571428,7.092857142857143
2021-03-03,7.0,-0.3,14.3,62,0.8755389928586302,0.4831474640149687,4.2,-1.7,14.0,13.3,7.185714285714285,7.278571428571429
2021-03-04,3.8,2.2,7.6,63,0.8837203473619977,0.4680153284438345,7.0,-0.3,14.3,12.4,6.285714285714285,7.4071428571428575
2021-03-05,1.7,-2.9,6.3,64,0.8916401947968874,0.45274469960737107,3.8,2.2,7.6,7.8,5.057142857142856,7.1642857142857155
2021-03-06,1.9,-2.2,4.1,65,0.8992961915530253,0.4373400963303323,1.7,-2.9,6.3,5.0,4.185714285714285,6.821428571428571
2021-03-07,3.1,1.8,4.2,66,0.9066860720977985,0.4218060770826634,1.9,-2.2,4.1,2.7,3.7428571428571416,6.5
2021-03-08,1.9,-2.8,6.9,67,0.9138076496466615,0.4061472386305789,3.1,1.8,4.2,4.9,3.7999999999999994,6.085714285714286
2021-03-09,1.6,-3.0,7.4,68,0.9206588168102428,0.3903682146763026,1.9,-2.8,6.9,4.2,3.3714285714285706,5.75
2021-03-10,2.4,-4.0,8.4,69,0.9272375462179537,0.374473674486883,1.6,-3.0,7.4,7.0,2.999999999999999,5.0928571428571425
2021-03-11,6.3,1.8,12.7,70,0.9335418911179212,0.35846832151248087,2.4,-4.0,8.4,3.8,2.3428571428571416,4.314285714285715
2021-03-12,7.5,4.4,10.7,71,0.9395699859530622,0.342356891994542,6.3,1.8,12.7,1.7,2.699999999999999,3.8785714285714286
2021-03-13,5.9,3.9,10.4,72,0.945320046913132,0.3261441535642696,7.5,4.4,10.7,1.9,3.528571428571428,3.857142857142857
2021-03-14,5.0,3.2,8.0,73,0.9507903724625832,0.3098349038318025,5.9,3.9,10.4,3.1,4.099999999999999,3.9214285714285717
2021-03-15,4.8,2.8,8.6,74,0.9559793438440766,0.2934339689665273,5.0,3.2,8.0,1.9,4.371428571428571,4.085714285714286
2021-03-16,4.3,-0.2,7.6,75,0.9608854255574977,0.27694620226893646,4.8,2.8,8.6,1.6,4.785714285714285,4.078571428571428
2021-03-17,2.0,-1.6,5.6,76,0.9655071658143364,0.2603764827344581,4.3,-0.2,7.6,2.4,5.171428571428571,4.085714285714286
2021-03-18,2.9,-1.6,7.2,77,0.969843196967294,0.24372971360968387,2.0,-1.6,5.6,6.3,5.114285714285714,3.7285714285714286
2021-03-19,0.7,-3.6,4.1,78,0.9738922359149924,0.22701082094141847,2.9,-1.6,7.2,7.5,4.628571428571427,3.664285714285714
2021-03-20,1.3,-2.9,4.2,79,0.9776530844816641,0.2102247521189836,0.7,-3.6,4.1,5.9,3.6571428571428557,3.592857142857143
2021-03-21,5.3,1.7,10.0,80,0.981124629771712,0.19337647441020586,1.3,-2.9,4.2,5.0,2.999999999999999,3.55
2021-03-22,5.4,0.1,10.4,81,0.984305844499033,0.17647097349152166,5.3,1.7,10.0,4.8,3.0428571428571414,3.7071428571428577
2021-03-23,6.0,4.6,7.6,82,0.9871957872910085,0.15951325197263655,5.4,0.1,10.4,4.3,3.1285714285714272,3.957142857142857
2021-03-24,8.2,3.9,13.2,83,0.9897936029670716,0.14250832791617088,6.0,4.6,7.6,2.0,3.3714285714285706,4.271428571428571
2021-03-25,9.3,1.7,15.8,84,0.992098522791769,0.12546123335273648,8.2,3.9,13.2,2.9,4.257142857142856,4.685714285714285
2021-03-26,10.8,5.0,16.3,85,0.9941098647022418,0.10837701279187609,9.3,1.7,15.8,0.7,5.17142857142857,4.8999999999999995
2021-03-27,6.9,2.9,11.4,86,0.9958270335100595,0.09126072172931188,10.8,5.0,16.3,1.3,6.614285714285713,5.135714285714286
2021-03-28,7.7,1.4,12.1,87,0.9972495210773451,0.07411742515094437,6.9,2.9,11.4,5.3,7.414285714285713,5.207142857142856
2021-03-29,14.4,10.1,20.2,88,0.998376906467142,0.056952196034039754,7.7,1.4,12.1,5.4,7.757142857142857,5.3999999999999995
2021-03-30,14.9,6.8,22.0,89,0.9992088560679753,0.03977011384605572,14.4,10.1,20.2,6.0,9.042857142857141,6.085714285714286
2021-03-31,15.4,6.5,23.8,90,0.9997451236925734,0.022576263041545485,14.9,6.8,22.0,8.2,10.314285714285715,6.8428571428571425
2021-04-01,11.7,5.0,17.3,91,0.9999855506507186,0.005375731557583884,15.4,6.5,23.8,9.3,11.342857142857142,7.8
2021-04-02,6.1,0.8,12.2,92,0.9999300657962057,-0.011826390691832589,11.7,5.0,17.3,10.8,11.685714285714285,8.428571428571429
2021-04-03,5.5,0.5,9.8,93,0.9995786855478958,-0.029025013321975237,6.1,0.8,12.2,6.9,11.014285714285714,8.814285714285715
2021-04-04,5.6,-0.9,11.4,94,0.9989315138848577,-0.046215046983708354,5.5,0.5,9.8,7.7,10.814285714285713,9.114285714285714
2021-04-05,3.6,0.2,5.9,95,0.9979887423155984,-0.06339140486951038,5.6,-0.9,11.4,14.4,10.514285714285714,9.135714285714286
2021-04-06,2.0,-1.0,7.2,96,0.9967506498213929,-0.08054900421874167,3.6,0.2,5.9,14.9,8.97142857142857,9.007142857142858
2021-04-07,3.1,1.0,6.6,97,0.9952176027737294,-0.09768276782171598,2.0,-1.0,7.2,15.4,7.128571428571427,8.721428571428572
2021-04-08,4.5,1.8,7.5,98,0.9933900548258936,-0.11478762552212701,3.1,1.0,6.6,11.7,5.371428571428569,8.357142857142858
2021-04-09,8.2,1.4,13.5,99,0.9912685467787256,-0.13185851571739118,4.5,1.8,7.5,6.1,4.342857142857142,8.014285714285714
2021-04-10,7.5,5.8,9.2,100,0.9888537064205885,-0.1488903868564548,8.2,1.4,13.5,5.5,4.642857142857141,7.828571428571428
2021-04-11,11.3,4.3,20.5,101,0.986146248341595,-0.16587819893463143,7.5,5.8,9.2,5.6,4.928571428571426,7.871428571428572
2021-04-12,5.1,2.5,8.0,102,0.9831469737221499,-0.1828169249850199,11.3,4.3,20.5,3.6,5.742857142857141,8.128571428571428
2021-04-13,4.9,1.0,9.7,103,0.9798567700958665,-0.1997015525660636,5.1,2.5,8.0,2.0,5.9571428571428555,7.464285714285714
2021-04-14,4.6,0.8,8.8,104,0.9762766110869321,-0.21652708524481437,4.9,1.0,9.7,3.1,6.371428571428571,6.75
2021-04-15,4.0,0.0,7.3,105,0.9724075561219968,-0.23328854407545518,4.6,0.8,8.8,4.5,6.585714285714284,5.978571428571429
2021-04-16,6.8,3.5,11.6,106,0.9682507501166718,-0.2499809690726521,4.0,0.0,7.3,8.2,6.5142857142857125,5.428571428571429
2021-04-17,8.6,5.0,13.4,107,0.9638074231367307,-0.26659942067929354,6.8,3.5,11.6,7.5,6.314285714285714,5.478571428571429
2021-04-18,7.6,4.9,13.2,108,0.9590788900341131,-0.28313898122818354,8.6,5.0,13.4,11.3,6.471428571428571,5.7
2021-04-19,9.7,3.0,16.3,109,0.9540665500578387,-0.2995947563972602,7.6,4.9,13.2,5.1,5.942857142857142,5.8428571428571425
2021-04-20,11.5,4.1,18.5,110,0.9487718864399473,-0.31596187665790293,9.7,3.0,16.3,4.9,6.6,6.278571428571428
2021-04-21,11.0,4.3,17.6,111,0.9431964659565866,-0.33223549871590435,11.5,4.1,18.5,4.6,7.542857142857143,6.957142857142856
2021-04-22,7.6,4.5,12.1,112,0.9373419384643772,-0.3484108069446808,11.0,4.3,17.6,4.0,8.457142857142857,7.521428571428571
2021-04-23,8.6,5.0,13.9,113,0.9312100364121947,-0.3644830148102912,7.6,4.5,12.1,6.8,8.971428571428572,7.742857142857143
2021-04-24,7.4,3.0,11.4,114,0.9248025743285089,-0.38044736628785164,8.6,5.0,13.9,8.6,9.228571428571428,7.771428571428571
2021-04-25,6.3,2.2,10.6,115,0.9181214482844364,-0.39629913726891813,7.4,3.0,11.4,7.6,9.057142857142855,7.764285714285714
2021-04-26,5.0,-0.8,9.4,116,0.9111686353326631,-0.41203363695942635,6.3,2.2,10.6,9.7,8.87142857142857,7.4071428571428575
2021-04-27,7.2,-0.4,12.8,117,0.9039461929224011,-0.42764620926777464,5.0,-0.8,9.4,11.5,8.2,7.3999999999999995
2021-04-28,10.9,2.8,17.8,118,0.8964562582905575,-0.44313223418263453,7.2,-0.4,12.8,11.0,7.5857142857142845,7.564285714285715
2021-04-29,11.3,8.8,17.2,119,0.8887010478292915,-0.45848712914008766,10.9,2.8,17.8,7.6,7.57142857142857,8.014285714285714
2021-04-30,8.3,6.3,10.2,120,0.8806828564301475,-0.47370635037968,11.3,8.8,17.2,8.6,8.099999999999998,8.535714285714286
2021-05-01,9.2,5.6,13.1,121,0.8724040568049612,-0.48878539428899265,8.3,6.3,10.2,7.4,8.057142857142857,8.642857142857142
2021-05-02,8.1,6.6,11.0,122,0.8638670987837349,-0.503719798736334,9.2,5.6,13.1,6.3,8.314285714285713,8.685714285714287
2021-05-03,7.4,4.2,11.1,123,0.8550745085896932,-0.518505144391157,8.1,6.6,11.0,5.0,8.571428571428571,8.721428571428572
2021-05-04,10.1,5.0,15.5,124,0.8460288880917339,-0.533137056031809,7.4,4.2,11.1,7.2,8.914285714285713,8.557142857142859
2021-05-05,8.8,5.9,13.2,125,0.8367329140344921,-0.5476112038402312,10.1,5.0,15.5,10.9,9.328571428571426,8.457142857142857
2021-05-06,7.9,3.8,12.1,126,0.8271893372462497,-0.5619233046832195,8.8,5.9,13.2,11.3,9.028571428571427,8.3
2021-05-07,5.7,1.4,9.7,127,0.8174009818249189,-0.5760691233798758,7.9,3.8,12.1,8.3,8.542857142857143,8.321428571428571
2021-05-08,10.0,3.0,14.9,128,0.8073707443023492,-0.5900444739548627,5.7,1.4,9.7,9.2,8.171428571428569,8.114285714285716
2021-05-09,18.9,10.1,26.9,129,0.7971015927871943,-0.6038452208771035,10.0,3.0,14.9,8.1,8.285714285714286,8.3
2021-05-10,21.7,14.4,29.8,130,0.7865965660866021,-0.6174672802835514,18.9,10.1,26.9,7.4,9.828571428571427,9.200000000000001
2021-05-11,21.1,14.7,29.0,131,0.7758587728069828,-0.6309066211876704,21.7,14.4,29.8,10.1,11.87142857142857,10.392857142857142
2021-05-12,13.8,12.7,14.9,132,0.7648913904341225,-0.6441592666722685,21.1,14.7,29.0,8.8,13.442857142857141,11.385714285714286
2021-05-13,11.4,10.8,12.7,133,0.753697664392914,-0.6572212950663319,13.8,12.7,14.9,7.9,14.157142857142857,11.592857142857143
2021-05-14,10.6,9.2,12.1,134,0.742280907086982,-0.6700888411055113,11.4,10.8,12.7,5.7,14.657142857142857,11.6
2021-05-15,13.5,6.1,19.2,135,0.7306444969184916,-0.6827580970759147,10.6,9.2,12.1,10.0,15.357142857142858,11.764285714285716
2021-05-16,13.3,8.7,18.0,136,0.7187918772884232,-0.6952253139408722,13.5,6.1,19.2,18.9,15.857142857142858,12.071428571428571
2021-05-17,13.7,9.1,19.4,137,0.7067265555776158,-0.7074868024503348,13.3,8.7,18.0,21.7,15.057142857142855,12.442857142857141
2021-05-18,11.7,6.7,15.9,138,0.6944521021088763,-0.719538934232584,13.7,9.1,19.4,21.1,13.914285714285713,12.892857142857142
2021-05-19,12.7,6.7,17.3,139,0.6819721490904629,-0.7313781428679254,11.7,6.7,15.9,13.8,12.571428571428571,13.007142857142856
2021-05-20,13.5,10.1,17.5,140,0.6692903895412567,-0.7430009249440493,12.7,6.7,17.3,11.4,12.414285714285713,13.285714285714286
2021-05-21,15.2,10.7,20.9,141,0.6564105761979381,-0.7544038410927472,13.5,10.1,17.5,10.6,12.714285714285712,13.685714285714287
2021-05-22,13.3,10.3,17.4,142,0.6433365204044917,-0.765583517007675,15.2,10.7,20.9,13.5,13.37142857142857,14.364285714285714
2021-05-23,12.3,8.8,17.7,143,0.6300720909843687,-0.7765366444428655,13.3,10.3,17.4,13.3,13.342857142857142,14.6
2021-05-24,15.8,7.8,21.2,144,0.6166212130956382,-0.7872599821916922,12.3,8.8,17.7,13.7,13.200000000000001,14.128571428571428
2021-05-25,12.6,9.3,16.7,145,0.6029878670694714,-0.7977503570459932,15.8,7.8,21.2,11.7,13.5,13.707142857142857
2021-05-26,12.4,8.9,16.3,146,0.5891760872322963,-0.8080046647350754,12.6,9.3,16.7,12.7,13.628571428571428,13.1
2021-05-27,11.8,8.5,15.5,147,0.5751899607119775,-0.8180198708443174,12.4,8.9,16.3,13.5,13.585714285714285,13.0
2021-05-28,11.6,8.7,15.4,148,0.5610336262283677,-0.8277930117131022,11.8,8.5,15.5,15.2,13.342857142857142,13.028571428571427
2021-05-29,12.5,7.1,17.3,149,0.5467112728685939,-0.8373211953118121,11.6,8.7,15.4,13.3,12.828571428571426,13.1
2021-05-30,13.9,7.5,19.7,150,0.5322271388474397,-0.8466016020976267,12.5,7.1,17.3,12.3,12.714285714285712,13.028571428571428
2021-05-31,14.7,6.1,21.8,151,0.5175855102531889,-0.8556314858488706,13.9,7.5,19.7,15.8,12.942857142857141,13.071428571428571
2021-06-01,17.3,9.4,24.4,152,0.5027907197793043,-0.8644081744776648,14.7,6.1,21.8,12.6,12.785714285714286,13.142857142857142
2021-06-02,18.3,11.2,25.3,153,0.4878471454423119,-0.8729290708206411,17.3,9.4,24.4,12.4,13.457142857142856,13.542857142857144
2021-06-03,20.9,10.9,27.6,154,0.47275920928627757,-0.881191653407483,18.3,11.2,25.3,11.8,14.299999999999999,13.942857142857141
2021-06-04,18.9,15.2,23.5,155,0.4575313760742512,-0.8891934772070711,20.9,10.9,27.6,11.6,15.599999999999998,14.471428571428572
2021-06-05,21.5,13.4,27.8,156,0.44216815196707204,-0.8969321743510065,18.9,15.2,23.5,12.5,16.642857142857142,14.735714285714286
2021-06-06,22.2,15.2,29.2,157,0.42667408318992467,-0.9044054548343001,21.5,13.4,27.8,13.9,17.928571428571427,15.321428571428571
2021-06-07,20.9,12.5,27.7,158,0.4110537546870351,-0.9116111071930239,22.2,15.2,29.2,14.7,19.114285714285717,16.02857142857143
2021-06-08,21.4,14.2,27.1,159,0.3953117887649151,-0.9185469991587165,20.9,12.5,27.7,17.3,20.0,16.392857142857142
2021-06-09,21.3,13.0,27.6,160,0.37945284372454435,-0.925211078289358,21.4,14.2,27.1,18.3,20.585714285714282,17.021428571428572
2021-06-10,22.6,15.8,28.2,161,0.36348161248290634,-0.9316013725767187,21.3,13.0,27.6,20.9,21.014285714285712,17.657142857142855
2021-06-11,23.1,16.8,28.0,162,0.3474028211842774,-0.9377159910299093,22.6,15.8,28.2,18.9,21.257142857142856,18.428571428571427
2021-06-12,19.2,13.4,22.5,163,0.3312212278016865,-0.9435531242349544,23.1,16.8,28.0,21.5,21.857142857142858,19.25
2021-06-13,15.5,11.6,20.8,164,0.31494162072895193,-0.9491110448902284,19.2,13.4,22.5,22.2,21.52857142857143,19.728571428571428
2021-06-14,20.3,9.4,27.8,165,0.2985688173637202,-0.9543881083175908,15.5,11.6,20.8,20.9,20.571428571428573,19.842857142857145
2021-06-15,20.4,14.2,24.4,166,0.2821076626819194,-0.9593827529490743,20.3,9.4,27.8,21.4,20.485714285714288,20.242857142857144
2021-06-16,21.3,11.8,29.0,167,0.26556302780405594,-0.9640935007889755,20.4,14.2,24.4,21.3,20.342857142857138,20.464285714285715
2021-06-17,27.1,17.6,34.7,168,0.24893980855376657,-0.9685189578512204,21.3,11.8,29.0,22.6,20.342857142857138,20.678571428571427
2021-06-18,28.6,20.7,34.8,169,0.23224292400907015,-0.9726578145718654,27.1,17.6,34.7,23.1,20.985714285714288,21.121428571428574
2021-06-19,28.7,21.1,36.6,170,0.21547731504673012,-0.976508846196619,28.6,20.7,34.8,19.2,21.77142857142857,21.814285714285713
2021-06-20,28.2,20.9,34.8,171,0.19864794288017112,-0.9800709131432666,28.7,21.1,36.6,15.5,23.12857142857143,22.328571428571426
2021-06-21,25.9,20.7,31.8,172,0.18175978759137534,-0.9833429613388902,28.2,20.9,34.8,20.3,24.942857142857143,22.75714285714286
2021-06-22,18.8,14.5,21.4,173,0.16481784665719793,-0.9863240225317866,25.9,20.7,31.8,20.4,25.74285714285714,23.114285714285717
2021-06-23,17.5,12.3,21.7,174,0.14782713347053048,-0.9890132145779883,18.8,14.5,21.4,21.3,25.514285714285712,22.928571428571427
2021-06-24,17.5,14.5,21.2,175,0.13079267585675922,-0.9914097417023038,17.5,12.3,21.7,27.1,24.97142857142857,22.657142857142855
2021-06-25,20.4,16.7,25.1,176,0.11371951458594969,-0.9935128947338007,17.5,14.5,21.2,28.6,23.599999999999998,22.292857142857144
2021-06-26,21.5,15.2,27.7,177,0.0966127018812031,-0.9953220513156602,20.4,16.7,25.1,28.7,22.428571428571423,22.099999999999998
2021-06-27,22.1,14.2,28.6,178,0.07947729992362097,-0.9968366760893436,21.5,15.2,27.7,28.2,21.4,22.264285714285712
2021-06-28,25.3,15.4,31.6,179,0.062318379354325076,-0.998056320853012,22.1,14.2,28.6,25.9,20.52857142857143,22.735714285714288
2021-06-29,24.1,18.7,29.8,180,0.04514101777397193,-0.9989806246941579,25.3,15.4,31.6,18.8,20.442857142857143,23.092857142857145
2021-06-30,18.2,17.1,19.5,181,0.02795029824021032,-0.999609314096404,24.1,18.7,29.8,17.5,21.199999999999996,23.357142857142858
2021-07-01,15.7,14.4,17.1,182,0.01075130776352193,-0.9999422030204416,18.2,17.1,19.5,17.5,21.3,23.135714285714283
2021-07-02,19.9,15.4,25.4,183,-0.00645086419810515,-0.9999791929590823,15.7,14.4,17.1,20.4,21.04285714285714,22.321428571428573
2021-07-03,20.3,14.8,25.6,184,-0.023651127245231586,-0.9997202729664083,19.9,15.4,25.4,21.5,20.97142857142857,21.7
2021-07-04,22.5,17.3,27.5,185,-0.04084439154329611,-0.9991655196610109,20.3,14.8,25.6,22.1,20.8,21.1
2021-07-05,20.5,17.5,25.3,186,-0.05802556932878035,-0.9983150972033183,22.5,17.3,27.5,25.3,20.857142857142858,20.692857142857143
2021-07-06,23.5,17.0,30.3,187,-0.07518957641475855,-0.9971692572470178,20.5,17.5,25.3,24.1,20.17142857142857,20.307142857142857
2021-07-07,19.2,17.4,22.6,188,-0.09233133369539122,-0.9957283388645872,23.5,17.0,30.3,18.2,20.085714285714285,20.642857142857142
2021-07-08,19.0,16.1,21.4,189,-0.10944576864891556,-0.993992768446958,19.2,17.4,22.6,15.7,20.228571428571428,20.764285714285712
2021-07-09,17.9,14.7,22.0,190,-0.12652781683868314,-0.9919630595773397,19.0,16.1,21.4,19.9,20.699999999999996,20.87142857142857
2021-07-10,19.6,14.7,25.8,191,-0.1435724234118113,-0.9896398128792412,17.9,14.7,22.0,20.3,20.41428571428571,20.692857142857143
2021-07-11,22.8,15.4,28.6,192,-0.16057454459499376,-0.9870237158387383,19.6,14.7,25.8,22.5,20.314285714285713,20.557142857142857
2021-07-12,22.3,17.1,27.5,193,-0.17752914918703497,-0.984115542601034,22.8,15.4,28.6,20.5,20.357142857142858,20.607142857142858
2021-07-13,24.3,16.5,30.4,194,-0.19443122004766195,-0.9809161537413774,22.3,17.1,27.5,23.5,20.61428571428571,20.392857142857142
2021-07-14,21.9,17.7,26.4,195,-0.2112757555821793,-0.9774264960104055,24.3,16.5,30.4,19.2,20.728571428571428,20.407142857142855
2021-07-15,22.3,16.7,27.9,196,-0.2280577712215198,-0.9736476020539838,21.9,17.7,26.4,19.0,21.114285714285717,20.671428571428574
2021-07-16,23.6,17.5,30.2,197,-0.24477230089725957,-0.9695805901076308,22.3,16.7,27.9,17.9,21.585714285714285,21.142857142857142
2021-07-17,23.8,18.9,28.8,198,-0.2614143985111562,-0.965226663665613,23.6,17.5,30.2,19.6,22.400000000000002,21.407142857142855
2021-07-18,22.3,17.4,27.4,199,-0.2779791393987801,-0.9605871111248129,23.8,18.9,28.8,22.8,23.0,21.657142857142855
2021-07-19,17.5,14.7,20.3,200,-0.2944616217868012,-0.9556633054034704,22.3,17.4,27.4,22.3,22.928571428571427,21.642857142857142
2021-07-20,18.3,15.2,22.1,201,-0.3108569682435036,-0.9504567035349151,17.5,14.7,20.3,24.3,22.24285714285714,21.428571428571427
2021-07-21,19.0,14.2,22.7,202,-0.3271603271220951,-0.9449688462364056,18.3,15.2,22.1,21.9,21.385714285714283,21.057142857142857
2021-07-22,20.6,17.2,24.0,203,-0.34336687399638804,-0.939201357453208,19.0,14.2,22.7,22.3,20.971428571428568,21.042857142857144
2021-07-23,20.6,14.3,25.9,204,-0.3594718130884232,-0.9331559438780432,20.6,17.2,24.0,23.6,20.728571428571428,21.157142857142855
2021-07-24,24.0,15.5,30.3,205,-0.3754703786876202,-0.9268343944460494,20.6,14.3,25.9,23.8,20.3,21.35
2021-07-25,23.5,18.8,30.8,206,-0.3913578365610259,-0.9202385798054075,24.0,15.5,30.3,22.3,20.328571428571426,21.664285714285715
2021-07-26,24.3,19.2,30.6,207,-0.4071294853542516,-0.9133704517637858,23.5,18.8,30.8,17.5,20.5,21.714285714285715
2021-07-27,23.7,19.1,28.0,208,-0.4227806579826773,-0.9062320427107697,24.3,19.2,30.6,18.3,21.47142857142857,21.857142857142858
2021-07-28,21.7,18.8,25.0,209,-0.4383067230125192,-0.898825465016444,23.7,19.1,28.0,19.0,22.24285714285714,21.814285714285717
2021-07-29,20.8,16.3,25.4,210,-0.45370308603134424,-0.8911529104063088,21.7,18.8,25.0,20.6,22.628571428571426,21.8
2021-07-30,20.9,14.0,26.6,211,-0.46896519100763184,-0.8832166493127127,20.8,16.3,25.4,20.6,22.657142857142855,21.692857142857143
2021-07-31,21.1,17.7,25.0,212,-0.48408852163897587,-0.8750190302029955,20.9,14.0,26.6,24.0,22.7,21.5
2021-08-01,18.2,15.0,23.1,213,-0.4990686026885319,-0.8665624788845385,21.1,17.7,25.0,23.5,22.285714285714285,21.307142857142857
2021-08-02,17.6,14.3,22.1,214,-0.5139010013093103,-0.8578494977869301,18.2,15.0,23.1,24.3,21.52857142857143,21.014285714285712
2021-08-03,17.8,11.6,23.3,215,-0.5285813283559292,-0.8488826652214553,17.6,14.3,22.1,23.7,20.571428571428573,21.021428571428572
2021-08-04,18.5,14.8,23.2,216,-0.5431052396834317,-0.8396646346181327,17.8,11.6,23.3,21.7,19.728571428571428,20.985714285714288
2021-08-05,18.7,14.0,24.6,217,-0.5574684374327892,-0.8301981337405212,18.5,14.8,23.2,20.8,19.271428571428572,20.95
2021-08-06,19.9,15.4,26.6,218,-0.5716666713027052,-0.8204859638785327,18.7,14.0,24.6,20.9,18.97142857142857,20.814285714285717
2021-08-07,19.9,14.8,24.9,219,-0.5856957398073508,-0.8105309990194823,19.9,15.4,26.6,21.1,18.828571428571426,20.764285714285712
2021-08-08,19.5,14.8,24.3,220,-0.5995514915196489,-0.8003361849976323,19.9,14.8,24.9,18.2,18.657142857142855,20.47142857142857
2021-08-09,17.8,12.4,24.2,221,-0.6132298262997502,-0.7899045386224707,19.5,14.8,24.3,17.6,18.842857142857138,20.185714285714287
2021-08-10,18.3,13.6,24.0,222,-0.6267266965083301,-0.7792391467859886,17.8,12.4,24.2,17.8,18.87142857142857,19.721428571428568
2021-08-11,18.2,13.6,23.5,223,-0.6400381082043503,-0.7683431655492202,18.3,13.6,24.0,18.5,18.942857142857143,19.335714285714285
2021-08-12,21.2,12.2,27.9,224,-0.65316012232693,-0.7572198192083127,18.2,13.6,23.5,18.7,18.9,19.085714285714285
2021-08-13,24.2,17.0,30.1,225,-0.666088855860977,-0.7458723993404063,21.2,12.2,27.9,19.9,19.25714285714286,19.114285714285717
2021-08-14,22.3,17.0,27.7,226,-0.6788204829862355,-0.734304263829602,24.2,17.0,30.1,19.9,19.87142857142857,19.349999999999998
2021-08-15,21.2,14.3,27.0,227,-0.6913512362094071,-0.722518835873311,22.3,17.0,27.7,19.5,20.214285714285715,19.435714285714287
2021-08-16,19.0,12.5,25.2,228,-0.7036774074790128,-0.7105196029692745,21.2,14.3,27.0,17.8,20.457142857142856,19.650000000000002
2021-08-17,15.3,12.5,18.3,229,-0.7157953492826642,-0.6983101158835584,19.0,12.5,25.2,18.3,20.628571428571426,19.75
2021-08-18,17.4,14.1,20.5,230,-0.7277014757264236,-0.6858939875998223,15.3,12.5,18.3,18.2,20.199999999999996,19.571428571428573
2021-08-19,18.8,16.1,22.9,231,-0.7393922635959241,-0.673274892250183,17.4,14.1,20.5,21.2,20.085714285714285,19.49285714285714
2021-08-20,18.2,15.5,22.2,232,-0.7508642533989489,-0.6604565640279754,18.8,16.1,22.9,24.2,19.74285714285714,19.5
2021-08-21,19.1,14.1,23.9,233,-0.7621140503891487,-0.6474427960827475,18.2,15.5,22.2,22.3,18.885714285714283,19.37857142857143
2021-08-22,18.2,15.4,22.6,234,-0.7731383255706026,-0.6342374393978054,19.1,14.1,23.9,21.2,18.428571428571427,19.321428571428573
2021-08-23,16.5,14.6,19.7,235,-0.7839338166829201,-0.620844401650647,18.2,15.4,22.6,19.0,18.0,19.228571428571428
2021-08-24,16.3,10.4,21.5,236,-0.7944973291665992,-0.6072676460566135,16.5,14.6,19.7,15.3,17.642857142857142,19.135714285714283
2021-08-25,15.5,8.3,22.3,237,-0.8048257371083452,-0.593511190196115,16.3,10.4,21.5,17.4,17.785714285714285,18.99285714285714
2021-08-26,14.7,12.6,17.6,238,-0.8149159841660791,-0.5795791048257612,15.5,8.3,22.3,18.8,17.514285714285712,18.8
2021-08-27,14.2,12.4,17.4,239,-0.8247650844733614,-0.5654755126737576,14.7,12.6,17.6,18.2,16.928571428571427,18.335714285714285
2021-08-28,15.4,12.7,20.1,240,-0.8343701235229538,-0.5512045872199277,14.2,12.4,17.4,19.1,16.357142857142858,17.621428571428574
2021-08-29,15.8,14.2,19.7,241,-0.8437282590292712,-0.5367705514607103,15.4,12.7,20.1,18.2,15.828571428571427,17.12857142857143
2021-08-30,15.8,13.8,18.2,242,-0.8528367217694595,-0.522177676659508,15.8,14.2,19.7,16.5,15.485714285714284,16.742857142857144
2021-08-31,16.2,11.9,20.3,243,-0.8616928164028522,-0.5074302810827518,15.8,13.8,18.2,16.3,15.385714285714286,16.514285714285716
2021-09-01,16.0,11.9,21.1,244,-0.8702939222685674,-0.49253272872205434,16.2,11.9,20.3,15.5,15.37142857142857,16.57857142857143
2021-09-02,16.1,11.8,21.2,245,-0.8786374941610001,-0.4774894280028391,16.0,11.9,21.1,14.7,15.442857142857141,16.478571428571428
2021-09-03,16.9,10.6,24.1,246,-0.886721063082993,-0.46230483047981086,16.1,11.8,21.2,14.2,15.642857142857142,16.285714285714285
2021-09-04,14.2,11.0,18.6,247,-0.8945422369764496,-0.4469834295196741,16.9,10.6,24.1,15.4,16.02857142857143,16.192857142857143
2021-09-05,16.0,10.0,22.5,248,-0.9020987014301837,-0.43152975897147144,14.2,11.0,18.6,15.8,15.857142857142856,15.842857142857143
2021-09-06,16.9,9.8,23.3,249,-0.9093882203647925,-0.4159483918249421,16.0,10.0,22.5,15.8,15.885714285714284,15.685714285714287
2021-09-07,17.6,12.2,22.9,250,-0.9164086366943458,-0.4002439388573056,16.9,9.8,23.3,16.2,16.04285714285714,15.714285714285714
2021-09-08,18.6,11.1,25.6,251,-0.9231578729647039,-0.38442104726885545,17.6,12.2,22.9,16.0,16.24285714285714,15.807142857142859
2021-09-09,20.4,12.0,27.7,252,-0.9296339319682695,-0.3684843993077793,18.6,11.1,25.6,16.1,16.614285714285714,16.02857142857143
2021-09-10,20.2,16.2,28.1,253,-0.9358348973349941,-0.35243871088460327,20.4,12.0,27.7,16.9,17.228571428571424,16.435714285714287
2021-09-11,19.7,16.8,24.1,254,-0.9417589340994617,-0.33628873017668287,20.2,16.2,28.1,14.2,17.7,16.864285714285714
2021-09-12,18.4,15.0,22.4,255,-0.9474042892438845,-0.32003923622313857,19.7,16.8,24.1,16.0,18.485714285714284,17.17142857142857
2021-09-13,16.3,11.2,20.3,256,-0.9527692922168511,-0.30369503751065885,18.4,15.0,22.4,16.9,18.828571428571426,17.357142857142858
2021-09-14,16.3,9.4,22.3,257,-0.9578523554276669,-0.28726097055059635,16.3,11.2,20.3,17.6,18.74285714285714,17.392857142857142
2021-09-15,18.4,14.2,24.1,258,-0.9626519747161487,-0.2707418984477642,16.3,9.4,22.3,18.6,18.557142857142853,17.4
2021-09-16,17.7,16.0,19.9,259,-0.9671667297977312,-0.2541427094613622,18.4,14.2,24.1,20.4,18.52857142857143,17.571428571428573
2021-09-17,15.2,13.3,17.3,260,-0.97139528468375,-0.23746831555846842,17.7,16.0,19.9,20.2,18.142857142857142,17.685714285714283
2021-09-18,14.2,12.4,18.0,261,-0.9753363880767837,-0.2207236509605022,15.2,13.3,17.3,19.7,17.428571428571427,17.564285714285713
2021-09-19,13.1,11.1,15.5,262,-0.9789888737409319,-0.20391367068311472,14.2,12.4,18.0,18.4,16.642857142857142,17.564285714285713
2021-09-20,12.9,10.6,15.7,263,-0.9823516608469237,-0.18704334906991657,13.1,11.1,15.5,16.3,15.885714285714284,17.357142857142854
2021-09-21,13.0,11.0,16.3,264,-0.9854237542919524,-0.17011767832049052,12.9,10.6,15.7,16.3,15.399999999999997,17.071428571428573
2021-09-22,14.0,10.9,17.9,265,-0.9882042449941422,-0.15314166701312007,13.0,11.0,16.3,18.4,14.928571428571429,16.74285714285714
2021-09-23,15.0,10.0,19.8,266,-0.9906923101615609,-0.13612033862266704,14.0,10.9,17.9,17.7,14.299999999999999,16.414285714285715
2021-09-24,15.3,12.3,17.6,267,-0.9928872135356962,-0.11905873003404988,15.0,10.0,19.8,15.2,13.914285714285715,16.02857142857143
2021-09-25,17.7,13.1,21.1,268,-0.994788305609327,-0.10196189005174576,15.3,12.3,17.6,14.2,13.928571428571429,15.678571428571429
2021-09-26,18.9,12.5,24.7,269,-0.9963950238187231,-0.08483487790576538,17.7,13.1,21.1,13.1,14.428571428571429,15.535714285714286
2021-09-27,18.0,15.0,20.7,270,-0.9977068927101168,-0.06768276175455162,18.9,12.5,24.7,12.9,15.257142857142856,15.571428571428571
2021-09-28,15.7,10.7,18.3,271,-0.9987235240803972,-0.050510617185222886,18.0,15.0,20.7,13.0,15.985714285714284,15.692857142857141
2021-09-29,13.9,9.8,16.8,272,-0.9994446170919858,-0.033323525711631344,15.7,10.7,18.3,14.0,16.37142857142857,15.65
2021-09-30,11.7,8.2,16.7,273,-0.9998699583618592,-0.016126573270657762,13.9,9.8,16.8,15.0,16.357142857142854,15.328571428571427
2021-10-01,12.7,7.0,18.9,274,-0.9999994220246925,0.001075151282798226,11.7,8.2,16.7,15.3,15.885714285714284,14.9
2021-10-02,14.8,9.7,20.2,275,-0.999832969770105,0.018276557681691223,12.7,7.0,18.9,17.7,15.514285714285714,14.721428571428572
2021-10-03,18.1,13.9,24.7,276,-0.9993706508539969,0.03547255575312556,14.8,9.7,20.2,18.9,15.099999999999998,14.764285714285716
2021-10-04,14.8,13.3,17.8,277,-0.9986126020839734,0.052658056924614005,18.1,13.9,24.7,18.0,14.985714285714282,15.121428571428572
2021-10-05,13.1,11.2,14.8,278,-0.9975590477788613,0.06982797572987089,14.8,13.3,17.8,15.7,14.528571428571427,15.257142857142856
2021-10-06,13.2,7.7,16.2,279,-0.9962102997023297,0.0869772313136861,13.1,11.2,14.8,13.9,14.157142857142857,15.264285714285716
2021-10-07,12.0,5.1,19.0,280,-0.9945667569706337,0.1041007489354256,13.2,7.7,16.2,11.7,14.057142857142855,15.207142857142857
2021-10-08,11.9,6.1,16.7,281,-0.9926289059345095,0.121193461470736,12.0,5.1,19.0,12.7,14.099999999999998,14.992857142857144
2021-10-09,9.2,4.1,15.5,282,-0.9903973200352558,0.1382503109109819,11.9,6.1,16.7,14.8,13.985714285714286,14.75
2021-10-10,8.0,1.4,15.0,283,-0.9878726596350429,0.15526624985999563,9.2,4.1,15.5,18.1,13.185714285714283,14.142857142857142
2021-10-11,8.8,2.6,14.4,284,-0.9850556718215013,0.172236243027682,8.0,1.4,15.0,14.8,11.742857142857142,13.364285714285714
2021-10-12,9.1,5.3,13.2,285,-0.981947190186646,0.18915526872004093,8.8,2.6,14.4,13.1,10.885714285714284,12.707142857142857
2021-10-13,8.2,4.1,12.5,286,-0.9785481345802031,0.20601832032517084,9.1,5.3,13.2,13.2,10.314285714285713,12.235714285714286
2021-10-14,11.0,8.6,13.1,287,-0.9748595108374125,0.22282040779479959,8.2,4.1,12.5,12.0,9.599999999999998,11.828571428571427
2021-10-15,10.9,7.2,13.6,288,-0.9708824104813836,0.23955655912092708,11.0,8.6,13.1,11.9,9.457142857142856,11.778571428571427
2021-10-16,9.3,5.9,13.0,289,-0.9666180104000972,0.2562218218071163,10.9,7.2,13.6,9.2,9.314285714285713,11.65
2021-10-17,10.0,6.7,12.5,290,-0.9620675724981452,0.27281126433401914,9.3,5.9,13.0,8.0,9.328571428571426,11.257142857142856
2021-10-18,11.9,9.2,16.3,291,-0.957232443323312,0.28931997761869527,10.0,6.7,12.5,8.8,9.614285714285712,10.678571428571429
2021-10-19,12.8,8.4,16.7,292,-0.9521140536681102,0.3057430764672831,11.9,9.2,16.3,9.1,10.057142857142855,10.471428571428573
2021-10-20,16.0,13.1,19.5,293,-0.9467139181463862,0.3220757010206104,12.8,8.4,16.7,8.2,10.585714285714285,10.45
2021-10-21,13.0,7.0,17.4,294,-0.9410336347451197,0.3383130181923076,16.0,13.1,19.5,11.0,11.7,10.65
2021-10-22,7.5,6.0,10.5,295,-0.9350748843515574,0.3544502230989869,13.0,7.0,17.4,10.9,11.985714285714284,10.721428571428572
2021-10-23,7.6,4.6,11.5,296,-0.9288394302558068,0.3704825404820963,7.5,6.0,10.5,9.3,11.5,10.407142857142857
2021-10-24,7.6,3.3,12.7,297,-0.9223291176290545,0.3864052261209853,7.6,4.6,11.5,10.0,11.257142857142854,10.292857142857143
2021-10-25,6.7,1.9,11.1,298,-0.9155458729775467,0.40221356823680365,7.6,3.3,12.7,11.9,10.914285714285713,10.264285714285716
2021-10-26,9.9,4.6,14.1,299,-0.9084917035725082,0.41790288888678667,6.7,1.9,11.1,12.8,10.171428571428569,10.114285714285714
2021-10-27,12.5,10.2,14.2,300,-0.9011686968561569,0.4334685453485363,9.9,4.6,14.1,16.0,9.757142857142854,10.171428571428573
2021-10-28,11.3,7.1,16.7,301,-0.8935790198239952,0.4489059314938798,12.5,10.2,14.2,13.0,9.257142857142854,10.47857142857143
2021-10-29,9.2,4.2,14.9,302,-0.8857249183835637,0.4642104791518923,11.3,7.1,16.7,7.5,9.014285714285714,10.5
2021-10-30,10.3,5.1,15.2,303,-0.8776087166898392,0.4793776594606945,9.2,4.2,14.9,7.6,9.257142857142854,10.37857142857143
2021-10-31,13.4,10.2,18.2,304,-0.8692328164574792,0.49440298420761813,10.3,5.1,15.2,7.6,9.642857142857142,10.450000000000001
2021-11-01,10.4,8.1,12.7,305,-0.8605996962501181,0.5092820071573356,13.4,10.2,18.2,6.7,10.471428571428572,10.692857142857141
2021-11-02,9.5,6.4,11.8,306,-0.8517119107469189,0.5240103253675756,10.4,8.1,12.7,9.9,11.0,10.585714285714285
2021-11-03,7.1,2.2,12.0,307,-0.8425720899866032,0.5385835804920232,9.5,6.4,11.8,12.5,10.942857142857141,10.35
2021-11-04,7.0,6.2,8.9,308,-0.8331829385891785,0.5529974600700271,7.1,2.2,12.0,11.3,10.171428571428569,9.714285714285714
2021-11-05,8.3,6.5,9.9,309,-0.8235472349556007,0.5672476988027229,7.0,6.2,8.9,9.2,9.557142857142855,9.285714285714286
2021-11-06,9.2,6.9,11.7,310,-0.8136678304455991,0.5813300798152042,8.3,6.5,9.9,10.3,9.428571428571429,9.342857142857143
2021-11-07,8.4,7.1,10.8,311,-0.8035476485339116,0.5952404359043674,9.2,6.9,11.7,13.4,9.27142857142857,9.457142857142857
2021-11-08,8.8,7.2,10.9,312,-0.7931896839451843,0.6089746507720486,8.4,7.1,10.8,10.4,8.557142857142855,9.514285714285716
2021-11-09,8.5,4.4,11.7,313,-0.7825970017677834,0.6225286602431057,8.8,7.2,10.9,9.5,8.328571428571427,9.664285714285715
2021-11-10,5.2,0.3,9.1,314,-0.7717727365467836,0.6358984534680745,8.5,4.4,11.7,7.1,8.185714285714285,9.564285714285715
2021-11-11,5.6,0.1,9.7,315,-0.7607200913564104,0.6490800741100398,5.2,0.3,9.1,7.0,7.914285714285713,9.042857142857143
2021-11-12,7.0,3.0,8.5,316,-0.7494423368521954,0.6620696215153815,5.6,0.1,9.7,8.3,7.7142857142857135,8.635714285714286
2021-11-13,4.9,2.8,8.8,317,-0.7379428103031386,0.6748632518680403,7.0,3.0,8.5,9.2,7.528571428571428,8.47857142857143
2021-11-14,6.1,5.0,7.3,318,-0.7262249146041543,0.6874571793269664,4.9,2.8,8.8,8.4,6.914285714285713,8.092857142857143
2021-11-15,5.6,5.3,6.0,319,-0.7142921172691032,0.699847677146407,6.1,5.0,7.3,8.8,6.5857142857142845,7.571428571428571
2021-11-16,6.2,4.9,7.9,320,-0.7021479494046978,0.7120310787787131,5.6,5.3,6.0,8.5,6.128571428571428,7.228571428571429
2021-11-17,5.8,4.4,7.7,321,-0.6897960046655887,0.7240037789593305,6.2,4.9,7.9,5.2,5.799999999999998,6.992857142857143
2021-11-18,8.1,6.0,10.2,322,-0.6772399381909491,0.7357622347736527,5.8,4.4,7.7,5.6,5.885714285714285,6.8999999999999995
2021-11-19,11.6,9.7,12.7,323,-0.6644834655228552,0.7473029667054296,8.1,6.0,10.2,7.0,6.242857142857141,6.978571428571428
2021-11-20,11.1,9.8,11.9,324,-0.6515303615068021,0.75862255966641,11.6,9.7,12.7,4.9,6.899999999999999,7.214285714285714
2021-11-21,8.0,3.6,9.9,325,-0.6383844591746642,0.7697176640069211,11.1,9.8,11.9,6.1,7.785714285714285,7.35
2021-11-22,3.9,0.6,6.6,326,-0.6250496486104377,0.7805849965070866,8.0,3.6,9.9,5.6,8.057142857142855,7.321428571428571
2021-11-23,5.0,0.4,7.1,327,-0.6115298757991053,0.7912213413483807,3.9,0.6,6.6,6.2,7.814285714285712,6.971428571428571
2021-11-24,6.9,5.9,7.8,328,-0.5978291414589552,0.801623551065242,5.0,0.4,7.1,5.8,7.6428571428571415,6.721428571428571
2021-11-25,4.5,3.4,5.9,329,-0.5839514998576998,0.8117885474764613,6.9,5.9,7.8,8.1,7.799999999999999,6.842857142857143
2021-11-26,4.4,2.1,6.2,330,-0.5699010576127624,0.8217133225960589,4.5,3.4,5.9,11.6,7.285714285714286,6.764285714285713
2021-11-27,1.9,0.5,3.6,331,-0.5556819724760489,0.8313949395234058,4.4,2.1,6.2,11.1,6.257142857142857,6.578571428571428
2021-11-28,1.9,-0.2,5.2,332,-0.5412984521036173,0.8408305333122887,1.9,0.5,3.6,8.0,4.942857142857142,6.364285714285715
2021-11-29,2.4,1.6,3.6,333,-0.5267547528105542,0.8500173118187018,1.9,-0.2,5.2,3.9,4.07142857142857,6.064285714285714
2021-11-30,3.4,1.1,6.2,334,-0.5120551783114646,0.8589525565270845,2.4,1.6,3.6,5.0,3.8571428571428568,5.835714285714286
2021-12-01,5.9,2.3,8.9,335,-0.4972040784469378,0.8676336233547726,3.4,1.1,6.2,6.9,3.6285714285714272,5.635714285714286
2021-12-02,2.3,-1.5,6.1,336,-0.4822058478963526,0.8760579434344281,5.9,2.3,8.9,4.5,3.4857142857142844,5.642857142857143
2021-12-03,1.0,-2.0,3.9,337,-0.46706492487743034,0.8842230238742036,2.3,-1.5,6.1,4.4,3.1714285714285704,5.228571428571429
2021-12-04,1.5,0.5,2.3,338,-0.451785789832884,0.8921264484954345,1.0,-2.0,3.9,1.9,2.685714285714284,4.4714285714285715
2021-12-05,0.7,0.3,1.2,339,-0.4363729641045924,0.8997658785476209,1.5,0.5,2.3,1.9,2.6285714285714272,3.7857142857142856
2021-12-06,0.8,-0.3,2.0,340,-0.42083100859565564,0.9071390534005044,0.7,0.3,1.2,2.4,2.457142857142856,3.264285714285714
2021-12-07,-0.4,-1.6,0.2,341,-0.4051645224207563,0.9142437912130223,0.8,-0.3,2.0,3.4,2.2285714285714278,3.042857142857143
2021-12-08,-0.1,-1.0,1.2,342,-0.3893781415452015,0.9210779895789526,-0.4,-1.6,0.2,5.9,1.6857142857142848,2.657142857142857
2021-12-09,-1.1,-1.7,-0.7,343,-0.37347653741307074,0.9276396261490467,-0.1,-1.0,1.2,2.3,0.8285714285714275,2.157142857142857
2021-12-10,-0.2,-1.2,0.6,344,-0.3574644155648614,0.9339267592294762,-1.1,-1.7,-0.7,1.0,0.3428571428571418,1.7571428571428573
2021-12-11,-0.7,-1.9,-0.1,345,-0.34134651424503615,0.9399375283564133,-0.2,-1.2,0.6,1.5,0.1714285714285704,1.4285714285714286
2021-12-12,1.0,-1.8,5.3,346,-0.3251276029999093,0.9456701548465688,-0.7,-1.9,-0.1,0.7,-0.14285714285714388,1.2428571428571427
2021-12-13,7.1,5.2,9.4,347,-0.30881248126625377,0.9511229423235357,1.0,-1.8,5.3,0.8,-0.100000000000001,1.1785714285714286
2021-12-14,7.5,7.0,8.4,348,-0.29240597695107734,0.9562942772197719,7.1,5.2,9.4,-0.4,0.7999999999999989,1.5142857142857142
2021-12-15,8.7,7.7,9.9,349,-0.27591294500296043,0.9611826292540837,7.5,7.0,8.4,-0.1,1.9285714285714275,1.807142857142857
2021-12-16,7.6,5.4,9.5,350,-0.2593382659754056,0.9657865518844574,8.7,7.7,9.9,-1.1,3.185714285714284,2.007142857142857
2021-12-17,5.4,4.7,6.1,351,-0.2426868445825954,0.9701046827361175,7.6,5.4,9.5,-0.2,4.428571428571428,2.3857142857142857
2021-12-18,6.0,4.8,7.8,352,-0.22596360824801906,0.974135744004672,5.4,4.7,6.1,-0.7,5.228571428571428,2.6999999999999997
2021-12-19,6.0,1.5,7.3,353,-0.20917350564635637,0.9778785428342386,6.0,4.8,7.8,1.0,6.185714285714285,3.0214285714285714
2021-12-20,1.4,-0.7,3.1,354,-0.19232150523909483,0.9813319716704275,6.0,1.5,7.3,7.1,6.8999999999999995,3.4
2021-12-21,0.7,-0.5,1.4,355,-0.17541259380427843,0.9844950085880858,1.4,-0.7,3.1,7.5,6.0857142857142845,3.4428571428571426
2021-12-22,-0.5,-3.1,1.6,356,-0.15845177496083632,0.9873667175937016,0.7,-0.5,1.4,8.7,5.114285714285714,3.5214285714285714
2021-12-23,-1.1,-3.6,1.2,357,-0.14144406768794202,0.9899462489023779,-0.5,-3.1,1.6,7.6,3.7999999999999985,3.492857142857143
2021-12-24,2.0,-5.3,5.8,358,-0.12439450483979998,0.9922328391893008,-1.1,-3.6,1.2,5.4,2.557142857142856,3.492857142857143
2021-12-25,-5.5,-8.9,0.1,359,-0.10730813165636247,0.9942258118156161,2.0,-5.3,5.8,6.0,2.0714285714285703,3.65
2021-12-26,-6.8,-10.8,-1.9,360,-0.09019000427034513,0.9959245770286599,-5.5,-8.9,0.1,6.0,0.42857142857142755,3.307142857142857
2021-12-27,-3.9,-8.3,-0.9,361,-0.07304518821104743,0.9973286321364752,-6.8,-10.8,-1.9,1.4,-1.400000000000001,2.75
2021-12-28,-0.5,-4.3,2.9,362,-0.05587875690537313,0.9984375616565666,-3.9,-8.3,-0.9,0.7,-2.157142857142858,1.9642857142857142
2021-12-29,4.5,2.4,5.9,363,-0.03869579017652689,0.9992510374388481,-0.5,-4.3,2.9,-0.5,-2.3285714285714296,1.3928571428571428
2021-12-30,9.3,4.6,12.9,364,-0.021501372740813793,0.999768818762748,4.5,2.4,5.9,-1.1,-1.6142857142857152,1.092857142857143
2021-12-31,13.0,11.8,14.2,365,-0.004300592702981974,0.9999907524084426,9.3,4.6,12.9,2.0,-0.1285714285714294,1.2142857142857142
2022-01-01,12.0,9.9,12.7,1,0.017201575418260506,0.9998520419557735,13.0,11.8,14.2,-5.5,1.442857142857142,1.7571428571428573
2022-01-02,9.9,7.9,11.7,2,0.03439806061360801,0.9994082116062598,12.0,9.9,12.7,-6.8,3.942857142857142,2.185714285714286
2022-01-03,8.9,6.2,10.8,3,0.051584366869408364,0.9986686402879997,9.9,7.9,11.7,-3.9,6.328571428571427,2.4642857142857144
2022-01-04,6.4,4.1,7.2,4,0.06875540848113941,0.9976335468520451,8.9,6.2,10.8,-0.5,8.157142857142857,3.0
2022-01-05,3.8,2.5,5.1,5,0.08590610426133272,0.9963032375991965,6.4,4.1,7.2,4.5,9.142857142857142,3.4071428571428575
2022-01-06,1.2,-1.4,3.9,6,0.10303137904317879,0.9946781061893646,3.8,2.5,5.1,9.3,9.042857142857143,3.7142857142857144
2022-01-07,0.7,-1.5,2.9,7,0.1201261651823505,0.9927586335250793,1.2,-1.4,3.9,13.0,7.885714285714285,3.878571428571429
2022-01-08,1.3,-0.6,3.3,8,0.13718540405660057,0.9905453876091833,0.7,-1.5,2.9,12.0,6.128571428571427,3.7857142857142856
2022-01-09,1.5,-0.9,4.3,9,0.1542040475626894,0.988039023376751,1.3,-0.6,3.3,9.9,4.6,4.271428571428571
2022-01-10,3.1,-2.4,5.1,10,0.17117705961019986,0.985240282501282,1.5,-0.9,4.3,8.9,3.399999999999999,4.864285714285715
2022-01-11,-2.3,-3.4,-0.1,11,0.18809941761179758,0.9821499931752291,3.1,-2.4,5.1,6.4,2.5714285714285703,5.364285714285714
2022-01-12,0.9,-2.4,3.7,12,0.20496611396949532,0.9787690698649216,-2.3,-3.4,-0.1,3.8,1.3285714285714276,5.235714285714286
2022-01-13,4.3,3.5,5.2,13,0.22177215755648186,0.975098513039961,0.9,-2.4,3.7,1.2,0.9142857142857134,4.978571428571429
2022-01-14,5.3,2.4,6.8,14,0.23851257519407648,0.9711394088771653,4.3,3.5,5.2,0.7,1.357142857142856,4.621428571428572
2022-01-15,1.9,0.6,3.3,15,0.2551824131233728,0.9668929289391521,5.3,2.4,6.8,1.3,2.0142857142857133,4.071428571428571
2022-01-16,2.1,-1.0,5.5,16,0.2717767384711357,0.9623603298276545,1.9,0.6,3.3,1.5,2.0999999999999988,3.35
2022-01-17,4.1,0.4,6.2,17,0.2882906407095177,0.9575429528116719,2.1,-1.0,5.5,3.1,2.1857142857142846,2.792857142857143
2022-01-18,3.0,-0.8,5.5,18,0.3047192331091634,0.9524422234305676,4.1,0.4,6.2,-2.3,2.328571428571428,2.4499999999999997
2022-01-19,4.0,2.4,5.2,19,0.321057654185271,0.9470596510722283,3.0,-0.8,5.5,0.9,3.085714285714285,2.2071428571428573
2022-01-20,1.1,-2.4,4.0,20,0.3373010691361842,0.9413968285264122,4.0,2.4,5.2,4.3,3.5285714285714276,2.2214285714285715
2022-01-21,0.2,-2.9,3.4,21,0.3534446712740877,0.9354554315134164,1.1,-2.4,4.0,5.3,3.07142857142857,2.2142857142857144
2022-01-22,3.0,1.3,4.4,22,0.3694836834473831,0.9292372181882051,0.2,-2.9,3.4,1.9,2.342857142857142,2.1785714285714284
2022-01-23,5.4,4.4,6.7,23,0.38541335945432564,0.9227440286201427,3.0,1.3,4.4,2.1,2.499999999999999,2.3000000000000003
2022-01-24,5.3,4.2,6.6,24,0.4012289854475009,0.9159777842484877,5.4,4.4,6.7,4.1,2.97142857142857,2.5785714285714287
2022-01-25,4.0,3.0,4.6,25,0.4169258813287287,0.908940487313808,5.3,4.2,6.6,3.0,3.142857142857142,2.7357142857142853
2022-01-26,2.9,1.8,4.0,26,0.4324994021339788,0.901634220265486,4.0,3.0,4.6,4.0,3.2857142857142847,3.1857142857142855
2022-01-27,4.4,3.0,6.3,27,0.44794493940789115,0.8940611451454876,2.9,1.8,4.0,1.1,3.1285714285714277,3.3285714285714287
2022-01-28,4.9,3.3,6.5,28,0.4632579225674917,0.88622350294858,4.4,3.0,6.3,0.2,3.5999999999999988,3.335714285714286
2022-01-29,5.8,2.7,9.6,29,0.4784338202547012,0.8781236129591848,4.9,3.3,6.5,3.0,4.2714285714285705,3.307142857142857
2022-01-30,5.8,4.1,6.9,30,0.49346814167723735,0.8697638720650646,5.8,2.7,9.6,5.4,4.671428571428571,3.5857142857142854
2022-01-31,2.9,-0.1,4.7,31,0.5083564379375122,0.8611467540480452,5.8,4.1,6.9,5.3,4.728571428571428,3.85
2022-02-01,3.4,1.3,6.5,32,0.5230943033491326,0.8522748088519838,2.9,-0.1,4.7,4.0,4.385714285714284,3.7642857142857147
2022-02-02,4.9,1.5,6.7,33,0.5376773767406141,0.8431506618282,3.4,1.3,6.5,2.9,4.299999999999999,3.792857142857143
2022-02-03,4.5,1.4,6.8,34,0.5521013427459208,0.8337770129585915,4.9,1.5,6.7,4.4,4.5857142857142845,3.857142857142857
2022-02-04,6.6,3.2,8.2,35,0.5663619330814524,0.8241566360566663,4.5,1.4,6.8,4.9,4.6,4.1
2022-02-05,4.5,1.3,6.4,36,0.580454927809098,0.8142923779467267,6.6,3.2,8.2,5.8,4.842857142857142,4.557142857142857
2022-02-06,5.4,4.0,7.7,37,0.5943761565849831,0.804187157621448,4.5,1.3,6.4,5.8,4.657142857142857,4.664285714285714
2022-02-07,3.9,2.1,6.8,38,0.6081214998935418,0.7938439653781019,5.4,4.0,7.7,2.9,4.6,4.664285714285714
2022-02-08,6.2,2.7,9.2,39,0.6216868902665479,0.7832658619336791,3.9,2.1,6.8,3.4,4.742857142857142,4.564285714285715
2022-02-09,9.0,8.4,10.0,40,0.6350683134867438,0.7724559775191742,6.2,2.7,9.2,4.9,5.1428571428571415,4.721428571428572
2022-02-10,7.5,3.1,10.5,41,0.6482618097757122,0.7614175109532997,9.0,8.4,10.0,4.5,5.728571428571428,5.1571428571428575
2022-02-11,3.8,0.2,6.1,42,0.6612634749656386,0.7501537286959042,7.5,3.1,10.5,6.6,6.157142857142857,5.378571428571429
2022-02-12,1.1,-2.7,5.4,43,0.6740694616546161,0.7386679638813748,3.8,0.2,6.1,4.5,5.757142857142855,5.3
2022-02-13,3.5,-0.8,8.0,44,0.6866759803451553,0.726963615332308,1.1,-2.7,5.4,5.4,5.2714285714285705,4.964285714285714
2022-02-14,7.9,2.9,13.8,45,0.6990793005655562,0.7150441465537444,3.5,-0.8,8.0,3.9,4.999999999999999,4.8
2022-02-15,7.4,5.0,10.6,46,0.7112757519738152,0.7029130847082615,7.9,2.9,13.8,6.2,5.57142857142857,5.1571428571428575
2022-02-16,7.5,4.7,12.9,47,0.7232617254437388,0.6905740195722293,7.4,5.0,10.6,9.0,5.742857142857142,5.442857142857143
2022-02-17,8.1,5.0,13.0,48,0.7350336741329413,0.6780306024735382,7.5,4.7,12.9,7.5,5.528571428571428,5.628571428571428
2022-02-18,6.8,4.0,10.9,49,0.746588114532413,0.6652865452111116,8.1,5.0,13.0,3.8,5.614285714285714,5.885714285714285
2022-02-19,6.1,3.5,8.3,50,0.7579216274973472,0.6523456189565257,6.8,4.0,10.9,1.1,6.042857142857143,5.9
2022-02-20,5.5,2.2,9.0,51,0.7690308592589181,0.6392116531380588,6.1,3.5,8.3,3.5,6.757142857142857,6.014285714285714
2022-02-21,5.7,3.2,10.5,52,0.7799125224167177,0.6258885343075018,5.5,2.2,9.0,7.9,7.042857142857143,6.021428571428571
2022-02-22,5.8,4.1,8.2,53,0.7905633969115482,0.612380204990065,5.7,3.2,10.5,7.4,6.728571428571427,6.15
2022-02-23,6.5,2.4,10.3,54,0.8009803309782905,0.5986906625177214,5.8,4.1,8.2,7.5,6.499999999999999,6.121428571428572
2022-02-24,5.9,1.2,10.3,55,0.8111602420785621,0.5848239578463322,6.5,2.4,10.3,8.1,6.357142857142856,5.942857142857143
2022-02-25,4.4,2.1,7.5,56,0.8211001178128892,0.5707841943569036,5.9,1.2,10.3,6.8,6.042857142857142,5.828571428571429
2022-02-26,4.1,-0.2,6.7,57,0.8307970168121247,0.5565755266413303,4.4,2.1,7.5,6.1,5.699999999999998,5.871428571428572
2022-02-27,0.5,-1.9,4.4,58,0.8402480696078469,0.5422021592729844,4.1,-0.2,6.7,5.5,5.414285714285713,6.085714285714286
2022-02-28,1.7,-0.9,6.0,59,0.8494504794814806,0.527668345562516,0.5,-1.9,4.4,5.7,4.699999999999998,5.871428571428572
2022-03-01,2.1,-2.5,7.8,60,0.8584015232918917,0.512978386299228,1.7,-0.9,6.0,5.8,4.128571428571428,5.428571428571429
2022-03-02,2.1,-3.0,9.0,61,0.8670985522812081,0.4981366284784055,2.1,-2.5,7.8,6.5,3.599999999999999,5.05
2022-03-03,-0.4,-3.6,2.3,62,0.8755389928586302,0.4831474640149687,2.1,-3.0,9.0,5.9,2.9714285714285706,4.664285714285714
2022-03-04,1.8,-0.6,4.4,63,0.8837203473619977,0.4680153284438345,-0.4,-3.6,2.3,4.4,2.0714285714285703,4.057142857142857
2022-03-05,0.8,-2.3,6.0,64,0.8916401947968874,0.45274469960737107,1.8,-0.6,4.4,4.1,1.6999999999999988,3.6999999999999997
2022-03-06,0.9,-0.4,2.2,65,0.8992961915530253,0.4373400963303323,0.8,-2.3,6.0,0.5,1.2285714285714275,3.3214285714285716
2022-03-07,3.2,-2.5,9.0,66,0.9066860720977985,0.4218060770826634,0.9,-0.4,2.2,1.7,1.2857142857142847,2.992857142857143
2022-03-08,3.8,-2.8,11.2,67,0.9138076496466615,0.4061472386305789,3.2,-2.5,9.0,2.1,1.499999999999999,2.8142857142857145
2022-03-09,5.0,-2.5,12.1,68,0.9206588168102428,0.3903682146763026,3.8,-2.8,11.2,2.1,1.7428571428571418,2.6714285714285713
2022-03-10,4.1,-0.6,9.3,69,0.9272375462179537,0.374473674486883,5.0,-2.5,12.1,-0.4,2.157142857142856,2.564285714285714
2022-03-11,3.0,-2.2,8.6,70,0.9335418911179212,0.35846832151248087,4.1,-0.6,9.3,1.8,2.7999999999999994,2.435714285714286
2022-03-12,4.8,-2.1,12.0,71,0.9395699859530622,0.342356891994542,3.0,-2.2,8.6,0.8,2.9714285714285706,2.3357142857142854
2022-03-13,6.6,-1.2,13.3,72,0.945320046913132,0.3261441535642696,4.8,-2.1,12.0,0.9,3.5428571428571414,2.3857142857142857
2022-03-14,7.6,1.8,13.7,73,0.9507903724625832,0.3098349038318025,6.6,-1.2,13.3,3.2,4.357142857142856,2.8214285714285716
2022-03-15,8.5,2.5,12.6,74,0.9559793438440766,0.2934339689665273,7.6,1.8,13.7,3.8,4.985714285714285,3.242857142857143
2022-03-16,6.5,3.1,11.3,75,0.9608854255574977,0.27694620226893646,8.5,2.5,12.6,5.0,5.657142857142857,3.6999999999999997
2022-03-17,7.7,4.0,11.9,76,0.9655071658143364,0.2603764827344581,6.5,3.1,11.3,4.1,5.871428571428571,4.014285714285714
2022-03-18,8.6,5.5,13.3,77,0.969843196967294,0.24372971360968387,7.7,4.0,11.9,3.0,6.385714285714284,4.5928571428571425
2022-03-19,6.3,1.0,10.9,78,0.9738922359149924,0.22701082094141847,8.6,5.5,13.3,4.8,7.185714285714284,5.078571428571428
2022-03-20,6.6,0.4,12.7,79,0.9776530844816641,0.2102247521189836,6.3,1.0,10.9,6.6,7.399999999999999,5.471428571428572
2022-03-21,7.6,0.9,14.1,80,0.981124629771712,0.19337647441020586,6.6,0.4,12.7,7.6,7.399999999999999,5.878571428571428
2022-03-22,8.8,1.0,17.5,81,0.984305844499033,0.17647097349152166,7.6,0.9,14.1,8.5,7.399999999999999,6.192857142857142
2022-03-23,9.9,0.7,19.6,82,0.9871957872910085,0.15951325197263655,8.8,1.0,17.5,6.5,7.442857142857142,6.55
2022-03-24,8.6,0.7,16.5,83,0.9897936029670716,0.14250832791617088,9.9,0.7,19.6,7.7,7.928571428571428,6.8999999999999995
2022-03-25,10.0,1.7,17.3,84,0.992098522791769,0.12546123335273648,8.6,0.7,16.5,8.6,8.057142857142855,7.221428571428572
2022-03-26,9.4,5.0,13.9,85,0.9941098647022418,0.10837701279187609,10.0,1.7,17.3,6.3,8.257142857142856,7.721428571428572
2022-03-27,9.7,1.6,16.4,86,0.9958270335100595,0.09126072172931188,9.4,5.0,13.9,6.6,8.7,8.049999999999999
2022-03-28,10.8,5.3,17.2,87,0.9972495210773451,0.07411742515094437,9.7,1.6,16.4,7.6,9.142857142857142,8.27142857142857
2022-03-29,8.0,3.6,12.9,88,0.998376906467142,0.056952196034039754,10.8,5.3,17.2,8.8,9.599999999999998,8.5
2022-03-30,5.3,1.4,9.2,89,0.9992088560679753,0.03977011384605572,8.0,3.6,12.9,9.9,9.485714285714284,8.464285714285714
2022-03-31,3.8,-1.0,7.3,90,0.9997451236925734,0.022576263041545485,5.3,1.4,9.2,8.6,8.828571428571427,8.37857142857143
2022-04-01,3.7,0.3,7.6,91,0.9999855506507186,0.005375731557583884,3.8,-1.0,7.3,10.0,8.14285714285714,8.1
2022-04-02,2.1,-2.2,6.5,92,0.9999300657962057,-0.011826390691832589,3.7,0.3,7.6,9.4,7.242857142857141,7.750000000000001
2022-04-03,2.8,-3.9,8.0,93,0.9995786855478958,-0.029025013321975237,2.1,-2.2,6.5,9.7,6.199999999999998,7.45
2022-04-04,3.9,1.0,8.1,94,0.9989315138848577,-0.046215046983708354,2.8,-3.9,8.0,10.8,5.2142857142857135,7.178571428571429
2022-04-05,7.0,4.8,9.1,95,0.9979887423155984,-0.06339140486951038,3.9,1.0,8.1,8.0,4.228571428571427,6.9142857142857155
2022-04-06,10.5,8.8,12.5,96,0.9967506498213929,-0.08054900421874167,7.0,4.8,9.1,5.3,4.0857142857142845,6.785714285714286
2022-04-07,10.2,6.2,14.5,97,0.9952176027737294,-0.09768276782171598,10.5,8.8,12.5,3.8,4.828571428571428,6.828571428571429
2022-04-08,7.0,2.8,9.4,98,0.9933900548258936,-0.11478762552212701,10.2,6.2,14.5,3.7,5.742857142857141,6.942857142857142
2022-04-09,5.7,2.6,10.2,99,0.9912685467787256,-0.13185851571739118,7.0,2.8,9.4,2.1,6.214285714285713,6.728571428571428
2022-04-10,5.1,2.6,8.9,100,0.9888537064205885,-0.1488903868564548,5.7,2.6,10.2,2.8,6.728571428571428,6.464285714285714
2022-04-11,7.1,1.9,12.7,101,0.986146248341595,-0.16587819893463143,5.1,2.6,8.9,3.9,7.057142857142856,6.135714285714286
2022-04-12,9.9,1.3,16.5,102,0.9831469737221499,-0.1828169249850199,7.1,1.9,12.7,7.0,7.514285714285713,5.871428571428572
2022-04-13,14.2,6.1,21.7,103,0.9798567700958665,-0.1997015525660636,9.9,1.3,16.5,10.5,7.928571428571428,6.007142857142858
2022-04-14,12.5,8.1,16.8,104,0.9762766110869321,-0.21652708524481437,14.2,6.1,21.7,10.2,8.457142857142856,6.642857142857143
2022-04-15,7.9,2.8,10.8,105,0.9724075561219968,-0.23328854407545518,12.5,8.1,16.8,7.0,8.785714285714283,7.264285714285713
2022-04-16,6.6,1.7,12.7,106,0.9682507501166718,-0.2499809690726521,7.9,2.8,10.8,5.7,8.914285714285713,7.564285714285714
2022-04-17,8.4,0.7,15.1,107,0.9638074231367307,-0.26659942067929354,6.6,1.7,12.7,5.1,9.042857142857143,7.885714285714286
2022-04-18,9.2,2.4,15.5,108,0.9590788900341131,-0.28313898122818354,8.4,0.7,15.1,7.1,9.514285714285714,8.285714285714286
2022-04-19,8.7,3.1,13.5,109,0.9540665500578387,-0.2995947563972602,9.2,2.4,15.5,9.9,9.814285714285713,8.664285714285715
2022-04-20,9.5,5.6,14.2,110,0.9487718864399473,-0.31596187665790293,8.7,3.1,13.5,14.2,9.64285714285714,8.785714285714286
2022-04-21,9.5,6.9,12.0,111,0.9431964659565866,-0.33223549871590435,9.5,5.6,14.2,12.5,8.97142857142857,8.714285714285714
2022-04-22,9.5,4.7,13.7,112,0.9373419384643772,-0.3484108069446808,9.5,6.9,12.0,7.9,8.542857142857143,8.664285714285715
2022-04-23,11.5,4.4,17.6,113,0.9312100364121947,-0.3644830148102912,9.5,4.7,13.7,6.6,8.77142857142857,8.842857142857143
2022-04-24,11.1,4.8,17.2,114,0.9248025743285089,-0.38044736628785164,11.5,4.4,17.6,8.4,9.471428571428572,9.257142857142856
2022-04-25,8.8,5.1,13.7,115,0.9181214482844364,-0.39629913726891813,11.1,4.8,17.2,9.2,9.857142857142856,9.685714285714285
2022-04-26,11.5,3.7,17.4,116,0.9111686353326631,-0.41203363695942635,8.8,5.1,13.7,8.7,9.799999999999999,9.807142857142859
2022-04-27,12.1,6.2,17.9,117,0.9039461929224011,-0.42764620926777464,11.5,3.7,17.4,9.5,10.2,9.921428571428573
2022-04-28,11.5,4.9,17.6,118,0.8964562582905575,-0.44313223418263453,12.1,6.2,17.9,9.5,10.57142857142857,9.771428571428572
2022-04-29,12.9,5.3,19.2,119,0.8887010478292915,-0.45848712914008766,11.5,4.9,17.6,9.5,10.857142857142856,9.700000000000001
2022-04-30,13.1,7.2,19.8,120,0.8806828564301475,-0.47370635037968,12.9,5.3,19.2,11.5,11.342857142857142,10.057142857142859
2022-05-01,11.7,6.2,15.4,121,0.8724040568049612,-0.48878539428899265,13.1,7.2,19.8,11.1,11.57142857142857,10.521428571428572
2022-05-02,13.4,6.6,19.5,122,0.8638670987837349,-0.503719798736334,11.7,6.2,15.4,8.8,11.657142857142857,10.757142857142856
2022-05-03,13.0,7.7,18.4,123,0.8550745085896932,-0.518505144391157,13.4,6.6,19.5,11.5,12.314285714285713,11.057142857142859
2022-05-04,14.2,6.5,19.4,124,0.8460288880917339,-0.533137056031809,13.0,7.7,18.4,12.1,12.528571428571427,11.364285714285714
2022-05-05,14.3,9.4,18.9,125,0.8367329140344921,-0.5476112038402312,14.2,6.5,19.4,11.5,12.828571428571426,11.7
2022-05-06,14.4,6.5,20.0,126,0.8271893372462497,-0.5619233046832195,14.3,9.4,18.9,12.9,13.228571428571428,12.042857142857143
2022-05-07,17.0,10.2,22.7,127,0.8174009818249189,-0.5760691233798758,14.4,6.5,20.0,13.1,13.44285714285714,12.392857142857142
2022-05-08,14.9,8.5,19.7,128,0.8073707443023492,-0.5900444739548627,17.0,10.2,22.7,11.7,14.0,12.785714285714286
2022-05-09,14.6,6.4,21.3,129,0.7971015927871943,-0.6038452208771035,14.9,8.5,19.7,13.4,14.457142857142856,13.057142857142859
2022-05-10,19.7,10.0,26.9,130,0.7865965660866021,-0.6174672802835514,14.6,6.4,21.3,13.0,14.62857142857143,13.471428571428572
2022-05-11,21.7,15.7,28.9,131,0.7758587728069828,-0.6309066211876704,19.7,10.0,26.9,14.2,15.585714285714285,14.057142857142855
2022-05-12,16.6,13.2,20.4,132,0.7648913904341225,-0.6441592666722685,21.7,15.7,28.9,14.3,16.657142857142855,14.742857142857142
2022-05-13,15.2,9.6,19.1,133,0.753697664392914,-0.6572212950663319,16.6,13.2,20.4,14.4,16.985714285714288,15.107142857142858
2022-05-14,15.7,10.9,20.7,134,0.742280907086982,-0.6700888411055113,15.2,9.6,19.1,17.0,17.099999999999998,15.27142857142857
2022-05-15,15.4,7.9,22.1,135,0.7306444969184916,-0.6827580970759147,15.7,10.9,20.7,14.9,16.914285714285715,15.457142857142856
2022-05-16,18.6,9.9,26.0,136,0.7187918772884232,-0.6952253139408722,15.4,7.9,22.1,14.6,16.985714285714284,15.721428571428572
2022-05-17,17.3,12.9,22.0,137,0.7067265555776158,-0.7074868024503348,18.6,9.9,26.0,19.7,17.557142857142857,16.092857142857145
2022-05-18,18.5,11.1,24.6,138,0.6944521021088763,-0.719538934232584,17.3,12.9,22.0,21.7,17.21428571428571,16.4
2022-05-19,22.3,14.5,28.7,139,0.6819721490904629,-0.7313781428679254,18.5,11.1,24.6,16.6,16.757142857142856,16.70714285714286
2022-05-20,20.5,16.7,25.9,140,0.6692903895412567,-0.7430009249440493,22.3,14.5,28.7,15.2,17.571428571428573,17.27857142857143
2022-05-21,15.6,11.9,19.1,141,0.6564105761979381,-0.7544038410927472,20.5,16.7,25.9,15.7,18.328571428571426,17.714285714285715
2022-05-22,14.6,10.2,19.5,142,0.6433365204044917,-0.765583517007675,15.6,11.9,19.1,15.4,18.314285714285713,17.614285714285714
2022-05-23,17.7,9.9,23.0,143,0.6300720909843687,-0.7765366444428655,14.6,10.2,19.5,18.6,18.2,17.59285714285714
2022-05-24,17.6,11.8,23.0,144,0.6166212130956382,-0.7872599821916922,17.7,9.9,23.0,17.3,18.07142857142857,17.814285714285713
2022-05-25,16.1,9.6,20.9,145,0.6029878670694714,-0.7977503570459932,17.6,11.8,23.0,18.5,18.11428571428571,17.664285714285715
2022-05-26,17.2,13.9,21.3,146,0.5891760872322963,-0.8080046647350754,16.1,9.6,20.9,22.3,17.77142857142857,17.264285714285716
2022-05-27,14.0,8.5,18.5,147,0.5751899607119775,-0.8180198708443174,17.2,13.9,21.3,20.5,17.04285714285714,17.307142857142857
2022-05-28,11.4,8.6,16.3,148,0.5610336262283677,-0.8277930117131022,14.0,8.5,18.5,15.6,16.114285714285714,17.22142857142857
2022-05-29,12.0,9.6,15.2,149,0.5467112728685939,-0.8373211953118121,11.4,8.6,16.3,14.6,15.514285714285714,16.914285714285715
2022-05-30,12.2,7.9,17.5,150,0.5322271388474397,-0.8466016020976267,12.0,9.6,15.2,17.7,15.14285714285714,16.67142857142857
2022-05-31,14.9,7.9,21.0,151,0.5175855102531889,-0.8556314858488706,12.2,7.9,17.5,17.6,14.357142857142856,16.214285714285715
2022-06-01,15.2,11.9,20.1,152,0.5027907197793043,-0.8644081744776648,14.9,7.9,21.0,16.1,13.971428571428572,16.04285714285714
2022-06-02,14.6,10.0,19.7,153,0.4878471454423119,-0.8729290708206411,15.2,11.9,20.1,17.2,13.84285714285714,15.807142857142859
2022-06-03,18.6,7.9,25.9,154,0.47275920928627757,-0.881191653407483,14.6,10.0,19.7,14.0,13.471428571428572,15.257142857142856
2022-06-04,19.0,12.2,24.6,155,0.4575313760742512,-0.8891934772070711,18.6,7.9,25.9,11.4,14.12857142857143,15.12142857142857
2022-06-05,20.7,10.1,28.4,156,0.44216815196707204,-0.8969321743510065,19.0,12.2,24.6,12.0,15.214285714285714,15.364285714285714
2022-06-06,20.1,14.7,25.9,157,0.42667408318992467,-0.9044054548343001,20.7,10.1,28.4,12.2,16.457142857142856,15.8
2022-06-07,19.2,13.1,24.9,158,0.4110537546870351,-0.9116111071930239,20.1,14.7,25.9,14.9,17.585714285714285,15.971428571428572
2022-06-08,20.6,14.2,26.4,159,0.3953117887649151,-0.9185469991587165,19.2,13.1,24.9,15.2,18.2,16.085714285714285
2022-06-09,18.6,15.7,21.6,160,0.37945284372454435,-0.925211078289358,20.6,14.2,26.4,14.6,18.97142857142857,16.407142857142855
2022-06-10,19.8,12.8,25.9,161,0.36348161248290634,-0.9316013725767187,18.6,15.7,21.6,18.6,19.542857142857144,16.50714285714286
2022-06-11,22.4,16.5,27.4,162,0.3474028211842774,-0.9377159910299093,19.8,12.8,25.9,19.0,19.714285714285715,16.92142857142857
2022-06-12,21.0,15.3,27.0,163,0.3312212278016865,-0.9435531242349544,22.4,16.5,27.4,20.7,20.2,17.70714285714286
2022-06-13,16.9,12.2,21.8,164,0.31494162072895193,-0.9491110448902284,21.0,15.3,27.0,20.1,20.24285714285714,18.35
2022-06-14,15.2,10.5,20.8,165,0.2985688173637202,-0.9543881083175908,16.9,12.2,21.8,19.2,19.785714285714285,18.685714285714283
2022-06-15,18.7,8.7,26.3,166,0.2821076626819194,-0.9593827529490743,15.2,10.5,20.8,20.6,19.214285714285715,18.70714285714286
2022-06-16,19.2,13.0,25.1,167,0.26556302780405594,-0.9640935007889755,18.7,8.7,26.3,18.6,18.942857142857143,18.957142857142856
2022-06-17,20.8,13.2,26.7,168,0.24893980855376657,-0.9685189578512204,19.2,13.0,25.1,19.8,19.02857142857143,19.285714285714285
2022-06-18,26.9,17.7,34.6,169,0.23224292400907015,-0.9726578145718654,20.8,13.2,26.7,22.4,19.17142857142857,19.442857142857143
2022-06-19,25.1,14.7,37.1,170,0.21547731504673012,-0.976508846196619,26.9,17.7,34.6,21.0,19.814285714285713,20.00714285714286
2022-06-20,14.5,11.5,18.2,171,0.19864794288017112,-0.9800709131432666,25.1,14.7,37.1,16.9,20.4,20.321428571428573
2022-06-21,18.1,10.7,25.0,172,0.18175978759137534,-0.9833429613388902,14.5,11.5,18.2,15.2,20.057142857142857,19.92142857142857
2022-06-22,21.3,11.7,28.3,173,0.16481784665719793,-0.9863240225317866,18.1,10.7,25.0,18.7,20.471428571428568,19.842857142857145
2022-06-23,23.6,14.0,30.5,174,0.14782713347053048,-0.9890132145779883,21.3,11.7,28.3,19.2,20.842857142857138,19.892857142857142
2022-06-24,25.4,18.5,33.3,175,0.13079267585675922,-0.9914097417023038,23.6,14.0,30.5,20.8,21.47142857142857,20.25
2022-06-25,23.9,19.0,30.3,176,0.11371951458594969,-0.9935128947338007,25.4,18.5,33.3,26.9,22.128571428571426,20.650000000000002
2022-06-26,26.3,18.5,32.6,177,0.0966127018812031,-0.9953220513156602,23.9,19.0,30.3,25.1,21.7,20.757142857142856
2022-06-27,28.1,20.4,35.6,178,0.07947729992362097,-0.9968366760893436,26.3,18.5,32.6,14.5,21.87142857142857,21.135714285714283
2022-06-28,21.4,17.0,26.9,179,0.062318379354325076,-0.998056320853012,28.1,20.4,35.6,18.1,23.814285714285713,21.935714285714287
2022-06-29,21.4,16.4,25.3,180,0.04514101777397193,-0.9989806246941579,21.4,17.0,26.9,21.3,24.285714285714285,22.37857142857143
2022-06-30,23.3,18.9,28.1,181,0.02795029824021032,-0.999609314096404,21.4,16.4,25.3,23.6,24.3,22.571428571428573
2022-07-01,19.5,15.1,26.9,182,0.01075130776352193,-0.9999422030204416,23.3,18.9,28.1,25.4,24.257142857142856,22.86428571428571
2022-07-02,20.8,13.0,27.2,183,-0.00645086419810515,-0.9999791929590823,19.5,15.1,26.9,23.9,23.41428571428571,22.771428571428572
2022-07-03,24.3,15.8,30.3,184,-0.023651127245231586,-0.9997202729664083,20.8,13.0,27.2,26.3,22.97142857142857,22.335714285714285
2022-07-04,21.2,15.6,25.6,185,-0.04084439154329611,-0.9991655196610109,24.3,15.8,30.3,28.1,22.685714285714287,22.278571428571432
2022-07-05,20.5,14.4,26.0,186,-0.05802556932878035,-0.9983150972033183,21.2,15.6,25.6,21.4,21.7,22.75714285714286
2022-07-06,17.8,14.7,20.8,187,-0.07518957641475855,-0.9971692572470178,20.5,14.4,26.0,21.4,21.571428571428573,22.928571428571427
2022-07-07,15.6,12.7,20.6,188,-0.09233133369539122,-0.9957283388645872,17.8,14.7,20.8,23.3,21.057142857142853,22.678571428571427
2022-07-08,17.1,14.4,20.9,189,-0.10944576864891556,-0.993992768446958,15.6,12.7,20.6,19.5,19.957142857142856,22.107142857142858
2022-07-09,16.4,12.5,20.7,190,-0.12652781683868314,-0.9919630595773397,17.1,14.4,20.9,20.8,19.614285714285717,21.514285714285712
2022-07-10,16.1,13.0,20.5,191,-0.1435724234118113,-0.9896398128792412,16.4,12.5,20.7,24.3,18.985714285714288,20.978571428571428
2022-07-11,17.9,11.7,23.8,192,-0.16057454459499376,-0.9870237158387383,16.1,13.0,20.5,21.2,17.814285714285713,20.25
2022-07-12,20.8,12.2,27.5,193,-0.17752914918703497,-0.984115542601034,17.9,11.7,23.8,20.5,17.342857142857145,19.521428571428572
2022-07-13,24.1,16.8,30.9,194,-0.19443122004766195,-0.9809161537413774,20.8,12.2,27.5,17.8,17.385714285714286,19.478571428571428
2022-07-14,19.6,14.7,25.0,195,-0.2112757555821793,-0.9774264960104055,24.1,16.8,30.9,15.6,18.285714285714285,19.67142857142857
2022-07-15,16.8,12.2,21.2,196,-0.2280577712215198,-0.9736476020539838,19.6,14.7,25.0,17.1,18.857142857142858,19.407142857142855
2022-07-16,17.9,13.8,22.3,197,-0.24477230089725957,-0.9695805901076308,16.8,12.2,21.2,16.4,18.814285714285713,19.214285714285715
2022-07-17,17.7,11.1,24.1,198,-0.2614143985111562,-0.965226663665613,17.9,13.8,22.3,16.1,19.02857142857143,19.00714285714286
2022-07-18,22.9,14.0,29.2,199,-0.2779791393987801,-0.9605871111248129,17.7,11.1,24.1,17.9,19.25714285714286,18.535714285714285
2022-07-19,27.1,15.4,35.8,200,-0.2944616217868012,-0.9556633054034704,22.9,14.0,29.2,20.8,19.971428571428568,18.657142857142855
2022-07-20,30.0,19.3,37.9,201,-0.3108569682435036,-0.9504567035349151,27.1,15.4,35.8,24.1,20.87142857142857,19.12857142857143
2022-07-21,24.8,20.0,29.7,202,-0.3271603271220951,-0.9449688462364056,30.0,19.3,37.9,19.6,21.714285714285715,20.0
2022-07-22,21.2,17.4,25.5,203,-0.34336687399638804,-0.939201357453208,24.8,20.0,29.7,16.8,22.457142857142856,20.657142857142862
2022-07-23,18.9,14.6,24.8,204,-0.3594718130884232,-0.9331559438780432,21.2,17.4,25.5,17.9,23.085714285714285,20.95
2022-07-24,21.5,12.8,28.7,205,-0.3754703786876202,-0.9268343944460494,18.9,14.6,24.8,17.7,23.228571428571424,21.12857142857143
2022-07-25,26.0,18.0,35.7,206,-0.3913578365610259,-0.9202385798054075,21.5,12.8,28.7,22.9,23.77142857142857,21.514285714285712
2022-07-26,19.8,16.3,24.5,207,-0.4071294853542516,-0.9133704517637858,26.0,18.0,35.7,27.1,24.21428571428571,22.092857142857145
2022-07-27,17.1,12.6,21.5,208,-0.4227806579826773,-0.9062320427107697,19.8,16.3,24.5,30.0,23.17142857142857,22.021428571428572
2022-07-28,18.1,10.5,24.1,209,-0.4383067230125192,-0.898825465016444,17.1,12.6,21.5,24.8,21.328571428571426,21.521428571428572
2022-07-29,22.0,14.7,28.9,210,-0.45370308603134424,-0.8911529104063088,18.1,10.5,24.1,21.2,20.37142857142857,21.414285714285715
2022-07-30,21.8,16.6,26.9,211,-0.46896519100763184,-0.8832166493127127,22.0,14.7,28.9,18.9,20.485714285714284,21.785714285714285
2022-07-31,22.9,13.8,29.0,212,-0.48408852163897587,-0.8750190302029955,21.8,16.6,26.9,21.5,20.900000000000002,22.064285714285713
2022-08-01,21.3,17.5,25.4,213,-0.4990686026885319,-0.8665624788845385,22.9,13.8,29.0,26.0,21.099999999999998,22.435714285714283
2022-08-02,22.5,16.5,28.4,214,-0.5139010013093103,-0.8578494977869301,21.3,17.5,25.4,19.8,20.428571428571427,22.321428571428573
2022-08-03,27.0,19.1,34.4,215,-0.5285813283559292,-0.8488826652214553,22.5,16.5,28.4,17.1,20.814285714285713,21.99285714285714
2022-08-04,29.7,18.9,37.3,216,-0.5431052396834317,-0.8396646346181327,27.0,19.1,34.4,18.1,22.228571428571428,21.77857142857143
2022-08-05,23.2,16.0,29.1,217,-0.5574684374327892,-0.8301981337405212,29.7,18.9,37.3,22.0,23.885714285714283,22.128571428571426
2022-08-06,18.0,13.2,23.8,218,-0.5716666713027052,-0.8204859638785327,23.2,16.0,29.1,21.8,24.057142857142857,22.271428571428572
2022-08-07,19.0,11.5,25.5,219,-0.5856957398073508,-0.8105309990194823,18.0,13.2,23.8,22.9,23.514285714285712,22.20714285714286
2022-08-08,21.2,13.1,28.3,220,-0.5995514915196489,-0.8003361849976323,19.0,11.5,25.5,21.3,22.957142857142856,22.028571428571432
2022-08-09,22.3,16.6,28.2,221,-0.6132298262997502,-0.7899045386224707,21.2,13.1,28.3,22.5,22.942857142857143,21.685714285714287
2022-08-10,22.2,14.3,29.1,222,-0.6267266965083301,-0.7792391467859886,22.3,16.6,28.2,27.0,22.914285714285715,21.864285714285717
2022-08-11,23.6,14.9,30.1,223,-0.6400381082043503,-0.7683431655492202,22.2,14.3,29.1,29.7,22.228571428571428,22.228571428571428
2022-08-12,23.9,15.5,30.2,224,-0.65316012232693,-0.7572198192083127,23.6,14.9,30.1,23.2,21.357142857142858,22.62142857142857
2022-08-13,24.0,18.6,29.4,225,-0.666088855860977,-0.7458723993404063,23.9,15.5,30.2,18.0,21.457142857142856,22.75714285714286
2022-08-14,26.3,20.2,32.4,226,-0.6788204829862355,-0.734304263829602,24.0,18.6,29.4,19.0,22.314285714285713,22.914285714285715
2022-08-15,23.8,19.3,31.7,227,-0.6913512362094071,-0.722518835873311,26.3,20.2,32.4,21.2,23.357142857142858,23.157142857142862
2022-08-16,24.0,18.1,30.3,228,-0.7036774074790128,-0.7105196029692745,23.8,19.3,31.7,22.3,23.728571428571428,23.335714285714285
2022-08-17,26.3,18.1,32.3,229,-0.7157953492826642,-0.6983101158835584,24.0,18.1,30.3,22.2,23.971428571428568,23.442857142857143
2022-08-18,25.7,20.1,34.4,230,-0.7277014757264236,-0.6858939875998223,26.3,18.1,32.3,23.6,24.557142857142857,23.392857142857142
2022-08-19,21.7,19.9,24.0,231,-0.7393922635959241,-0.673274892250183,25.7,20.1,34.4,23.9,24.857142857142854,23.107142857142858
2022-08-20,20.2,19.3,22.1,232,-0.7508642533989489,-0.6604565640279754,21.7,19.9,24.0,24.0,24.542857142857144,23.0
2022-08-21,19.8,15.3,25.3,233,-0.7621140503891487,-0.6474427960827475,20.2,19.3,22.1,26.3,24.0,23.157142857142855
2022-08-22,19.6,13.7,24.4,234,-0.7731383255706026,-0.6342374393978054,19.8,15.3,25.3,23.8,23.071428571428573,23.214285714285715
2022-08-23,20.9,17.5,25.9,235,-0.7839338166829201,-0.620844401650647,19.6,13.7,24.4,24.0,22.471428571428568,23.099999999999998
2022-08-24,21.5,16.3,27.5,236,-0.7944973291665992,-0.6072676460566135,20.9,17.5,25.9,26.3,22.02857142857143,23.0
2022-08-25,22.5,17.3,28.2,237,-0.8048257371083452,-0.593511190196115,21.5,16.3,27.5,25.7,21.342857142857145,22.95
2022-08-26,22.0,19.1,29.2,238,-0.8149159841660791,-0.5795791048257612,22.5,17.3,28.2,21.7,20.885714285714283,22.871428571428574
2022-08-27,20.5,18.2,24.2,239,-0.8247650844733614,-0.5654755126737576,22.0,19.1,29.2,20.2,20.928571428571427,22.735714285714288
2022-08-28,17.7,14.8,21.8,240,-0.8343701235229538,-0.5512045872199277,20.5,18.2,24.2,19.8,20.971428571428568,22.485714285714288
2022-08-29,16.8,12.9,23.5,241,-0.8437282590292712,-0.5367705514607103,17.7,14.8,21.8,19.6,20.67142857142857,21.87142857142857
2022-08-30,17.5,13.2,23.0,242,-0.8528367217694595,-0.522177676659508,16.8,12.9,23.5,20.9,20.271428571428572,21.371428571428574
2022-08-31,17.9,13.5,22.9,243,-0.8616928164028522,-0.5074302810827518,17.5,13.2,23.0,21.5,19.785714285714285,20.907142857142862
2022-09-01,17.1,13.0,23.0,244,-0.8702939222685674,-0.49253272872205434,17.9,13.5,22.9,22.5,19.27142857142857,20.307142857142857
2022-09-02,17.0,11.5,22.1,245,-0.8786374941610001,-0.4774894280028391,17.1,13.0,23.0,22.0,18.5,19.692857142857147
2022-09-03,16.7,10.7,22.5,246,-0.886721063082993,-0.46230483047981086,17.0,11.5,22.1,20.5,17.785714285714285,19.357142857142858
2022-09-04,18.3,12.8,24.5,247,-0.8945422369764496,-0.4469834295196741,16.7,10.7,22.5,17.7,17.24285714285714,19.107142857142858
2022-09-05,18.5,13.2,24.1,248,-0.9020987014301837,-0.43152975897147144,18.3,12.8,24.5,16.8,17.328571428571426,19.0
2022-09-06,18.1,13.2,22.6,249,-0.9093882203647925,-0.4159483918249421,18.5,13.2,24.1,17.5,17.571428571428573,18.92142857142857
2022-09-07,19.5,13.6,25.7,250,-0.9164086366943458,-0.4002439388573056,18.1,13.2,22.6,17.9,17.657142857142855,18.72142857142857
2022-09-08,16.5,14.8,18.0,251,-0.9231578729647039,-0.38442104726885545,19.5,13.6,25.7,17.1,17.885714285714283,18.57857142857143
2022-09-09,17.6,13.4,23.1,252,-0.9296339319682695,-0.3684843993077793,16.5,14.8,18.0,17.0,17.8,18.150000000000002
2022-09-10,16.9,12.5,21.9,253,-0.9358348973349941,-0.35243871088460327,17.6,13.4,23.1,16.7,17.885714285714283,17.835714285714285
2022-09-11,15.7,12.9,19.7,254,-0.9417589340994617,-0.33628873017668287,16.9,12.5,21.9,18.3,17.914285714285715,17.57857142857143
2022-09-12,15.5,11.0,21.0,255,-0.9474042892438845,-0.32003923622313857,15.7,12.9,19.7,18.5,17.54285714285714,17.435714285714287
2022-09-13,15.3,13.8,20.3,256,-0.9527692922168511,-0.30369503751065885,15.5,11.0,21.0,18.1,17.114285714285714,17.342857142857145
2022-09-14,15.2,12.0,18.9,257,-0.9578523554276669,-0.28726097055059635,15.3,13.8,20.3,19.5,16.71428571428571,17.185714285714287
2022-09-15,14.5,11.9,18.6,258,-0.9626519747161487,-0.2707418984477642,15.2,12.0,18.9,16.5,16.1,16.992857142857144
2022-09-16,13.6,10.5,18.3,259,-0.9671667297977312,-0.2541427094613622,14.5,11.9,18.6,17.6,15.814285714285713,16.807142857142857
2022-09-17,12.4,10.0,16.5,260,-0.97139528468375,-0.23746831555846842,13.6,10.5,18.3,16.9,15.242857142857142,16.564285714285713
2022-09-18,10.9,8.8,14.7,261,-0.9753363880767837,-0.2207236509605022,12.4,10.0,16.5,15.7,14.599999999999998,16.257142857142856
2022-09-19,10.8,8.5,16.1,262,-0.9789888737409319,-0.20391367068311472,10.9,8.8,14.7,15.5,13.914285714285713,15.72857142857143
2022-09-20,10.5,7.0,15.1,263,-0.9823516608469237,-0.18704334906991657,10.8,8.5,16.1,15.3,13.242857142857144,15.178571428571429
2022-09-21,11.1,6.2,16.6,264,-0.9854237542919524,-0.17011767832049052,10.5,7.0,15.1,15.2,12.557142857142859,14.635714285714284
2022-09-22,11.1,5.4,16.7,265,-0.9882042449941422,-0.15314166701312007,11.1,6.2,16.6,14.5,11.971428571428572,14.035714285714286
2022-09-23,11.4,3.9,17.6,266,-0.9906923101615609,-0.13612033862266704,11.1,5.4,16.7,13.6,11.485714285714284,13.65
2022-09-24,12.6,9.1,16.5,267,-0.9928872135356962,-0.11905873003404988,11.4,3.9,17.6,12.4,11.171428571428569,13.207142857142856
2022-09-25,14.3,10.9,19.5,268,-0.994788305609327,-0.10196189005174576,12.6,9.1,16.5,10.9,11.2,12.900000000000002
2022-09-26,13.6,10.8,17.3,269,-0.9963950238187231,-0.08483487790576538,14.3,10.9,19.5,10.8,11.685714285714285,12.799999999999999
2022-09-27,11.2,7.9,13.7,270,-0.9977068927101168,-0.06768276175455162,13.6,10.8,17.3,10.5,12.085714285714285,12.664285714285715
2022-09-28,9.4,7.1,12.3,271,-0.9987235240803972,-0.050510617185222886,11.2,7.9,13.7,11.1,12.185714285714285,12.37142857142857
2022-09-29,9.6,5.2,14.7,272,-0.9994446170919858,-0.033323525711631344,9.4,7.1,12.3,11.1,11.94285714285714,11.957142857142857
2022-09-30,10.7,3.2,17.5,273,-0.9998699583618592,-0.016126573270657762,9.6,5.2,14.7,11.4,11.728571428571428,11.607142857142858
2022-10-01,10.4,7.0,13.2,274,-0.9999994220246925,0.001075151282798226,10.7,3.2,17.5,12.6,11.628571428571425,11.4
2022-10-02,12.5,10.0,16.7,275,-0.999832969770105,0.018276557681691223,10.4,7.0,13.2,14.3,11.314285714285713,11.257142857142856
2022-10-03,13.1,10.9,16.0,276,-0.9993706508539969,0.03547255575312556,12.5,10.0,16.7,13.6,11.057142857142855,11.37142857142857
2022-10-04,13.6,10.7,17.7,277,-0.9986126020839734,0.052658056924614005,13.1,10.9,16.0,11.2,10.985714285714284,11.535714285714286
2022-10-05,14.5,9.9,20.2,278,-0.9975590477788613,0.06982797572987089,13.6,10.7,17.7,9.4,11.328571428571426,11.757142857142856
2022-10-06,14.9,6.7,17.9,279,-0.9962102997023297,0.0869772313136861,14.5,9.9,20.2,9.6,12.057142857142855,12.0
2022-10-07,11.8,5.0,18.1,280,-0.9945667569706337,0.1041007489354256,14.9,6.7,17.9,10.7,12.814285714285713,12.27142857142857
2022-10-08,11.6,8.7,15.7,281,-0.9926289059345095,0.121193461470736,11.8,5.0,18.1,10.4,12.971428571428572,12.299999999999999
2022-10-09,10.6,5.2,15.9,282,-0.9903973200352558,0.1382503109109819,11.6,8.7,15.7,12.5,13.142857142857142,12.228571428571428
2022-10-10,11.6,5.8,17.5,283,-0.9878726596350429,0.15526624985999563,10.6,5.2,15.9,13.1,12.87142857142857,11.964285714285714
2022-10-11,10.2,4.2,15.5,284,-0.9850556718215013,0.172236243027682,11.6,5.8,17.5,13.6,12.657142857142857,11.82142857142857
2022-10-12,9.3,2.3,15.6,285,-0.981947190186646,0.18915526872004093,10.2,4.2,15.5,14.5,12.171428571428569,11.75
2022-10-13,10.6,4.9,17.2,286,-0.9785481345802031,0.20601832032517084,9.3,2.3,15.6,14.9,11.428571428571427,11.742857142857142
2022-10-14,12.3,4.5,17.4,287,-0.9748595108374125,0.22282040779479959,10.6,4.9,17.2,11.8,10.814285714285715,11.814285714285715
2022-10-15,15.0,12.3,18.9,288,-0.9708824104813836,0.23955655912092708,12.3,4.5,17.4,11.6,10.885714285714284,11.928571428571429
2022-10-16,15.6,9.8,20.6,289,-0.9666180104000972,0.2562218218071163,15.0,12.3,18.9,10.6,11.37142857142857,12.257142857142856
2022-10-17,17.9,11.8,24.8,290,-0.9620675724981452,0.27281126433401914,15.6,9.8,20.6,11.6,12.085714285714285,12.478571428571428
2022-10-18,14.5,10.2,17.2,291,-0.957232443323312,0.28931997761869527,17.9,11.8,24.8,10.2,12.985714285714284,12.821428571428571
2022-10-19,10.6,5.1,14.1,292,-0.9521140536681102,0.3057430764672831,14.5,10.2,17.2,9.3,13.599999999999998,12.885714285714286
2022-10-20,8.6,2.8,14.3,293,-0.9467139181463862,0.3220757010206104,10.6,5.1,14.1,10.6,13.785714285714283,12.607142857142858
2022-10-21,12.1,8.1,15.6,294,-0.9410336347451197,0.3383130181923076,8.6,2.8,14.3,12.3,13.5,12.157142857142858
2022-10-22,15.0,12.6,18.9,295,-0.9350748843515574,0.3544502230989869,12.1,8.1,15.6,15.0,13.47142857142857,12.178571428571429
2022-10-23,14.5,9.0,18.9,296,-0.9288394302558068,0.3704825404820963,15.0,12.6,18.9,15.6,13.47142857142857,12.421428571428573
2022-10-24,15.5,12.0,19.2,297,-0.9223291176290545,0.3864052261209853,14.5,9.0,18.9,17.9,13.314285714285713,12.700000000000001
2022-10-25,13.7,8.6,17.6,298,-0.9155458729775467,0.40221356823680365,15.5,12.0,19.2,14.5,12.97142857142857,12.97857142857143
2022-10-26,12.6,6.6,18.5,299,-0.9084917035725082,0.41790288888678667,13.7,8.6,17.6,10.6,12.857142857142856,13.228571428571428
2022-10-27,14.7,9.7,20.3,300,-0.9011686968561569,0.4334685453485363,12.6,6.6,18.5,8.6,13.14285714285714,13.464285714285714
2022-10-28,17.0,10.8,23.1,301,-0.8935790198239952,0.4489059314938798,14.7,9.7,20.3,12.1,14.014285714285714,13.757142857142856
2022-10-29,16.9,13.7,21.0,302,-0.8857249183835637,0.4642104791518923,17.0,10.8,23.1,15.0,14.714285714285712,14.092857142857143
2022-10-30,15.3,9.2,21.9,303,-0.8776087166898392,0.4793776594606945,16.9,13.7,21.0,14.5,14.985714285714282,14.228571428571428
2022-10-31,12.9,8.7,18.8,304,-0.8692328164574792,0.49440298420761813,15.3,9.2,21.9,15.5,15.099999999999998,14.207142857142857
2022-11-01,13.4,8.5,17.2,305,-0.8605996962501181,0.5092820071573356,12.9,8.7,18.8,13.7,14.728571428571426,13.85
2022-11-02,10.7,6.1,15.5,306,-0.8517119107469189,0.5240103253675756,13.4,8.5,17.2,12.6,14.685714285714285,13.771428571428572
2022-11-03,8.6,4.3,12.5,307,-0.8425720899866032,0.5385835804920232,10.7,6.1,15.5,14.7,14.414285714285713,13.778571428571428
2022-11-04,9.5,7.5,11.2,308,-0.8331829385891785,0.5529974600700271,8.6,4.3,12.5,17.0,13.542857142857141,13.778571428571427
2022-11-05,8.6,5.2,12.0,309,-0.8235472349556007,0.5672476988027229,9.5,7.5,11.2,16.9,12.47142857142857,13.592857142857142
2022-11-06,7.4,4.4,11.6,310,-0.8136678304455991,0.5813300798152042,8.6,5.2,12.0,15.3,11.285714285714286,13.135714285714284
2022-11-07,10.9,6.4,14.7,311,-0.8035476485339116,0.5952404359043674,7.4,4.4,11.6,12.9,10.157142857142857,12.628571428571428
2022-11-08,12.4,8.7,16.6,312,-0.7931896839451843,0.6089746507720486,10.9,6.4,14.7,13.4,9.87142857142857,12.299999999999999
2022-11-09,12.4,10.5,14.9,313,-0.7825970017677834,0.6225286602431057,12.4,8.7,16.6,10.7,9.728571428571428,12.207142857142857
2022-11-10,12.1,9.5,14.7,314,-0.7717727365467836,0.6358984534680745,12.4,10.5,14.9,8.6,9.97142857142857,12.192857142857145
2022-11-11,9.9,5.6,12.7,315,-0.7607200913564104,0.6490800741100398,12.1,9.5,14.7,9.5,10.471428571428572,12.007142857142856
2022-11-12,7.4,1.8,13.6,316,-0.7494423368521954,0.6620696215153815,9.9,5.6,12.7,8.6,10.528571428571427,11.5
2022-11-13,8.9,5.9,11.7,317,-0.7379428103031386,0.6748632518680403,7.4,1.8,13.6,7.4,10.357142857142858,10.821428571428573
2022-11-14,7.0,4.4,10.9,318,-0.7262249146041543,0.6874571793269664,8.9,5.9,11.7,10.9,10.571428571428571,10.364285714285714
2022-11-15,7.3,2.2,13.3,319,-0.7142921172691032,0.699847677146407,7.0,4.4,10.9,12.4,10.014285714285714,9.942857142857141
2022-11-16,5.7,4.1,6.4,320,-0.7021479494046978,0.7120310787787131,7.3,2.2,13.3,12.4,9.285714285714283,9.507142857142856
2022-11-17,3.9,1.6,5.1,321,-0.6897960046655887,0.7240037789593305,5.7,4.1,6.4,12.1,8.328571428571427,9.15
2022-11-18,-1.2,-5.0,1.6,322,-0.6772399381909491,0.7357622347736527,3.9,1.6,5.1,9.9,7.157142857142857,8.814285714285713
2022-11-19,-1.5,-6.4,2.0,323,-0.6644834655228552,0.7473029667054296,-1.2,-5.0,1.6,7.4,5.57142857142857,8.05
2022-11-20,-0.4,-2.8,1.3,324,-0.6515303615068021,0.75862255966641,-1.5,-6.4,2.0,8.9,4.299999999999999,7.328571428571429
2022-11-21,-1.8,-3.0,-0.8,325,-0.6383844591746642,0.7697176640069211,-0.4,-2.8,1.3,7.0,2.9714285714285706,6.771428571428571
2022-11-22,-0.1,-2.7,1.8,326,-0.6250496486104377,0.7805849965070866,-1.8,-3.0,-0.8,7.3,1.7142857142857133,5.864285714285715
2022-11-23,2.7,0.2,7.2,327,-0.6115298757991053,0.7912213413483807,-0.1,-2.7,1.8,5.7,0.6571428571428563,4.971428571428571
2022-11-24,2.3,0.1,5.1,328,-0.5978291414589552,0.801623551065242,2.7,0.2,7.2,3.9,0.22857142857142757,4.2785714285714285
2022-11-25,4.9,2.7,7.4,329,-0.5839514998576998,0.8117885474764613,2.3,0.1,5.1,-1.2,-1.0150610510858574e-15,3.5785714285714287
2022-11-26,7.6,7.2,8.2,330,-0.5699010576127624,0.8217133225960589,4.9,2.7,7.4,-1.5,0.8714285714285704,3.2214285714285715
2022-11-27,5.4,2.8,7.3,331,-0.5556819724760489,0.8313949395234058,7.6,7.2,8.2,-0.4,2.1714285714285704,3.235714285714286
2022-11-28,3.8,2.8,5.9,332,-0.5412984521036173,0.8408305333122887,5.4,2.8,7.3,-1.8,2.999999999999999,2.985714285714286
2022-11-29,3.9,2.8,4.9,333,-0.5267547528105542,0.8500173118187018,3.8,2.8,5.9,-0.1,3.7999999999999994,2.7571428571428567
2022-11-30,2.9,0.5,5.5,334,-0.5120551783114646,0.8589525565270845,3.9,2.8,4.9,2.7,4.37142857142857,2.5142857142857147
2022-12-01,0.5,-0.2,1.2,335,-0.4972040784469378,0.8676336233547726,2.9,0.5,5.5,2.3,4.3999999999999995,2.314285714285714
2022-12-02,0.6,-1.3,1.8,336,-0.4822058478963526,0.8760579434344281,0.5,-0.2,1.2,4.9,4.1428571428571415,2.0714285714285716
2022-12-03,-1.2,-2.0,-0.3,337,-0.46706492487743034,0.8842230238742036,0.6,-1.3,1.8,7.6,3.5285714285714276,2.2
2022-12-04,1.2,-0.4,2.7,338,-0.451785789832884,0.8921264484954345,-1.2,-2.0,-0.3,5.4,2.271428571428571,2.221428571428571
2022-12-05,3.2,2.6,4.1,339,-0.4363729641045924,0.8997658785476209,1.2,-0.4,2.7,3.8,1.6714285714285706,2.335714285714286
2022-12-06,2.5,1.8,3.4,340,-0.42083100859565564,0.9071390534005044,3.2,2.6,4.1,3.9,1.585714285714285,2.6928571428571426
2022-12-07,2.3,0.4,4.3,341,-0.4051645224207563,0.9142437912130223,2.5,1.8,3.4,2.9,1.3857142857142846,2.8785714285714286
2022-12-08,1.6,-2.0,3.4,342,-0.3893781415452015,0.9210779895789526,2.3,0.4,4.3,0.5,1.2999999999999992,2.8500000000000005
2022-12-09,-1.7,-4.4,-0.7,343,-0.37347653741307074,0.9276396261490467,1.6,-2.0,3.4,0.6,1.4571428571428562,2.8
2022-12-10,-1.7,-3.8,-0.8,344,-0.3574644155648614,0.9339267592294762,-1.7,-4.4,-0.7,-1.2,1.1285714285714277,2.3285714285714287
2022-12-11,-2.0,-2.7,-1.6,345,-0.34134651424503615,0.9399375283564133,-1.7,-3.8,-0.8,1.2,1.0571428571428563,1.6642857142857141
2022-12-12,-1.2,-1.9,-0.2,346,-0.3251276029999093,0.9456701548465688,-2.0,-2.7,-1.6,3.2,0.5999999999999991,1.1357142857142857
2022-12-13,-2.2,-6.1,-0.8,347,-0.30881248126625377,0.9511229423235357,-1.2,-1.9,-0.2,2.5,-0.028571428571429452,0.7785714285714285
2022-12-14,-6.4,-9.9,-3.3,348,-0.29240597695107734,0.9562942772197719,-2.2,-6.1,-0.8,2.3,-0.700000000000001,0.34285714285714286
2022-12-15,-6.8,-10.2,-2.7,349,-0.27591294500296043,0.9611826292540837,-6.4,-9.9,-3.3,1.6,-1.9428571428571437,-0.3214285714285715
2022-12-16,-4.8,-9.2,-1.4,350,-0.2593382659754056,0.9657865518844574,-6.8,-10.2,-2.7,-1.7,-3.1428571428571437,-0.8428571428571429
2022-12-17,-3.5,-6.3,-2.0,351,-0.2426868445825954,0.9701046827361175,-4.8,-9.2,-1.4,-1.7,-3.5857142857142867,-1.2285714285714284
2022-12-18,-5.8,-7.5,-4.3,352,-0.22596360824801906,0.974135744004672,-3.5,-6.3,-2.0,-2.0,-3.842857142857144,-1.3928571428571428
2022-12-19,0.0,-4.8,4.3,353,-0.20917350564635637,0.9778785428342386,-5.8,-7.5,-4.3,-1.2,-4.385714285714287,-1.8928571428571428
2022-12-20,6.1,4.1,8.1,354,-0.19232150523909483,0.9813319716704275,0.0,-4.8,4.3,-2.2,-4.214285714285715,-2.1214285714285714
2022-12-21,6.5,4.7,7.9,355,-0.17541259380427843,0.9844950085880858,6.1,4.1,8.1,-6.4,-3.0285714285714294,-1.8642857142857143
2022-12-22,7.2,5.4,9.0,356,-0.15845177496083632,0.9873667175937016,6.5,4.7,7.9,-6.8,-1.1857142857142868,-1.5642857142857143
2022-12-23,6.5,5.2,7.5,357,-0.14144406768794202,0.9899462489023779,7.2,5.4,9.0,-4.8,0.8142857142857134,-1.1642857142857144
2022-12-24,6.5,5.0,8.9,358,-0.12439450483979998,0.9922328391893008,6.5,5.2,7.5,-3.5,2.4285714285714275,-0.5785714285714286
2022-12-25,4.9,0.7,9.4,359,-0.10730813165636247,0.9942258118156161,6.5,5.0,8.9,-5.8,3.8571428571428563,0.0071428571428571175
2022-12-26,9.5,5.5,11.0,360,-0.09019000427034513,0.9959245770286599,4.9,0.7,9.4,0.0,5.385714285714285,0.5
2022-12-27,4.2,2.3,6.0,361,-0.07304518821104743,0.9973286321364752,9.5,5.5,11.0,6.1,6.742857142857141,1.2642857142857142
2022-12-28,6.3,3.4,8.9,362,-0.05587875690537313,0.9984375616565666,4.2,2.3,6.0,6.5,6.471428571428571,1.7214285714285713
2022-12-29,10.0,8.0,12.7,363,-0.03869579017652689,0.9992510374388481,6.3,3.4,8.9,7.2,6.442857142857142,2.6285714285714286
2022-12-30,7.6,5.0,9.7,364,-0.021501372740813793,0.999768818762748,10.0,8.0,12.7,6.5,6.842857142857142,3.8285714285714283
2022-12-31,14.8,9.2,17.9,365,-0.004300592702981974,0.9999907524084426,7.6,5.0,9.7,6.5,6.999999999999999,4.714285714285714
2023-01-01,14.5,10.5,16.2,1,0.017201575418260506,0.9998520419557735,14.8,9.2,17.9,4.9,8.185714285714285,6.021428571428571
2023-01-02,13.1,9.1,16.0,2,0.03439806061360801,0.9994082116062598,14.5,10.5,16.2,9.5,9.557142857142855,7.471428571428571
2023-01-03,5.6,1.7,9.4,3,0.051584366869408364,0.9986686402879997,13.1,9.1,16.0,4.2,10.071428571428571,8.407142857142857
2023-01-04,7.1,2.8,11.2,4,0.06875540848113941,0.9976335468520451,5.6,1.7,9.4,6.3,10.27142857142857,8.371428571428572
2023-01-05,8.2,2.3,10.4,5,0.08590610426133272,0.9963032375991965,7.1,2.8,11.2,10.0,10.385714285714284,8.414285714285715
2023-01-06,7.0,1.1,10.6,6,0.10303137904317879,0.9946781061893646,8.2,2.3,10.4,7.6,10.128571428571428,8.485714285714286
2023-01-07,8.3,5.8,10.2,7,0.1201261651823505,0.9927586335250793,7.0,1.1,10.6,14.8,10.042857142857143,8.52142857142857
2023-01-08,6.9,4.8,8.6,8,0.13718540405660057,0.9905453876091833,8.3,5.8,10.2,14.5,9.114285714285714,8.65
2023-01-09,6.3,3.8,8.5,9,0.1542040475626894,0.988039023376751,6.9,4.8,8.6,13.1,8.028571428571428,8.792857142857143
2023-01-10,6.3,3.8,8.4,10,0.17117705961019986,0.985240282501282,6.3,3.8,8.5,5.6,7.057142857142856,8.564285714285713
2023-01-11,6.8,4.2,8.8,11,0.18809941761179758,0.9821499931752291,6.3,3.8,8.4,7.1,7.157142857142857,8.714285714285714
2023-01-12,8.7,5.8,11.0,12,0.20496611396949532,0.9787690698649216,6.8,4.2,8.8,8.2,7.114285714285714,8.75
2023-01-13,9.2,6.9,10.4,13,0.22177215755648186,0.975098513039961,8.7,5.8,11.0,7.0,7.185714285714285,8.657142857142857
2023-01-14,7.4,6.5,8.7,14,0.23851257519407648,0.9711394088771653,9.2,6.9,10.4,8.3,7.499999999999999,8.77142857142857
2023-01-15,6.6,5.0,9.5,15,0.2551824131233728,0.9668929289391521,7.4,6.5,8.7,6.9,7.371428571428569,8.242857142857144
2023-01-16,4.9,2.9,7.8,16,0.2717767384711357,0.9623603298276545,6.6,5.0,9.5,6.3,7.328571428571427,7.678571428571429
2023-01-17,2.9,-4.5,5.0,17,0.2882906407095177,0.9575429528116719,4.9,2.9,7.8,6.3,7.128571428571427,7.0928571428571425
2023-01-18,0.0,-4.9,2.6,18,0.3047192331091634,0.9524422234305676,2.9,-4.5,5.0,6.8,6.6428571428571415,6.8999999999999995
2023-01-19,-1.0,-4.6,2.1,19,0.321057654185271,0.9470596510722283,0.0,-4.9,2.6,8.7,5.67142857142857,6.392857142857143
2023-01-20,0.5,-1.1,1.7,20,0.3373010691361842,0.9413968285264122,-1.0,-4.6,2.1,9.2,4.285714285714285,5.735714285714286
2023-01-21,1.1,-1.2,3.5,21,0.3534446712740877,0.9354554315134164,0.5,-1.1,1.7,7.4,3.042857142857142,5.271428571428571
2023-01-22,1.6,1.1,2.1,22,0.3694836834473831,0.9292372181882051,1.1,-1.2,3.5,6.6,2.142857142857142,4.757142857142858
2023-01-23,1.6,0.8,2.4,23,0.38541335945432564,0.9227440286201427,1.6,1.1,2.1,4.9,1.4285714285714275,4.378571428571429
2023-01-24,0.8,-0.3,1.6,24,0.4012289854475009,0.9159777842484877,1.6,0.8,2.4,2.9,0.9571428571428562,4.042857142857143
2023-01-25,0.8,-0.4,1.9,25,0.4169258813287287,0.908940487313808,0.8,-0.3,1.6,0.0,0.6571428571428563,3.65
2023-01-26,-0.7,-1.2,0.0,26,0.4324994021339788,0.901634220265486,0.8,-0.4,1.9,-1.0,0.7714285714285705,3.2214285714285715
2023-01-27,1.6,-1.6,3.7,27,0.44794493940789115,0.8940611451454876,-0.7,-1.2,0.0,0.5,0.8142857142857133,2.5500000000000003
2023-01-28,0.1,-3.3,1.6,28,0.4632579225674917,0.88622350294858,1.6,-1.6,3.7,1.1,0.9714285714285705,2.007142857142857
2023-01-29,1.1,-0.8,3.3,29,0.4784338202547012,0.8781236129591848,0.1,-3.3,1.6,1.6,0.8285714285714276,1.4857142857142858
2023-01-30,3.8,1.0,6.5,30,0.49346814167723735,0.8697638720650646,1.1,-0.8,3.3,1.6,0.7571428571428562,1.092857142857143
2023-01-31,4.3,2.4,6.6,31,0.5083564379375122,0.8611467540480452,3.8,1.0,6.5,0.8,1.0714285714285705,1.0142857142857142
2023-02-01,4.6,1.8,6.5,32,0.5230943033491326,0.8522748088519838,4.3,2.4,6.6,0.8,1.5714285714285705,1.1142857142857143
2023-02-02,4.1,0.4,7.1,33,0.5376773767406141,0.8431506618282,4.6,1.8,6.5,-0.7,2.1142857142857134,1.4428571428571428
2023-02-03,5.6,1.7,8.7,34,0.5521013427459208,0.8337770129585915,4.1,0.4,7.1,1.6,2.7999999999999994,1.807142857142857
2023-02-04,1.1,-3.3,4.6,35,0.5663619330814524,0.8241566360566663,5.6,1.7,8.7,0.1,3.37142857142857,2.1714285714285713
2023-02-05,-2.1,-5.8,1.3,36,0.580454927809098,0.8142923779467267,1.1,-3.3,4.6,1.1,3.5142857142857133,2.1714285714285713
2023-02-06,-2.6,-7.6,0.2,37,0.5943761565849831,0.804187157621448,-2.1,-5.8,1.3,3.8,3.057142857142856,1.907142857142857
2023-02-07,-2.7,-8.6,2.6,38,0.6081214998935418,0.7938439653781019,-2.6,-7.6,0.2,4.3,2.1428571428571415,1.607142857142857
2023-02-08,-2.0,-5.7,1.8,39,0.6216868902665479,0.7832658619336791,-2.7,-8.6,2.6,4.6,1.142857142857142,1.357142857142857
2023-02-09,-1.0,-5.2,3.3,40,0.6350683134867438,0.7724559775191742,-2.0,-5.7,1.8,4.1,0.19999999999999898,1.157142857142857
2023-02-10,2.9,0.3,5.9,41,0.6482618097757122,0.7614175109532997,-1.0,-5.2,3.3,5.6,-0.5285714285714296,1.1357142857142857
2023-02-11,5.8,2.5,7.5,42,0.6612634749656386,0.7501537286959042,2.9,0.3,5.9,1.1,-0.9142857142857151,1.2285714285714282
2023-02-12,7.3,5.7,9.0,43,0.6740694616546161,0.7386679638813748,5.8,2.5,7.5,-2.1,-0.24285714285714377,1.6357142857142857
2023-02-13,6.8,5.2,7.8,44,0.6866759803451553,0.726963615332308,7.3,5.7,9.0,-2.6,1.099999999999999,2.0785714285714283
2023-02-14,5.3,3.1,6.5,45,0.6990793005655562,0.7150441465537444,6.8,5.2,7.8,-2.7,2.442857142857142,2.2928571428571423
2023-02-15,2.7,-1.4,10.0,46,0.7112757519738152,0.7029130847082615,5.3,3.1,6.5,-2.0,3.585714285714285,2.3642857142857143
2023-02-16,6.4,0.2,12.3,47,0.7232617254437388,0.6905740195722293,2.7,-1.4,10.0,-1.0,4.257142857142856,2.2285714285714286
2023-02-17,9.2,6.8,13.0,48,0.7350336741329413,0.6780306024735382,6.4,0.2,12.3,2.9,5.314285714285714,2.392857142857143
2023-02-18,7.2,5.3,10.6,49,0.746588114532413,0.6652865452111116,9.2,6.8,13.0,5.8,6.2142857142857135,2.6499999999999995
2023-02-19,4.3,2.0,7.0,50,0.7579216274973472,0.6523456189565257,7.2,5.3,10.6,7.3,6.414285714285713,3.0857142857142854
2023-02-20,7.1,1.5,10.2,51,0.7690308592589181,0.6392116531380588,4.3,2.0,7.0,6.8,5.985714285714285,3.5428571428571423
2023-02-21,9.2,7.4,11.4,52,0.7799125224167177,0.6258885343075018,7.1,1.5,10.2,5.3,6.028571428571428,4.235714285714286
2023-02-22,7.2,4.5,9.6,53,0.7905633969115482,0.612380204990065,9.2,7.4,11.4,2.7,6.585714285714284,5.0857142857142845
2023-02-23,6.4,2.1,10.7,54,0.8009803309782905,0.5986906625177214,7.2,4.5,9.6,6.4,7.228571428571428,5.742857142857142
2023-02-24,3.6,1.9,6.5,55,0.8111602420785621,0.5848239578463322,6.4,2.1,10.7,9.2,7.228571428571427,6.271428571428571
2023-02-25,1.5,-0.7,4.0,56,0.8211001178128892,0.5707841943569036,3.6,1.9,6.5,7.2,6.428571428571428,6.321428571428571
2023-02-26,0.8,-2.5,4.1,57,0.8307970168121247,0.5565755266413303,1.5,-0.7,4.0,4.3,5.614285714285713,6.014285714285713
2023-02-27,0.5,-4.2,4.7,58,0.8402480696078469,0.5422021592729844,0.8,-2.5,4.1,7.1,5.114285714285713,5.549999999999999
2023-02-28,1.2,-3.8,5.5,59,0.8494504794814806,0.527668345562516,0.5,-4.2,4.7,9.2,4.17142857142857,5.1
2023-03-01,1.5,-5.8,7.9,60,0.8584015232918917,0.512978386299228,1.2,-3.8,5.5,7.2,3.0285714285714276,4.807142857142857
2023-03-02,0.1,-2.7,4.0,61,0.8670985522812081,0.4981366284784055,1.5,-5.8,7.9,6.4,2.214285714285713,4.721428571428571
2023-03-03,1.1,-1.7,3.8,62,0.8755389928586302,0.4831474640149687,0.1,-2.7,4.0,3.6,1.3142857142857134,4.271428571428571
2023-03-04,4.3,2.1,6.7,63,0.8837203473619977,0.4680153284438345,1.1,-1.7,3.8,1.5,0.9571428571428561,3.6928571428571426
2023-03-05,2.2,0.5,4.1,64,0.8916401947968874,0.45274469960737107,4.3,2.1,6.7,0.8,1.357142857142856,3.4857142857142853
2023-03-06,0.8,-1.9,3.3,65,0.8992961915530253,0.4373400963303323,2.2,0.5,4.1,0.5,1.5571428571428565,3.335714285714286
2023-03-07,1.5,-1.6,4.5,66,0.9066860720977985,0.4218060770826634,0.8,-1.9,3.3,1.2,1.5999999999999992,2.885714285714286
2023-03-08,1.0,-1.0,3.9,67,0.9138076496466615,0.4061472386305789,1.5,-1.6,4.5,1.5,1.642857142857142,2.335714285714286
2023-03-09,0.6,-0.1,1.3,68,0.9206588168102428,0.3903682146763026,1.0,-1.0,3.9,0.1,1.5714285714285705,1.8928571428571428
2023-03-10,3.3,0.7,8.4,69,0.9272375462179537,0.374473674486883,0.6,-0.1,1.3,1.1,1.642857142857142,1.4785714285714289
2023-03-11,1.2,0.3,3.3,70,0.9335418911179212,0.35846832151248087,3.3,0.7,8.4,4.3,1.9571428571428562,1.457142857142857
2023-03-12,3.0,-0.6,6.3,71,0.9395699859530622,0.342356891994542,1.2,0.3,3.3,2.2,1.5142857142857131,1.4357142857142857
2023-03-13,11.2,6.2,16.3,72,0.945320046913132,0.3261441535642696,3.0,-0.6,6.3,0.8,1.6285714285714274,1.5928571428571427
2023-03-14,9.1,1.0,13.9,73,0.9507903724625832,0.3098349038318025,11.2,6.2,16.3,1.5,3.114285714285713,2.357142857142857
2023-03-15,2.7,-0.1,7.8,74,0.9559793438440766,0.2934339689665273,9.1,1.0,13.9,1.0,4.199999999999998,2.9214285714285713
2023-03-16,4.5,-1.1,9.6,75,0.9608854255574977,0.27694620226893646,2.7,-0.1,7.8,0.6,4.442857142857141,3.007142857142857
2023-03-17,8.6,3.5,13.8,76,0.9655071658143364,0.2603764827344581,4.5,-1.1,9.6,3.3,4.999999999999999,3.3214285714285716
2023-03-18,12.0,6.9,18.1,77,0.969843196967294,0.24372971360968387,8.6,3.5,13.8,1.2,5.757142857142857,3.857142857142857
2023-03-19,11.2,6.4,16.2,78,0.9738922359149924,0.22701082094141847,12.0,6.9,18.1,3.0,7.299999999999999,4.4071428571428575
2023-03-20,10.1,8.5,12.2,79,0.9776530844816641,0.2102247521189836,11.2,6.4,16.2,11.2,8.47142857142857,5.049999999999999
2023-03-21,9.7,7.3,12.2,80,0.981124629771712,0.19337647441020586,10.1,8.5,12.2,9.1,8.314285714285713,5.714285714285714
2023-03-22,12.7,8.5,17.2,81,0.984305844499033,0.17647097349152166,9.7,7.3,12.2,2.7,8.399999999999999,6.3
2023-03-23,12.6,10.0,16.6,82,0.9871957872910085,0.15951325197263655,12.7,8.5,17.2,4.5,9.828571428571426,7.135714285714285
2023-03-24,12.6,8.7,16.4,83,0.9897936029670716,0.14250832791617088,12.6,10.0,16.6,8.6,10.985714285714284,7.992857142857143
2023-03-25,9.8,7.5,13.9,84,0.992098522791769,0.12546123335273648,12.6,8.7,16.4,12.0,11.557142857142855,8.657142857142857
2023-03-26,8.0,4.0,11.3,85,0.9941098647022418,0.10837701279187609,9.8,7.5,13.9,11.2,11.242857142857142,9.271428571428572
2023-03-27,3.4,0.7,7.3,86,0.9958270335100595,0.09126072172931188,8.0,4.0,11.3,10.1,10.785714285714283,9.62857142857143
2023-03-28,3.5,-0.2,7.8,87,0.9972495210773451,0.07411742515094437,3.4,0.7,7.3,9.7,9.828571428571427,9.071428571428571
2023-03-29,6.6,0.9,10.6,88,0.998376906467142,0.056952196034039754,3.5,-0.2,7.8,12.7,8.942857142857141,8.671428571428573
2023-03-30,11.7,8.4,18.9,89,0.9992088560679753,0.03977011384605572,6.6,0.9,10.6,12.6,8.071428571428571,8.95
2023-03-31,10.8,8.9,14.7,90,0.9997451236925734,0.022576263041545485,11.7,8.4,18.9,12.6,7.942857142857141,9.464285714285714
2023-04-01,7.5,3.1,11.8,91,0.9999855506507186,0.005375731557583884,10.8,8.9,14.7,9.8,7.685714285714285,9.62142857142857
2023-04-02,4.2,0.6,8.6,92,0.9999300657962057,-0.011826390691832589,7.5,3.1,11.8,8.0,7.357142857142856,9.299999999999999
2023-04-03,1.8,-1.7,5.7,93,0.9995786855478958,-0.029025013321975237,4.2,0.6,8.6,3.4,6.814285714285712,8.8
2023-04-04,2.1,-3.5,7.1,94,0.9989315138848577,-0.046215046983708354,1.8,-1.7,5.7,3.5,6.5857142857142845,8.207142857142857
2023-04-05,4.1,-1.8,8.1,95,0.9979887423155984,-0.06339140486951038,2.1,-3.5,7.1,6.6,6.385714285714285,7.664285714285714
2023-04-06,6.1,-0.6,11.4,96,0.9967506498213929,-0.08054900421874167,4.1,-1.8,8.1,11.7,6.028571428571427,7.05
2023-04-07,4.3,1.1,6.7,97,0.9952176027737294,-0.09768276782171598,6.1,-0.6,11.4,10.8,5.228571428571428,6.585714285714286
2023-04-08,7.7,2.8,13.0,98,0.9933900548258936,-0.11478762552212701,4.3,1.1,6.7,7.5,4.299999999999999,5.992857142857143
2023-04-09,7.0,0.0,13.9,99,0.9912685467787256,-0.13185851571739118,7.7,2.8,13.0,4.2,4.328571428571427,5.842857142857143
2023-04-10,10.5,0.6,16.6,100,0.9888537064205885,-0.1488903868564548,7.0,0.0,13.9,1.8,4.728571428571428,5.771428571428572
2023-04-11,8.9,3.5,13.5,101,0.986146248341595,-0.16587819893463143,10.5,0.6,16.6,2.1,5.97142857142857,6.278571428571429
2023-04-12,8.7,0.6,15.2,102,0.9831469737221499,-0.1828169249850199,8.9,3.5,13.5,4.1,6.942857142857141,6.664285714285714
2023-04-13,9.3,5.7,14.2,103,0.9798567700958665,-0.1997015525660636,8.7,0.6,15.2,6.1,7.6,6.814285714285715
2023-04-14,8.0,6.7,9.0,104,0.9762766110869321,-0.21652708524481437,9.3,5.7,14.2,4.3,8.057142857142855,6.642857142857143
2023-04-15,9.7,8.0,11.1,105,0.9724075561219968,-0.23328854407545518,8.0,6.7,9.0,7.7,8.585714285714285,6.442857142857143
2023-04-16,9.3,7.2,11.0,106,0.9682507501166718,-0.2499809690726521,9.7,8.0,11.1,7.0,8.87142857142857,6.6000000000000005
2023-04-17,7.1,5.3,10.3,107,0.9638074231367307,-0.26659942067929354,9.3,7.2,11.0,10.5,9.2,6.964285714285714
2023-04-18,8.6,4.2,13.5,108,0.9590788900341131,-0.28313898122818354,7.1,5.3,10.3,8.9,8.714285714285714,7.342857142857143
2023-04-19,7.2,2.6,12.2,109,0.9540665500578387,-0.2995947563972602,8.6,4.2,13.5,8.7,8.67142857142857,7.807142857142857
2023-04-20,10.0,5.0,15.7,110,0.9487718864399473,-0.31596187665790293,7.2,2.6,12.2,9.3,8.457142857142856,8.028571428571428
2023-04-21,14.3,8.6,20.1,111,0.9431964659565866,-0.33223549871590435,10.0,5.0,15.7,8.0,8.557142857142855,8.307142857142857
2023-04-22,15.8,7.3,21.9,112,0.9373419384643772,-0.3484108069446808,14.3,8.6,20.1,9.7,9.457142857142856,9.02142857142857
2023-04-23,13.9,10.2,17.7,113,0.9312100364121947,-0.3644830148102912,15.8,7.3,21.9,9.3,10.328571428571427,9.6
2023-04-24,12.9,8.3,18.2,114,0.9248025743285089,-0.38044736628785164,13.9,10.2,17.7,7.1,10.985714285714284,10.092857142857142
2023-04-25,8.2,4.4,10.7,115,0.9181214482844364,-0.39629913726891813,12.9,8.3,18.2,8.6,11.814285714285713,10.264285714285714
2023-04-26,6.5,2.8,10.7,116,0.9111686353326631,-0.41203363695942635,8.2,4.4,10.7,7.2,11.757142857142856,10.214285714285714
2023-04-27,7.5,3.3,11.6,117,0.9039461929224011,-0.42764620926777464,6.5,2.8,10.7,10.0,11.657142857142857,10.057142857142859
2023-04-28,10.4,2.0,16.0,118,0.8964562582905575,-0.44313223418263453,7.5,3.3,11.6,14.3,11.299999999999999,9.928571428571429
2023-04-29,11.4,7.3,15.0,119,0.8887010478292915,-0.45848712914008766,10.4,2.0,16.0,15.8,10.742857142857142,10.099999999999998
2023-04-30,9.3,4.4,14.9,120,0.8806828564301475,-0.47370635037968,11.4,7.3,15.0,13.9,10.114285714285714,10.221428571428572
2023-05-01,12.7,3.0,19.3,121,0.8724040568049612,-0.48878539428899265,9.3,4.4,14.9,12.9,9.457142857142856,10.221428571428572
2023-05-02,11.0,8.0,13.7,122,0.8638670987837349,-0.503719798736334,12.7,3.0,19.3,8.2,9.428571428571429,10.62142857142857
2023-05-03,10.1,4.1,15.5,123,0.8550745085896932,-0.518505144391157,11.0,8.0,13.7,6.5,9.828571428571426,10.792857142857143
2023-05-04,12.7,4.2,19.2,124,0.8460288880917339,-0.533137056031809,10.1,4.1,15.5,7.5,10.342857142857142,11.0
2023-05-05,14.1,8.2,19.9,125,0.8367329140344921,-0.5476112038402312,12.7,4.2,19.2,10.4,11.085714285714285,11.192857142857145
2023-05-06,8.2,7.3,9.9,126,0.8271893372462497,-0.5619233046832195,14.1,8.2,19.9,11.4,11.614285714285714,11.178571428571429
2023-05-07,11.3,7.2,16.3,127,0.8174009818249189,-0.5760691233798758,8.2,7.3,9.9,9.3,11.157142857142857,10.635714285714284
2023-05-08,11.9,4.3,18.0,128,0.8073707443023492,-0.5900444739548627,11.3,7.2,16.3,12.7,11.442857142857141,10.450000000000001
2023-05-09,14.0,8.0,19.4,129,0.7971015927871943,-0.6038452208771035,11.9,4.3,18.0,11.0,11.328571428571427,10.37857142857143
2023-05-10,15.9,8.9,22.9,130,0.7865965660866021,-0.6174672802835514,14.0,8.0,19.4,10.1,11.757142857142856,10.792857142857143
2023-05-11,17.1,9.8,22.5,131,0.7758587728069828,-0.6309066211876704,15.9,8.9,22.9,12.7,12.585714285714285,11.464285714285714
2023-05-12,16.9,9.8,22.1,132,0.7648913904341225,-0.6441592666722685,17.1,9.8,22.5,14.1,13.214285714285714,12.15
2023-05-13,16.2,10.4,22.1,133,0.753697664392914,-0.6572212950663319,16.9,9.8,22.1,8.2,13.614285714285714,12.614285714285716
2023-05-14,15.1,9.7,20.6,134,0.742280907086982,-0.6700888411055113,16.2,10.4,22.1,11.3,14.757142857142856,12.957142857142857
2023-05-15,14.3,6.3,21.6,135,0.7306444969184916,-0.6827580970759147,15.1,9.7,20.6,11.9,15.299999999999999,13.37142857142857
2023-05-16,12.0,7.2,16.3,136,0.7187918772884232,-0.6952253139408722,14.3,6.3,21.6,14.0,15.642857142857142,13.485714285714286
2023-05-17,10.8,6.7,15.7,137,0.7067265555776158,-0.7074868024503348,12.0,7.2,16.3,15.9,15.357142857142858,13.557142857142859
2023-05-18,11.4,5.5,16.7,138,0.6944521021088763,-0.719538934232584,10.8,6.7,15.7,17.1,14.628571428571428,13.607142857142858
2023-05-19,13.2,6.1,19.2,139,0.6819721490904629,-0.7313781428679254,11.4,5.5,16.7,16.9,13.814285714285713,13.514285714285714
2023-05-20,14.8,9.0,19.8,140,0.6692903895412567,-0.7430009249440493,13.2,6.1,19.2,16.2,13.285714285714283,13.450000000000001
2023-05-21,20.8,12.9,27.6,141,0.6564105761979381,-0.7544038410927472,14.8,9.0,19.8,15.1,13.085714285714285,13.921428571428573
2023-05-22,20.6,15.4,26.1,142,0.6433365204044917,-0.765583517007675,20.8,12.9,27.6,14.3,13.9,14.6
2023-05-23,15.3,9.3,21.4,143,0.6300720909843687,-0.7765366444428655,20.6,15.4,26.1,12.0,14.799999999999999,15.221428571428572
2023-05-24,11.9,8.6,16.5,144,0.6166212130956382,-0.7872599821916922,15.3,9.3,21.4,10.8,15.271428571428572,15.314285714285715
2023-05-25,14.8,8.3,20.3,145,0.6029878670694714,-0.7977503570459932,11.9,8.6,16.5,11.4,15.428571428571429,15.028571428571428
2023-05-26,14.5,8.0,20.6,146,0.5891760872322963,-0.8080046647350754,14.8,8.3,20.3,13.2,15.914285714285713,14.864285714285714
2023-05-27,15.3,8.0,21.4,147,0.5751899607119775,-0.8180198708443174,14.5,8.0,20.6,14.8,16.099999999999998,14.692857142857141
2023-05-28,17.1,7.1,23.9,148,0.5610336262283677,-0.8277930117131022,15.3,8.0,21.4,20.8,16.17142857142857,14.62857142857143
2023-05-29,16.6,9.4,22.3,149,0.5467112728685939,-0.8373211953118121,17.1,7.1,23.9,20.6,15.642857142857142,14.771428571428572
2023-05-30,16.7,7.8,23.0,150,0.5322271388474397,-0.8466016020976267,16.6,9.4,22.3,15.3,15.071428571428571,14.935714285714285
2023-05-31,18.4,7.9,25.5,151,0.5175855102531889,-0.8556314858488706,16.7,7.8,23.0,11.9,15.27142857142857,15.271428571428572
2023-06-01,16.6,11.1,22.7,152,0.5027907197793043,-0.8644081744776648,18.4,7.9,25.5,14.8,16.2,15.814285714285715
2023-06-02,14.0,8.5,20.1,153,0.4878471454423119,-0.8729290708206411,16.6,11.1,22.7,14.5,16.457142857142856,16.185714285714287
2023-06-03,14.1,7.2,20.6,154,0.47275920928627757,-0.881191653407483,14.0,8.5,20.1,15.3,16.385714285714283,16.242857142857144
2023-06-04,17.0,7.3,23.8,155,0.4575313760742512,-0.8891934772070711,14.1,7.2,20.6,17.1,16.214285714285715,16.192857142857143
2023-06-05,19.9,10.1,26.4,156,0.44216815196707204,-0.8969321743510065,17.0,7.3,23.8,16.6,16.2,15.921428571428573
2023-06-06,19.6,13.5,24.5,157,0.42667408318992467,-0.9044054548343001,19.9,10.1,26.4,16.7,16.67142857142857,15.87142857142857
2023-06-07,23.1,17.1,29.4,158,0.4110537546870351,-0.9116111071930239,19.6,13.5,24.5,18.4,17.085714285714285,16.178571428571427
2023-06-08,23.2,15.2,30.2,159,0.3953117887649151,-0.9185469991587165,23.1,17.1,29.4,16.6,17.757142857142856,16.978571428571428
2023-06-09,22.3,14.8,30.2,160,0.37945284372454435,-0.925211078289358,23.2,15.2,30.2,14.0,18.699999999999996,17.57857142857143
2023-06-10,21.6,13.2,29.0,161,0.36348161248290634,-0.9316013725767187,22.3,14.8,30.2,14.1,19.885714285714283,18.135714285714286
2023-06-11,21.6,14.4,28.1,162,0.3474028211842774,-0.9377159910299093,21.6,13.2,29.0,17.0,20.957142857142856,18.585714285714285
2023-06-12,20.8,12.8,26.9,163,0.3312212278016865,-0.9435531242349544,21.6,14.4,28.1,19.9,21.614285714285717,18.907142857142855
2023-06-13,18.4,12.4,24.4,164,0.31494162072895193,-0.9491110448902284,20.8,12.8,26.9,19.6,21.74285714285714,19.20714285714286
2023-06-14,18.0,11.1,25.0,165,0.2985688173637202,-0.9543881083175908,18.4,12.4,24.4,23.1,21.571428571428573,19.328571428571426
2023-06-15,18.1,13.0,23.8,166,0.2821076626819194,-0.9593827529490743,18.0,11.1,25.0,23.2,20.842857142857145,19.3
2023-06-16,16.0,13.2,21.2,167,0.26556302780405594,-0.9640935007889755,18.1,13.0,23.8,22.3,20.114285714285717,19.407142857142855
2023-06-17,17.0,13.1,21.7,168,0.24893980855376657,-0.9685189578512204,16.0,13.2,21.2,21.6,19.214285714285715,19.55
2023-06-18,20.4,11.5,26.6,169,0.23224292400907015,-0.9726578145718654,17.0,13.1,21.7,21.6,18.557142857142857,19.75714285714286
2023-06-19,22.8,16.9,29.2,170,0.21547731504673012,-0.976508846196619,20.4,11.5,26.6,20.8,18.385714285714283,20.0
2023-06-20,21.9,17.4,26.4,171,0.19864794288017112,-0.9800709131432666,22.8,16.9,29.2,18.4,18.67142857142857,20.207142857142856
2023-06-21,23.9,18.7,29.2,172,0.18175978759137534,-0.9833429613388902,21.9,17.4,26.4,18.0,19.17142857142857,20.371428571428574
2023-06-22,23.5,17.4,29.6,173,0.16481784665719793,-0.9863240225317866,23.9,18.7,29.2,18.1,20.014285714285712,20.428571428571427
2023-06-23,17.3,15.4,18.5,174,0.14782713347053048,-0.9890132145779883,23.5,17.4,29.6,16.0,20.785714285714285,20.45
2023-06-24,20.0,14.7,25.5,175,0.13079267585675922,-0.9914097417023038,17.3,15.4,18.5,17.0,20.971428571428568,20.092857142857145
2023-06-25,22.3,16.2,27.1,176,0.11371951458594969,-0.9935128947338007,20.0,14.7,25.5,20.4,21.4,19.978571428571428
2023-06-26,22.3,16.4,31.3,177,0.0966127018812031,-0.9953220513156602,22.3,16.2,27.1,22.8,21.67142857142857,20.028571428571432
2023-06-27,16.9,11.5,21.9,178,0.07947729992362097,-0.9968366760893436,22.3,16.4,31.3,21.9,21.599999999999998,20.135714285714283
2023-06-28,18.3,13.5,23.7,179,0.062318379354325076,-0.998056320853012,16.9,11.5,21.9,23.9,20.885714285714283,20.028571428571432
2023-06-29,20.7,12.9,25.8,180,0.04514101777397193,-0.9989806246941579,18.3,13.5,23.7,23.5,20.085714285714285,20.050000000000004
2023-06-30,19.1,16.8,21.6,181,0.02795029824021032,-0.999609314096404,20.7,12.9,25.8,17.3,19.685714285714283,20.235714285714288
2023-07-01,19.9,16.1,25.6,182,0.01075130776352193,-0.9999422030204416,19.1,16.8,21.6,20.0,19.942857142857143,20.457142857142856
2023-07-02,19.0,14.9,23.0,183,-0.00645086419810515,-0.9999791929590823,19.9,16.1,25.6,22.3,19.928571428571427,20.664285714285715
2023-07-03,18.4,13.9,22.5,184,-0.023651127245231586,-0.9997202729664083,19.0,14.9,23.0,22.3,19.457142857142856,20.564285714285717
2023-07-04,18.9,13.2,23.1,185,-0.04084439154329611,-0.9991655196610109,18.4,13.9,22.5,16.9,18.9,20.25
2023-07-05,19.5,13.8,24.7,186,-0.05802556932878035,-0.9983150972033183,18.9,13.2,23.1,18.3,19.185714285714283,20.035714285714285
2023-07-06,18.3,12.6,24.0,187,-0.07518957641475855,-0.9971692572470178,19.5,13.8,24.7,20.7,19.357142857142858,19.72142857142857
2023-07-07,21.1,10.0,28.5,188,-0.09233133369539122,-0.9957283388645872,18.3,12.6,24.0,19.1,19.014285714285712,19.349999999999998
2023-07-08,24.0,14.6,31.6,189,-0.10944576864891556,-0.993992768446958,21.1,10.0,28.5,19.9,19.3,19.62142857142857
2023-07-09,25.0,15.5,32.5,190,-0.12652781683868314,-0.9919630595773397,24.0,14.6,31.6,19.0,19.885714285714283,19.907142857142855
2023-07-10,23.4,17.9,29.6,191,-0.1435724234118113,-0.9896398128792412,25.0,15.5,32.5,18.4,20.74285714285714,20.099999999999998
2023-07-11,24.1,15.9,30.3,192,-0.16057454459499376,-0.9870237158387383,23.4,17.9,29.6,18.9,21.457142857142856,20.178571428571427
2023-07-12,23.9,17.2,28.4,193,-0.17752914918703497,-0.984115542601034,24.1,15.9,30.3,19.5,22.199999999999996,20.692857142857143
2023-07-13,20.4,13.3,26.6,194,-0.19443122004766195,-0.9809161537413774,23.9,17.2,28.4,18.3,22.828571428571426,21.092857142857138
2023-07-14,21.0,14.5,27.2,195,-0.2112757555821793,-0.9774264960104055,20.4,13.3,26.6,21.1,23.12857142857143,21.071428571428573
2023-07-15,26.1,17.6,35.5,196,-0.2280577712215198,-0.9736476020539838,21.0,14.5,27.2,24.0,23.11428571428571,21.20714285714286
2023-07-16,23.9,18.0,28.9,197,-0.24477230089725957,-0.9695805901076308,26.1,17.6,35.5,25.0,23.41428571428571,21.65
2023-07-17,22.4,14.1,28.4,198,-0.2614143985111562,-0.965226663665613,23.9,18.0,28.9,23.4,23.257142857142856,22.0
2023-07-18,19.7,13.6,26.1,199,-0.2779791393987801,-0.9605871111248129,22.4,14.1,28.4,24.1,23.11428571428571,22.285714285714285
2023-07-19,20.4,12.9,27.3,200,-0.2944616217868012,-0.9556633054034704,19.7,13.6,26.1,23.9,22.485714285714284,22.342857142857138
2023-07-20,17.8,13.0,23.6,201,-0.3108569682435036,-0.9504567035349151,20.4,12.9,27.3,20.4,21.985714285714288,22.407142857142855
2023-07-21,16.2,10.3,22.0,202,-0.3271603271220951,-0.9449688462364056,17.8,13.0,23.6,21.0,21.614285714285717,22.371428571428574
2023-07-22,17.7,13.2,22.5,203,-0.34336687399638804,-0.939201357453208,16.2,10.3,22.0,26.1,20.928571428571427,22.021428571428572
2023-07-23,20.5,14.9,28.1,204,-0.3594718130884232,-0.9331559438780432,17.7,13.2,22.5,23.9,19.728571428571428,21.571428571428573
2023-07-24,21.5,15.5,28.7,205,-0.3754703786876202,-0.9268343944460494,20.5,14.9,28.1,22.4,19.24285714285714,21.25
2023-07-25,17.9,14.6,22.1,206,-0.3913578365610259,-0.9202385798054075,21.5,15.5,28.7,19.7,19.11428571428571,21.114285714285717
2023-07-26,16.4,12.3,20.8,207,-0.4071294853542516,-0.9133704517637858,17.9,14.6,22.1,20.4,18.857142857142858,20.67142857142857
2023-07-27,15.9,11.6,19.4,208,-0.4227806579826773,-0.9062320427107697,16.4,12.3,20.8,17.8,18.285714285714285,20.13571428571429
2023-07-28,19.3,16.4,22.9,209,-0.4383067230125192,-0.898825465016444,15.9,11.6,19.4,16.2,18.014285714285712,19.814285714285713
2023-07-29,19.7,14.7,24.4,210,-0.45370308603134424,-0.8911529104063088,19.3,16.4,22.9,17.7,18.457142857142856,19.692857142857143
2023-07-30,19.0,13.6,24.9,211,-0.46896519100763184,-0.8832166493127127,19.7,14.7,24.4,20.5,18.74285714285714,19.235714285714288
2023-07-31,18.1,14.7,21.5,212,-0.48408852163897587,-0.8750190302029955,19.0,13.6,24.9,21.5,18.52857142857143,18.88571428571429
2023-08-01,18.2,16.1,22.8,213,-0.4990686026885319,-0.8665624788845385,18.1,14.7,21.5,17.9,18.04285714285714,18.57857142857143
2023-08-02,19.0,15.5,22.4,214,-0.5139010013093103,-0.8578494977869301,18.2,16.1,22.8,16.4,18.085714285714285,18.471428571428568
2023-08-03,19.0,16.6,23.2,215,-0.5285813283559292,-0.8488826652214553,19.0,15.5,22.4,15.9,18.457142857142856,18.37142857142857
2023-08-04,18.8,13.7,23.4,216,-0.5431052396834317,-0.8396646346181327,19.0,16.6,23.2,19.3,18.9,18.457142857142856
2023-08-05,17.8,13.6,21.3,217,-0.5574684374327892,-0.8301981337405212,18.8,13.7,23.4,19.7,18.828571428571426,18.642857142857142
2023-08-06,16.2,14.0,17.5,218,-0.5716666713027052,-0.8204859638785327,17.8,13.6,21.3,19.0,18.557142857142853,18.650000000000002
2023-08-07,16.5,14.0,19.7,219,-0.5856957398073508,-0.8105309990194823,16.2,14.0,17.5,18.1,18.157142857142855,18.342857142857145
2023-08-08,14.9,12.7,20.0,220,-0.5995514915196489,-0.8003361849976323,16.5,14.0,19.7,18.2,17.928571428571427,17.985714285714284
2023-08-09,15.9,11.6,20.2,221,-0.6132298262997502,-0.7899045386224707,14.9,12.7,20.0,19.0,17.457142857142856,17.77142857142857
2023-08-10,16.2,9.6,21.9,222,-0.6267266965083301,-0.7792391467859886,15.9,11.6,20.2,19.0,17.014285714285712,17.735714285714288
2023-08-11,19.0,10.5,24.8,223,-0.6400381082043503,-0.7683431655492202,16.2,9.6,21.9,18.8,16.614285714285714,17.757142857142856
2023-08-12,22.2,16.6,28.2,224,-0.65316012232693,-0.7572198192083127,19.0,10.5,24.8,17.8,16.642857142857142,17.735714285714284
2023-08-13,22.3,17.8,27.1,225,-0.666088855860977,-0.7458723993404063,22.2,16.6,28.2,16.2,17.27142857142857,17.914285714285715
2023-08-14,23.4,14.3,30.6,226,-0.6788204829862355,-0.734304263829602,22.3,17.8,27.1,16.5,18.142857142857142,18.15
2023-08-15,24.4,18.0,31.2,227,-0.6913512362094071,-0.722518835873311,23.4,14.3,30.6,14.9,19.12857142857143,18.528571428571432
2023-08-16,23.2,19.7,27.7,228,-0.7036774074790128,-0.7105196029692745,24.4,18.0,31.2,15.9,20.485714285714284,18.971428571428568
2023-08-17,21.9,18.0,27.0,229,-0.7157953492826642,-0.6983101158835584,23.2,19.7,27.7,16.2,21.52857142857143,19.271428571428572
2023-08-18,24.4,19.1,30.1,230,-0.7277014757264236,-0.6858939875998223,21.9,18.0,27.0,19.0,22.342857142857138,19.478571428571428
2023-08-19,25.7,18.5,32.2,231,-0.7393922635959241,-0.673274892250183,24.4,19.1,30.1,22.2,23.11428571428571,19.87857142857143
2023-08-20,24.7,20.5,29.3,232,-0.7508642533989489,-0.6604565640279754,25.7,18.5,32.2,22.3,23.61428571428571,20.442857142857143
2023-08-21,23.1,18.8,27.8,233,-0.7621140503891487,-0.6474427960827475,24.7,20.5,29.3,23.4,23.957142857142856,21.05
2023-08-22,21.1,15.4,25.3,234,-0.7731383255706026,-0.6342374393978054,23.1,18.8,27.8,24.4,23.91428571428571,21.521428571428572
2023-08-23,21.0,13.6,26.8,235,-0.7839338166829201,-0.620844401650647,21.1,15.4,25.3,23.2,23.44285714285714,21.964285714285715
2023-08-24,22.8,15.5,28.3,236,-0.7944973291665992,-0.6072676460566135,21.0,13.6,26.8,21.9,23.128571428571426,22.32857142857143
2023-08-25,23.9,19.3,29.0,237,-0.8048257371083452,-0.593511190196115,22.8,15.5,28.3,24.4,23.257142857142856,22.8
2023-08-26,20.4,14.6,26.4,238,-0.8149159841660791,-0.5795791048257612,23.9,19.3,29.0,25.7,23.185714285714283,23.150000000000002
2023-08-27,17.4,12.2,21.1,239,-0.8247650844733614,-0.5654755126737576,20.4,14.6,26.4,24.7,22.428571428571427,23.021428571428572
2023-08-28,16.6,12.7,19.8,240,-0.8343701235229538,-0.5512045872199277,17.4,12.2,21.1,23.1,21.385714285714283,22.67142857142857
2023-08-29,15.4,13.9,17.6,241,-0.8437282590292712,-0.5367705514607103,16.6,12.7,19.8,21.1,20.457142857142856,22.185714285714283
2023-08-30,16.6,12.6,21.3,242,-0.8528367217694595,-0.522177676659508,15.4,13.9,17.6,21.0,19.642857142857142,21.54285714285714
2023-08-31,14.6,11.6,18.4,243,-0.8616928164028522,-0.5074302810827518,16.6,12.6,21.3,22.8,19.014285714285712,21.071428571428573
2023-09-01,15.5,10.0,21.6,244,-0.8702939222685674,-0.49253272872205434,14.6,11.6,18.4,23.9,17.84285714285714,20.550000000000004
2023-09-02,16.6,9.8,21.8,245,-0.8786374941610001,-0.4774894280028391,15.5,10.0,21.6,20.4,16.642857142857142,19.914285714285715
2023-09-03,17.3,12.5,21.2,246,-0.886721063082993,-0.46230483047981086,16.6,9.8,21.8,17.4,16.099999999999998,19.264285714285712
2023-09-04,19.0,11.5,26.0,247,-0.8945422369764496,-0.4469834295196741,17.3,12.5,21.2,16.6,16.085714285714285,18.735714285714288
2023-09-05,21.5,14.8,28.0,248,-0.9020987014301837,-0.43152975897147144,19.0,11.5,26.0,15.4,16.428571428571427,18.442857142857143
2023-09-06,21.2,12.2,29.3,249,-0.9093882203647925,-0.4159483918249421,21.5,14.8,28.0,16.6,17.3,18.47142857142857
2023-09-07,21.8,14.2,29.3,250,-0.9164086366943458,-0.4002439388573056,21.2,12.2,29.3,14.6,17.957142857142856,18.485714285714288
2023-09-08,21.6,13.0,29.3,251,-0.9231578729647039,-0.38442104726885545,21.8,14.2,29.3,15.5,18.985714285714288,18.414285714285715
2023-09-09,22.1,13.9,30.7,252,-0.9296339319682695,-0.3684843993077793,21.6,13.0,29.3,16.6,19.857142857142858,18.250000000000004
2023-09-10,22.2,12.8,31.1,253,-0.9358348973349941,-0.35243871088460327,22.1,13.9,30.7,17.3,20.642857142857142,18.37142857142857
2023-09-11,23.0,14.7,31.1,254,-0.9417589340994617,-0.33628873017668287,22.2,12.8,31.1,19.0,21.342857142857145,18.714285714285715
2023-09-12,22.7,14.8,30.3,255,-0.9474042892438845,-0.32003923622313857,23.0,14.7,31.1,21.5,21.914285714285715,19.171428571428574
2023-09-13,18.7,14.1,22.3,256,-0.9527692922168511,-0.30369503751065885,22.7,14.8,30.3,21.2,22.085714285714285,19.692857142857143
2023-09-14,15.3,10.7,20.5,257,-0.9578523554276669,-0.28726097055059635,18.7,14.1,22.3,21.8,21.728571428571424,19.842857142857138
2023-09-15,16.8,9.4,23.4,258,-0.9626519747161487,-0.2707418984477642,15.3,10.7,20.5,21.6,20.8,19.892857142857142
2023-09-16,18.4,11.3,25.8,259,-0.9671667297977312,-0.2541427094613622,16.8,9.4,23.4,22.1,20.11428571428571,19.985714285714288
2023-09-17,20.4,12.5,27.4,260,-0.97139528468375,-0.23746831555846842,18.4,11.3,25.8,22.2,19.585714285714285,20.114285714285717
2023-09-18,21.0,16.5,26.3,261,-0.9753363880767837,-0.2207236509605022,20.4,12.5,27.4,23.0,19.328571428571426,20.335714285714285
2023-09-19,18.4,15.8,21.1,262,-0.9789888737409319,-0.20391367068311472,21.0,16.5,26.3,22.7,19.04285714285714,20.478571428571428
2023-09-20,19.3,14.6,25.0,263,-0.9823516608469237,-0.18704334906991657,18.4,15.8,21.1,18.7,18.428571428571427,20.257142857142856
2023-09-21,21.5,14.9,29.0,264,-0.9854237542919524,-0.17011767832049052,19.3,14.6,25.0,15.3,18.514285714285712,20.12142857142857
2023-09-22,16.8,14.1,19.0,265,-0.9882042449941422,-0.15314166701312007,21.5,14.9,29.0,16.8,19.4,20.099999999999998
2023-09-23,15.1,12.0,18.9,266,-0.9906923101615609,-0.13612033862266704,16.8,14.1,19.0,18.4,19.4,19.75714285714286
2023-09-24,14.4,10.5,19.4,267,-0.9928872135356962,-0.11905873003404988,15.1,12.0,18.9,20.4,18.928571428571423,19.257142857142856
2023-09-25,15.2,9.1,22.2,268,-0.994788305609327,-0.10196189005174576,14.4,10.5,19.4,21.0,18.071428571428573,18.7
2023-09-26,17.4,9.9,24.7,269,-0.9963950238187231,-0.08483487790576538,15.2,9.1,22.2,18.4,17.24285714285714,18.142857142857142
2023-09-27,19.2,10.7,27.0,270,-0.9977068927101168,-0.06768276175455162,17.4,9.9,24.7,19.3,17.099999999999998,17.764285714285712
2023-09-28,19.7,14.2,27.7,271,-0.9987235240803972,-0.050510617185222886,19.2,10.7,27.0,21.5,17.085714285714285,17.8
2023-09-29,19.1,13.2,23.1,272,-0.9994446170919858,-0.033323525711631344,19.7,14.2,27.7,16.8,16.828571428571426,18.114285714285714
2023-09-30,15.5,12.0,20.4,273,-0.9998699583618592,-0.016126573270657762,19.1,13.2,23.1,15.1,17.157142857142855,18.27857142857143
2023-10-01,16.1,13.1,20.4,274,-0.9999994220246925,0.001075151282798226,15.5,12.0,20.4,14.4,17.214285714285715,18.071428571428573
2023-10-02,20.1,13.7,26.0,275,-0.999832969770105,0.018276557681691223,16.1,13.1,20.4,15.2,17.457142857142856,17.764285714285712
2023-10-03,18.1,13.0,25.0,276,-0.9993706508539969,0.03547255575312556,20.1,13.7,26.0,17.4,18.157142857142855,17.7
2023-10-04,14.4,11.7,18.3,277,-0.9986126020839734,0.052658056924614005,18.1,13.0,25.0,19.2,18.257142857142856,17.678571428571427
2023-10-05,12.9,10.0,16.8,278,-0.9975590477788613,0.06982797572987089,14.4,11.7,18.3,19.7,17.571428571428573,17.32857142857143
2023-10-06,15.3,10.5,18.6,279,-0.9962102997023297,0.0869772313136861,12.9,10.0,16.8,19.1,16.599999999999998,16.714285714285715
2023-10-07,15.7,10.9,18.4,280,-0.9945667569706337,0.1041007489354256,15.3,10.5,18.6,15.5,16.057142857142857,16.607142857142858
2023-10-08,12.1,9.6,15.2,281,-0.9926289059345095,0.121193461470736,15.7,10.9,18.4,16.1,16.085714285714285,16.65
2023-10-09,10.2,8.9,11.7,282,-0.9903973200352558,0.1382503109109819,12.1,9.6,15.2,20.1,15.514285714285714,16.485714285714284
2023-10-10,14.2,10.4,17.0,283,-0.9878726596350429,0.15526624985999563,10.2,8.9,11.7,18.1,14.1,16.12857142857143
2023-10-11,19.0,14.4,23.6,284,-0.9850556718215013,0.172236243027682,14.2,10.4,17.0,14.4,13.542857142857141,15.9
2023-10-12,15.2,12.4,21.0,285,-0.981947190186646,0.18915526872004093,19.0,14.4,23.6,12.9,14.200000000000001,15.885714285714286
2023-10-13,17.8,12.9,22.0,286,-0.9785481345802031,0.20601832032517084,15.2,12.4,21.0,15.3,14.528571428571427,15.564285714285715
2023-10-14,14.5,8.9,20.4,287,-0.9748595108374125,0.22282040779479959,17.8,12.9,22.0,15.7,14.885714285714284,15.471428571428572
2023-10-15,8.6,6.2,11.7,288,-0.9708824104813836,0.23955655912092708,14.5,8.9,20.4,12.1,14.714285714285714,15.4
2023-10-16,7.3,3.3,11.4,289,-0.9666180104000972,0.2562218218071163,8.6,6.2,11.7,10.2,14.214285714285714,14.864285714285714
2023-10-17,6.8,1.6,11.3,290,-0.9620675724981452,0.27281126433401914,7.3,3.3,11.4,14.2,13.799999999999999,13.950000000000001
2023-10-18,6.5,-0.3,12.7,291,-0.957232443323312,0.28931997761869527,6.8,1.6,11.3,19.0,12.742857142857142,13.142857142857142
2023-10-19,6.8,5.5,7.6,292,-0.9521140536681102,0.3057430764672831,6.5,-0.3,12.7,15.2,10.957142857142856,12.578571428571431
2023-10-20,6.0,4.9,7.0,293,-0.9467139181463862,0.3220757010206104,6.8,5.5,7.6,17.8,9.757142857142854,12.142857142857142
2023-10-21,11.2,6.6,19.4,294,-0.9410336347451197,0.3383130181923076,6.0,4.9,7.0,14.5,8.071428571428571,11.478571428571428
2023-10-22,13.1,10.3,17.7,295,-0.9350748843515574,0.3544502230989869,11.2,6.6,19.4,8.6,7.599999999999999,11.157142857142858
2023-10-23,10.9,7.1,15.7,296,-0.9288394302558068,0.3704825404820963,13.1,10.3,17.7,7.3,8.242857142857142,11.22857142857143
2023-10-24,11.4,9.1,13.1,297,-0.9223291176290545,0.3864052261209853,10.9,7.1,15.7,6.8,8.757142857142856,11.278571428571428
2023-10-25,11.2,9.3,14.2,298,-0.9155458729775467,0.40221356823680365,11.4,9.1,13.1,6.5,9.414285714285713,11.078571428571427
2023-10-26,10.0,9.3,10.9,299,-0.9084917035725082,0.41790288888678667,11.2,9.3,14.2,6.8,10.085714285714285,10.521428571428572
2023-10-27,9.5,8.8,10.4,300,-0.9011686968561569,0.4334685453485363,10.0,9.3,10.9,6.0,10.542857142857143,10.15
2023-10-28,10.2,8.5,12.2,301,-0.8935790198239952,0.4489059314938798,9.5,8.8,10.4,11.2,11.042857142857143,9.557142857142859
2023-10-29,12.1,8.7,15.2,302,-0.8857249183835637,0.4642104791518923,10.2,8.5,12.2,13.1,10.899999999999997,9.25
2023-10-30,13.1,10.9,15.6,303,-0.8776087166898392,0.4793776594606945,12.1,8.7,15.2,10.9,10.757142857142856,9.5
2023-10-31,11.1,7.1,13.5,304,-0.8692328164574792,0.49440298420761813,13.1,10.9,15.6,11.4,11.07142857142857,9.914285714285715
2023-11-01,10.7,6.8,14.6,305,-0.8605996962501181,0.5092820071573356,11.1,7.1,13.5,11.2,11.028571428571427,10.221428571428572
2023-11-02,11.4,8.8,14.0,306,-0.8517119107469189,0.5240103253675756,10.7,6.8,14.6,10.0,10.957142857142856,10.52142857142857
2023-11-03,9.9,8.8,11.4,307,-0.8425720899866032,0.5385835804920232,11.4,8.8,14.0,9.5,11.157142857142857,10.85
2023-11-04,8.9,6.2,11.8,308,-0.8331829385891785,0.5529974600700271,9.9,8.8,11.4,10.2,11.214285714285714,11.12857142857143
2023-11-05,10.4,8.1,13.1,309,-0.8235472349556007,0.5672476988027229,8.9,6.2,11.8,12.1,11.028571428571427,10.964285714285714
2023-11-06,11.4,9.2,13.6,310,-0.8136678304455991,0.5813300798152042,10.4,8.1,13.1,13.1,10.785714285714286,10.77142857142857
2023-11-07,9.9,7.9,12.9,311,-0.8035476485339116,0.5952404359043674,11.4,9.2,13.6,11.1,10.542857142857143,10.807142857142855
2023-11-08,9.0,6.8,12.0,312,-0.7931896839451843,0.6089746507720486,9.9,7.9,12.9,10.7,10.37142857142857,10.700000000000001
2023-11-09,9.7,6.1,12.4,313,-0.7825970017677834,0.6225286602431057,9.0,6.8,12.0,11.4,10.128571428571428,10.542857142857143
2023-11-10,9.0,5.6,10.9,314,-0.7717727365467836,0.6358984534680745,9.7,6.1,12.4,9.9,9.885714285714284,10.52142857142857
2023-11-11,6.1,2.8,8.8,315,-0.7607200913564104,0.6490800741100398,9.0,5.6,10.9,8.9,9.757142857142856,10.485714285714284
2023-11-12,6.7,5.3,8.1,316,-0.7494423368521954,0.6620696215153815,6.1,2.8,8.8,10.4,9.357142857142858,10.192857142857145
2023-11-13,7.2,4.9,9.2,317,-0.7379428103031386,0.6748632518680403,6.7,5.3,8.1,11.4,8.828571428571427,9.807142857142859
2023-11-14,11.1,8.7,13.5,318,-0.7262249146041543,0.6874571793269664,7.2,4.9,9.2,9.9,8.228571428571428,9.385714285714286
2023-11-15,7.8,4.0,9.7,319,-0.7142921172691032,0.699847677146407,11.1,8.7,13.5,9.0,8.399999999999999,9.385714285714286
2023-11-16,6.6,2.0,9.8,320,-0.7021479494046978,0.7120310787787131,7.8,4.0,9.7,9.7,8.228571428571428,9.178571428571429
2023-11-17,4.2,2.1,5.6,321,-0.6897960046655887,0.7240037789593305,6.6,2.0,9.8,9.0,7.785714285714284,8.835714285714285
2023-11-18,4.6,3.9,6.1,322,-0.6772399381909491,0.7357622347736527,4.2,2.1,5.6,6.1,7.099999999999999,8.428571428571429
2023-11-19,8.1,4.0,12.3,323,-0.6644834655228552,0.7473029667054296,4.6,3.9,6.1,6.7,6.885714285714285,8.121428571428572
2023-11-20,9.7,8.3,10.9,324,-0.6515303615068021,0.75862255966641,8.1,4.0,12.3,7.2,7.0857142857142845,7.957142857142856
2023-11-21,3.5,-0.5,8.3,325,-0.6383844591746642,0.7697176640069211,9.7,8.3,10.9,11.1,7.442857142857141,7.835714285714286
2023-11-22,-0.2,-3.5,2.5,326,-0.6250496486104377,0.7805849965070866,3.5,-0.5,8.3,7.8,6.357142857142856,7.378571428571428
2023-11-23,7.2,0.9,11.4,327,-0.6115298757991053,0.7912213413483807,-0.2,-3.5,2.5,6.6,5.214285714285713,6.721428571428571
2023-11-24,4.3,0.4,7.7,328,-0.5978291414589552,0.801623551065242,7.2,0.9,11.4,4.2,5.299999999999999,6.542857142857143
2023-11-25,1.3,0.0,3.1,329,-0.5839514998576998,0.8117885474764613,4.3,0.4,7.7,4.6,5.314285714285712,6.207142857142856
2023-11-26,0.0,-2.4,1.4,330,-0.5699010576127624,0.8217133225960589,1.3,0.0,3.1,8.1,4.842857142857142,5.864285714285714
2023-11-27,0.1,-2.6,2.1,331,-0.5556819724760489,0.8313949395234058,0.0,-2.4,1.4,9.7,3.6857142857142846,5.385714285714285
2023-11-28,-1.7,-4.6,-0.5,332,-0.5412984521036173,0.8408305333122887,0.1,-2.6,2.1,3.5,2.314285714285713,4.878571428571428
2023-11-29,-1.1,-4.0,1.0,333,-0.5267547528105542,0.8500173118187018,-1.7,-4.6,-0.5,-0.2,1.5714285714285705,3.9642857142857144
2023-11-30,-3.0,-8.1,2.1,334,-0.5120551783114646,0.8589525565270845,-1.1,-4.0,1.0,7.2,1.4428571428571417,3.3285714285714283
2023-12-01,-5.0,-8.5,0.3,335,-0.4972040784469378,0.8676336233547726,-3.0,-8.1,2.1,4.3,-0.014285714285715314,2.642857142857143
2023-12-02,-4.4,-6.9,-1.5,336,-0.4822058478963526,0.8760579434344281,-5.0,-8.5,0.3,1.3,-1.3428571428571439,1.9857142857142855
2023-12-03,-2.2,-5.9,-1.4,337,-0.46706492487743034,0.8842230238742036,-4.4,-6.9,-1.5,0.0,-2.157142857142858,1.3428571428571427
2023-12-04,-2.7,-5.5,-0.7,338,-0.451785789832884,0.8921264484954345,-2.2,-5.9,-1.4,0.1,-2.4714285714285724,0.6071428571428571
2023-12-05,-1.2,-3.1,0.1,339,-0.4363729641045924,0.8997658785476209,-2.7,-5.5,-0.7,-1.7,-2.8714285714285728,-0.2785714285714286
2023-12-06,0.7,-0.1,1.5,340,-0.42083100859565564,0.9071390534005044,-1.2,-3.1,0.1,-1.1,-2.8000000000000007,-0.6142857142857142
2023-12-07,1.3,0.7,1.9,341,-0.4051645224207563,0.9142437912130223,0.7,-0.1,1.5,-3.0,-2.542857142857144,-0.55
2023-12-08,1.1,0.7,1.5,342,-0.3893781415452015,0.9210779895789526,1.3,0.7,1.9,-5.0,-1.9285714285714295,-0.9714285714285714
2023-12-09,3.1,1.2,5.8,343,-0.37347653741307074,0.9276396261490467,1.1,0.7,1.5,-4.4,-1.0571428571428583,-1.2
2023-12-10,5.6,2.2,7.8,344,-0.3574644155648614,0.9339267592294762,3.1,1.2,5.8,-2.2,0.01428571428571322,-1.0714285714285714
2023-12-11,8.0,5.9,9.3,345,-0.34134651424503615,0.9399375283564133,5.6,2.2,7.8,-2.7,1.1285714285714274,-0.6714285714285715
2023-12-12,6.1,3.0,8.2,346,-0.3251276029999093,0.9456701548465688,8.0,5.9,9.3,-1.2,2.657142857142856,-0.10714285714285714
2023-12-13,4.6,3.2,5.5,347,-0.30881248126625377,0.9511229423235357,6.1,3.0,8.2,0.7,3.699999999999999,0.4499999999999999
2023-12-14,3.1,1.7,4.0,348,-0.29240597695107734,0.9562942772197719,4.6,3.2,5.5,1.3,4.257142857142855,0.857142857142857
2023-12-15,3.7,0.7,6.6,349,-0.27591294500296043,0.9611826292540837,3.1,1.7,4.0,1.1,4.514285714285713,1.2928571428571427
2023-12-16,7.8,6.2,8.9,350,-0.2593382659754056,0.9657865518844574,3.7,0.7,6.6,3.1,4.885714285714285,1.9142857142857141
2023-12-17,8.1,4.8,10.0,351,-0.2426868445825954,0.9701046827361175,7.8,6.2,8.9,5.6,5.557142857142856,2.7857142857142856
2023-12-18,6.4,4.2,7.9,352,-0.22596360824801906,0.974135744004672,8.1,4.8,10.0,8.0,5.914285714285713,3.5214285714285714
2023-12-19,6.4,5.2,7.0,353,-0.20917350564635637,0.9778785428342386,6.4,4.2,7.9,6.1,5.685714285714284,4.171428571428572
2023-12-20,5.6,4.0,6.7,354,-0.19232150523909483,0.9813319716704275,6.4,5.2,7.0,4.6,5.728571428571427,4.714285714285714
2023-12-21,7.2,4.1,9.9,355,-0.17541259380427843,0.9844950085880858,5.6,4.0,6.7,3.1,5.871428571428571,5.064285714285714
2023-12-22,3.6,0.1,5.1,356,-0.15845177496083632,0.9873667175937016,7.2,4.1,9.9,3.7,6.457142857142856,5.485714285714286
2023-12-23,1.9,0.7,2.8,357,-0.14144406768794202,0.9899462489023779,3.6,0.1,5.1,7.8,6.442857142857141,5.664285714285714
2023-12-24,6.9,0.4,12.4,358,-0.12439450483979998,0.9922328391893008,1.9,0.7,2.8,8.1,5.6,5.578571428571428
2023-12-25,10.3,9.0,11.6,359,-0.10730813165636247,0.9942258118156161,6.9,0.4,12.4,6.4,5.428571428571428,5.671428571428572
2023-12-26,8.6,5.3,9.8,360,-0.09019000427034513,0.9959245770286599,10.3,9.0,11.6,6.4,5.985714285714285,5.835714285714286
2023-12-27,4.3,2.9,5.5,361,-0.07304518821104743,0.9973286321364752,8.6,5.3,9.8,5.6,6.299999999999999,6.014285714285713
2023-12-28,8.6,4.1,10.7,362,-0.05587875690537313,0.9984375616565666,4.3,2.9,5.5,7.2,6.114285714285714,5.992857142857143
2023-12-29,9.7,7.3,11.4,363,-0.03869579017652689,0.9992510374388481,8.6,4.1,10.7,3.6,6.314285714285712,6.385714285714286
2023-12-30,6.7,4.8,8.1,364,-0.021501372740813793,0.999768818762748,9.7,7.3,11.4,1.9,7.185714285714285,6.814285714285715
2023-12-31,6.3,3.9,8.1,365,-0.004300592702981974,0.9999907524084426,6.7,4.8,8.1,6.9,7.871428571428571,6.735714285714287
2024-01-01,6.6,4.9,8.3,1,0.017201575418260506,0.9998520419557735,6.3,3.9,8.1,10.3,7.785714285714285,6.607142857142857
2024-01-02,5.1,2.8,8.4,2,0.03439806061360801,0.9994082116062598,6.6,4.9,8.3,8.6,7.257142857142855,6.621428571428572
2024-01-03,9.8,8.4,11.6,3,0.051584366869408364,0.9986686402879997,5.1,2.8,8.4,4.3,6.757142857142857,6.528571428571429
2024-01-04,4.3,0.3,9.1,4,0.06875540848113941,0.9976335468520451,9.8,8.4,11.6,8.6,7.542857142857142,6.828571428571429
2024-01-05,0.5,-0.2,1.0,5,0.08590610426133272,0.9963032375991965,4.3,0.3,9.1,9.7,6.928571428571426,6.621428571428572
2024-01-06,-0.3,-1.6,0.8,6,0.10303137904317879,0.9946781061893646,0.5,-0.2,1.0,6.7,5.614285714285713,6.4
2024-01-07,-2.3,-7.7,-0.4,7,0.1201261651823505,0.9927586335250793,-0.3,-1.6,0.8,6.3,4.614285714285713,6.242857142857143
2024-01-08,-6.8,-8.3,-4.4,8,0.13718540405660057,0.9905453876091833,-2.3,-7.7,-0.4,6.6,3.385714285714285,5.585714285714286
2024-01-09,-7.7,-11.1,-3.8,9,0.1542040475626894,0.988039023376751,-6.8,-8.3,-4.4,5.1,1.4714285714285709,4.364285714285715
2024-01-10,-6.1,-9.8,-0.9,10,0.17117705961019986,0.985240282501282,-7.7,-11.1,-3.8,9.8,-0.35714285714285804,3.1999999999999997
2024-01-11,-3.0,-8.7,0.7,11,0.18809941761179758,0.9821499931752291,-6.1,-9.8,-0.9,4.3,-2.6285714285714294,2.457142857142857
2024-01-12,0.1,-1.0,1.6,12,0.20496611396949532,0.9787690698649216,-3.0,-8.7,0.7,0.5,-3.671428571428573,1.6285714285714286
2024-01-13,2.2,1.5,3.2,13,0.22177215755648186,0.975098513039961,0.1,-1.0,1.6,-0.3,-3.72857142857143,0.942857142857143
2024-01-14,2.6,1.9,3.5,14,0.23851257519407648,0.9711394088771653,2.2,1.5,3.2,-2.3,-3.3714285714285728,0.6214285714285716
2024-01-15,1.5,-1.1,3.2,15,0.2551824131233728,0.9668929289391521,2.6,1.9,3.5,-6.8,-2.671428571428572,0.3571428571428572
2024-01-16,-0.8,-3.5,1.1,16,0.2717767384711357,0.9623603298276545,1.5,-1.1,3.2,-7.7,-1.4857142857142869,-0.007142857142857054
2024-01-17,-2.3,-5.2,-0.5,17,0.2882906407095177,0.9575429528116719,-0.8,-3.5,1.1,-6.1,-0.500000000000001,-0.42857142857142844
2024-01-18,-2.0,-4.6,-0.6,18,0.3047192331091634,0.9524422234305676,-2.3,-5.2,-0.5,-3.0,0.04285714285714182,-1.2928571428571427
2024-01-19,-0.6,-4.7,2.1,19,0.321057654185271,0.9470596510722283,-2.0,-4.6,-0.6,0.1,0.18571428571428467,-1.7428571428571427
2024-01-20,0.8,-3.7,3.4,20,0.3373010691361842,0.9413968285264122,-0.6,-4.7,2.1,2.2,0.08571428571428466,-1.8214285714285714
2024-01-21,-0.3,-4.7,3.3,21,0.3534446712740877,0.9354554315134164,0.8,-3.7,3.4,2.6,-0.11428571428571536,-1.7428571428571427
2024-01-22,6.9,2.4,10.3,22,0.3694836834473831,0.9292372181882051,-0.3,-4.7,3.3,1.5,-0.5285714285714296,-1.5999999999999999
2024-01-23,6.1,3.9,8.1,23,0.38541335945432564,0.9227440286201427,6.9,2.4,10.3,-0.8,0.24285714285714174,-0.6214285714285713
2024-01-24,9.1,4.6,11.5,24,0.4012289854475009,0.9159777842484877,6.1,3.9,8.1,-2.3,1.2285714285714275,0.3642857142857144
2024-01-25,7.4,2.8,8.7,25,0.4169258813287287,0.908940487313808,9.1,4.6,11.5,-2.0,2.8571428571428563,1.45
2024-01-26,5.2,0.6,9.7,26,0.4324994021339788,0.901634220265486,7.4,2.8,8.7,-0.6,4.199999999999998,2.192857142857143
2024-01-27,5.2,2.8,7.1,27,0.44794493940789115,0.8940611451454876,5.2,0.6,9.7,0.8,5.028571428571428,2.557142857142857
2024-01-28,2.9,-1.6,7.8,28,0.4632579225674917,0.88622350294858,5.2,2.8,7.1,-0.3,5.657142857142857,2.771428571428572
2024-01-29,4.2,0.2,9.8,29,0.4784338202547012,0.8781236129591848,2.9,-1.6,7.8,6.9,6.114285714285713,2.792857142857143
2024-01-30,5.2,0.9,8.5,30,0.49346814167723735,0.8697638720650646,4.2,0.2,9.8,6.1,5.728571428571428,2.985714285714286
2024-01-31,6.0,4.6,8.9,31,0.5083564379375122,0.8611467540480452,5.2,0.9,8.5,9.1,5.6,3.414285714285714
2024-02-01,6.4,4.4,8.7,32,0.5230943033491326,0.8522748088519838,6.0,4.6,8.9,7.4,5.157142857142857,4.007142857142857
2024-02-02,6.4,4.3,8.7,33,0.5376773767406141,0.8431506618282,6.4,4.4,8.7,5.2,5.014285714285713,4.607142857142857
2024-02-03,9.7,7.8,11.0,34,0.5521013427459208,0.8337770129585915,6.4,4.3,8.7,5.2,5.185714285714284,5.107142857142857
2024-02-04,7.6,5.9,8.8,35,0.5663619330814524,0.8241566360566663,9.7,7.8,11.0,2.9,5.828571428571427,5.742857142857142
2024-02-05,10.0,6.9,10.6,36,0.580454927809098,0.8142923779467267,7.6,5.9,8.8,4.2,6.499999999999999,6.307142857142858
2024-02-06,10.4,8.7,11.9,37,0.5943761565849831,0.804187157621448,10.0,6.9,10.6,5.2,7.328571428571427,6.528571428571429
2024-02-07,4.6,-0.5,9.2,38,0.6081214998935418,0.7938439653781019,10.4,8.7,11.9,6.0,8.071428571428571,6.835714285714286
2024-02-08,1.1,-2.0,4.1,39,0.6216868902665479,0.7832658619336791,4.6,-0.5,9.2,6.4,7.871428571428571,6.514285714285714
2024-02-09,3.6,0.6,7.9,40,0.6350683134867438,0.7724559775191742,1.1,-2.0,4.1,6.4,7.114285714285713,6.064285714285715
2024-02-10,9.9,6.7,14.0,41,0.6482618097757122,0.7614175109532997,3.6,0.6,7.9,9.7,6.714285714285713,5.95
2024-02-11,8.1,6.5,9.4,42,0.6612634749656386,0.7501537286959042,9.9,6.7,14.0,7.6,6.742857142857141,6.285714285714286
2024-02-12,7.3,4.9,9.8,43,0.6740694616546161,0.7386679638813748,8.1,6.5,9.4,10.0,6.814285714285712,6.657142857142857
2024-02-13,5.8,2.5,9.3,44,0.6866759803451553,0.726963615332308,7.3,4.9,9.8,10.4,6.428571428571428,6.878571428571429
2024-02-14,6.3,2.0,10.3,45,0.6990793005655562,0.7150441465537444,5.8,2.5,9.3,4.6,5.7714285714285705,6.921428571428572
2024-02-15,11.3,9.0,13.9,46,0.7112757519738152,0.7029130847082615,6.3,2.0,10.3,1.1,6.0142857142857125,6.942857142857143
2024-02-16,12.1,8.6,16.0,47,0.7232617254437388,0.6905740195722293,11.3,9.0,13.9,3.6,7.47142857142857,7.292857142857143
2024-02-17,8.9,6.2,11.9,48,0.7350336741329413,0.6780306024735382,12.1,8.6,16.0,9.9,8.685714285714285,7.700000000000001
2024-02-18,7.2,3.0,10.2,49,0.746588114532413,0.6652865452111116,8.9,6.2,11.9,8.1,8.542857142857141,7.642857142857143
2024-02-19,8.1,6.4,9.5,50,0.7579216274973472,0.6523456189565257,7.2,3.0,10.2,7.3,8.414285714285713,7.614285714285714
2024-02-20,8.3,6.9,9.1,51,0.7690308592589181,0.6392116531380588,8.1,6.4,9.5,5.8,8.528571428571427,7.478571428571428
2024-02-21,8.7,7.0,11.7,52,0.7799125224167177,0.6258885343075018,8.3,6.9,9.1,6.3,8.885714285714284,7.328571428571429
2024-02-22,9.9,8.1,12.1,53,0.7905633969115482,0.612380204990065,8.7,7.0,11.7,11.3,9.228571428571428,7.621428571428571
2024-02-23,8.3,4.2,11.9,54,0.8009803309782905,0.5986906625177214,9.9,8.1,12.1,12.1,9.028571428571428,8.25
2024-02-24,6.1,1.5,11.2,55,0.8111602420785621,0.5848239578463322,8.3,4.2,11.9,8.9,8.485714285714284,8.585714285714285
2024-02-25,6.1,0.7,12.4,56,0.8211001178128892,0.5707841943569036,6.1,1.5,11.2,7.2,8.085714285714284,8.314285714285715
2024-02-26,6.2,0.3,11.7,57,0.8307970168121247,0.5565755266413303,6.1,0.7,12.4,8.1,7.928571428571428,8.171428571428573
2024-02-27,4.8,2.9,6.6,58,0.8402480696078469,0.5422021592729844,6.2,0.3,11.7,8.3,7.657142857142856,8.092857142857143
2024-02-28,3.0,-0.3,4.9,59,0.8494504794814806,0.527668345562516,4.8,2.9,6.6,8.7,7.157142857142856,8.02142857142857
2024-02-29,4.7,-1.4,10.2,60,0.8584015232918917,0.512978386299228,3.0,-0.3,4.9,9.9,6.342857142857142,7.785714285714286
2024-03-01,7.8,5.5,10.0,61,0.8670985522812081,0.4981366284784055,4.7,-1.4,10.2,8.3,5.599999999999999,7.314285714285715
2024-03-02,9.4,6.3,13.3,62,0.8755389928586302,0.4831474640149687,7.8,5.5,10.0,6.1,5.528571428571427,7.007142857142857
2024-03-03,10.4,7.0,14.8,63,0.8837203473619977,0.4680153284438345,9.4,6.3,13.3,6.1,5.999999999999999,7.042857142857144
2024-03-04,9.4,6.1,12.8,64,0.8916401947968874,0.45274469960737107,10.4,7.0,14.8,6.2,6.614285714285713,7.271428571428571
2024-03-05,4.6,-0.8,8.0,65,0.8992961915530253,0.4373400963303323,9.4,6.1,12.8,4.8,7.071428571428569,7.364285714285714
2024-03-06,4.2,-1.2,8.7,66,0.9066860720977985,0.4218060770826634,4.6,-0.8,8.0,3.0,7.042857142857142,7.1
2024-03-07,4.9,-1.0,8.3,67,0.9138076496466615,0.4061472386305789,4.2,-1.2,8.7,4.7,7.2142857142857135,6.778571428571428
2024-03-08,3.7,-2.0,9.3,68,0.9206588168102428,0.3903682146763026,4.9,-1.0,8.3,7.8,7.242857142857141,6.421428571428572
2024-03-09,5.6,0.0,10.0,69,0.9272375462179537,0.374473674486883,3.7,-2.0,9.3,9.4,6.657142857142857,6.092857142857143
2024-03-10,8.4,2.9,12.7,70,0.9335418911179212,0.35846832151248087,5.6,0.0,10.0,10.4,6.114285714285712,6.057142857142857
2024-03-11,10.4,4.4,14.1,71,0.9395699859530622,0.342356891994542,8.4,2.9,12.7,9.4,5.828571428571427,6.221428571428572
2024-03-12,9.8,3.9,15.8,72,0.945320046913132,0.3261441535642696,10.4,4.4,14.1,4.6,5.97142857142857,6.521428571428571
2024-03-13,10.2,6.1,14.4,73,0.9507903724625832,0.3098349038318025,9.8,3.9,15.8,4.2,6.714285714285713,6.878571428571429
2024-03-14,11.2,7.3,15.9,74,0.9559793438440766,0.2934339689665273,10.2,6.1,14.4,4.9,7.57142857142857,7.392857142857143
2024-03-15,12.8,7.2,18.7,75,0.9608854255574977,0.27694620226893646,11.2,7.3,15.9,3.7,8.47142857142857,7.857142857142857
2024-03-16,9.6,4.2,15.2,76,0.9655071658143364,0.2603764827344581,12.8,7.2,18.7,5.6,9.77142857142857,8.214285714285714
2024-03-17,4.7,0.2,9.3,77,0.969843196967294,0.24372971360968387,9.6,4.2,15.2,8.4,10.342857142857142,8.22857142857143
2024-03-18,2.3,-2.4,7.5,78,0.9738922359149924,0.22701082094141847,4.7,0.2,9.3,10.4,9.814285714285713,7.821428571428571
2024-03-19,4.6,-1.8,10.3,79,0.9776530844816641,0.2102247521189836,2.3,-2.4,7.5,9.8,8.657142857142855,7.314285714285715
2024-03-20,10.9,3.1,18.0,80,0.981124629771712,0.19337647441020586,4.6,-1.8,10.3,10.2,7.914285714285713,7.314285714285715
2024-03-21,10.5,6.2,15.4,81,0.984305844499033,0.17647097349152166,10.9,3.1,18.0,11.2,8.014285714285712,7.792857142857144
2024-03-22,9.6,6.9,12.9,82,0.9871957872910085,0.15951325197263655,10.5,6.2,15.4,12.8,7.914285714285713,8.192857142857143
2024-03-23,6.0,3.0,8.3,83,0.9897936029670716,0.14250832791617088,9.6,6.9,12.9,9.6,7.4571428571428555,8.614285714285714
2024-03-24,5.2,2.3,8.4,84,0.992098522791769,0.12546123335273648,6.0,3.0,8.3,4.7,6.942857142857142,8.642857142857142
2024-03-25,6.3,2.8,10.0,85,0.9941098647022418,0.10837701279187609,5.2,2.3,8.4,2.3,7.0142857142857125,8.414285714285715
2024-03-26,8.2,1.2,14.0,86,0.9958270335100595,0.09126072172931188,6.3,2.8,10.0,4.6,7.5857142857142845,8.121428571428572
2024-03-27,12.0,4.7,18.3,87,0.9972495210773451,0.07411742515094437,8.2,1.2,14.0,10.9,8.099999999999998,8.007142857142858
2024-03-28,10.2,7.0,14.9,88,0.998376906467142,0.056952196034039754,12.0,4.7,18.3,10.5,8.257142857142856,8.135714285714286
2024-03-29,10.8,5.3,16.0,89,0.9992088560679753,0.03977011384605572,10.2,7.0,14.9,9.6,8.214285714285712,8.064285714285715
2024-03-30,14.6,5.9,22.8,90,0.9997451236925734,0.022576263041545485,10.8,5.3,16.0,6.0,8.385714285714284,7.921428571428572
2024-03-31,13.9,6.7,19.3,91,0.9999855506507186,0.005375731557583884,14.6,5.9,22.8,5.2,9.614285714285712,8.278571428571428
2024-04-01,13.3,7.9,20.6,92,0.9999300657962057,-0.011826390691832589,13.9,6.7,19.3,6.3,10.857142857142856,8.935714285714287
2024-04-02,11.7,8.7,14.7,93,0.9995786855478958,-0.029025013321975237,13.3,7.9,20.6,8.2,11.857142857142856,9.721428571428572
2024-04-03,10.5,8.9,12.1,94,0.9989315138848577,-0.046215046983708354,11.7,8.7,14.7,12.0,12.357142857142856,10.228571428571428
2024-04-04,12.2,9.6,15.1,95,0.9979887423155984,-0.06339140486951038,10.5,8.9,12.1,10.2,12.14285714285714,10.2
2024-04-05,14.9,10.8,18.9,96,0.9967506498213929,-0.08054900421874167,12.2,9.6,15.1,10.8,12.428571428571427,10.321428571428571
2024-04-06,17.8,12.4,23.8,97,0.9952176027737294,-0.09768276782171598,14.9,10.8,18.9,14.6,13.01428571428571,10.700000000000001
2024-04-07,19.1,13.9,23.6,98,0.9933900548258936,-0.11478762552212701,17.8,12.4,23.8,13.9,13.47142857142857,11.542857142857143
2024-04-08,20.1,13.4,27.2,99,0.9912685467787256,-0.13185851571739118,19.1,13.9,23.6,13.3,14.214285714285712,12.535714285714286
2024-04-09,17.8,11.2,26.7,100,0.9888537064205885,-0.1488903868564548,20.1,13.4,27.2,11.7,15.185714285714283,13.521428571428572
2024-04-10,11.9,8.7,15.0,101,0.986146248341595,-0.16587819893463143,17.8,11.2,26.7,10.5,16.057142857142857,14.207142857142857
2024-04-11,12.9,4.9,17.5,102,0.9831469737221499,-0.1828169249850199,11.9,8.7,15.0,12.2,16.257142857142856,14.200000000000001
2024-04-12,16.1,13.2,20.2,103,0.9798567700958665,-0.1997015525660636,12.9,4.9,17.5,14.9,16.357142857142858,14.392857142857142
2024-04-13,17.8,12.0,23.1,104,0.9762766110869321,-0.21652708524481437,16.1,13.2,20.2,17.8,16.52857142857143,14.771428571428572
2024-04-14,14.8,9.5,17.6,105,0.9724075561219968,-0.23328854407545518,17.8,12.0,23.1,19.1,16.52857142857143,15.0
2024-04-15,10.6,5.9,14.3,106,0.9682507501166718,-0.2499809690726521,14.8,9.5,17.6,20.1,15.914285714285713,15.064285714285717
2024-04-16,6.9,3.0,10.4,107,0.9638074231367307,-0.26659942067929354,10.6,5.9,14.3,17.8,14.557142857142853,14.871428571428572
2024-04-17,6.3,1.9,12.1,108,0.9590788900341131,-0.28313898122818354,6.9,3.0,10.4,11.9,12.999999999999998,14.52857142857143
2024-04-18,6.9,0.2,12.1,109,0.9540665500578387,-0.2995947563972602,6.3,1.9,12.1,12.9,12.2,14.22857142857143
2024-04-19,6.5,5.4,8.4,110,0.9487718864399473,-0.31596187665790293,6.9,0.2,12.1,16.1,11.342857142857142,13.85
2024-04-20,5.9,1.4,10.3,111,0.9431964659565866,-0.33223549871590435,6.5,5.4,8.4,17.8,9.97142857142857,13.25
2024-04-21,4.0,-1.3,9.4,112,0.9373419384643772,-0.3484108069446808,5.9,1.4,10.3,14.8,8.27142857142857,12.400000000000002
2024-04-22,2.6,-2.1,5.9,113,0.9312100364121947,-0.3644830148102912,4.0,-1.3,9.4,10.6,6.728571428571427,11.321428571428571
2024-04-23,5.5,-0.4,9.8,114,0.9248025743285089,-0.38044736628785164,2.6,-2.1,5.9,6.9,5.585714285714284,10.071428571428571
2024-04-24,6.7,3.9,9.8,115,0.9181214482844364,-0.39629913726891813,5.5,-0.4,9.8,6.3,5.385714285714284,9.192857142857141
2024-04-25,6.1,2.2,11.1,116,0.9111686353326631,-0.41203363695942635,6.7,3.9,9.8,6.9,5.442857142857141,8.821428571428573
2024-04-26,9.7,3.0,14.9,117,0.9039461929224011,-0.42764620926777464,6.1,2.2,11.1,6.5,5.328571428571427,8.335714285714285
2024-04-27,13.7,2.5,21.9,118,0.8964562582905575,-0.44313223418263453,9.7,3.0,14.9,5.9,5.785714285714284,7.878571428571428
2024-04-28,17.1,8.7,23.7,119,0.8887010478292915,-0.45848712914008766,13.7,2.5,21.9,4.0,6.899999999999998,7.5857142857142845
2024-04-29,16.9,12.6,21.6,120,0.8806828564301475,-0.47370635037968,17.1,8.7,23.7,2.6,8.77142857142857,7.75
2024-04-30,20.3,10.8,28.3,121,0.8724040568049612,-0.48878539428899265,16.9,12.6,21.6,5.5,10.814285714285713,8.200000000000001
2024-05-01,21.1,13.0,26.6,122,0.8638670987837349,-0.503719798736334,20.3,10.8,28.3,6.7,12.928571428571427,9.157142857142857
2024-05-02,20.9,14.7,26.1,123,0.8550745085896932,-0.518505144391157,21.1,13.0,26.6,6.1,14.985714285714282,10.214285714285714
2024-05-03,18.8,13.7,23.6,124,0.8460288880917339,-0.533137056031809,20.9,14.7,26.1,9.7,17.099999999999998,11.214285714285714
2024-05-04,16.2,11.9,21.3,125,0.8367329140344921,-0.5476112038402312,18.8,13.7,23.6,13.7,18.4,12.092857142857143
2024-05-05,16.3,11.2,21.5,126,0.8271893372462497,-0.5619233046832195,16.2,11.9,21.3,17.1,18.757142857142856,12.828571428571427
2024-05-06,13.9,8.9,20.4,127,0.8174009818249189,-0.5760691233798758,16.3,11.2,21.5,16.9,18.642857142857142,13.707142857142856
2024-05-07,11.7,8.2,16.3,128,0.8073707443023492,-0.5900444739548627,13.9,8.9,20.4,20.3,18.21428571428571,14.514285714285714
2024-05-08,12.7,7.3,19.1,129,0.7971015927871943,-0.6038452208771035,11.7,8.2,16.3,21.1,16.985714285714284,14.957142857142857
2024-05-09,14.2,5.7,20.9,130,0.7865965660866021,-0.6174672802835514,12.7,7.3,19.1,20.9,15.785714285714281,15.385714285714286
2024-05-10,17.0,10.1,23.3,131,0.7758587728069828,-0.6309066211876704,14.2,5.7,20.9,18.8,14.828571428571426,15.964285714285712
2024-05-11,14.9,11.3,19.8,132,0.7648913904341225,-0.6441592666722685,17.0,10.1,23.3,16.2,14.57142857142857,16.485714285714288
2024-05-12,15.5,8.8,21.5,133,0.753697664392914,-0.6572212950663319,14.9,11.3,19.8,16.3,14.385714285714284,16.571428571428573
2024-05-13,17.4,9.0,24.8,134,0.742280907086982,-0.6700888411055113,15.5,8.8,21.5,13.9,14.27142857142857,16.457142857142856
2024-05-14,19.1,10.6,25.9,135,0.7306444969184916,-0.6827580970759147,17.4,9.0,24.8,11.7,14.771428571428569,16.492857142857144
2024-05-15,20.2,12.5,26.3,136,0.7187918772884232,-0.6952253139408722,19.1,10.6,25.9,12.7,15.828571428571426,16.407142857142855
2024-05-16,20.3,13.8,26.3,137,0.7067265555776158,-0.7074868024503348,20.2,12.5,26.3,14.2,16.9,16.342857142857145
2024-05-17,19.5,14.5,26.0,138,0.6944521021088763,-0.719538934232584,20.3,13.8,26.3,17.0,17.77142857142857,16.3
2024-05-18,16.5,12.4,19.5,139,0.6819721490904629,-0.7313781428679254,19.5,14.5,26.0,14.9,18.128571428571426,16.349999999999998
2024-05-19,16.7,10.6,20.4,140,0.6692903895412567,-0.7430009249440493,16.5,12.4,19.5,15.5,18.357142857142854,16.37142857142857
2024-05-20,17.2,10.2,23.0,141,0.6564105761979381,-0.7544038410927472,16.7,10.6,20.4,17.4,18.52857142857143,16.4
2024-05-21,21.5,13.0,28.1,142,0.6433365204044917,-0.765583517007675,17.2,10.2,23.0,19.1,18.5,16.635714285714286
2024-05-22,20.3,15.2,25.3,143,0.6300720909843687,-0.7765366444428655,21.5,13.0,28.1,20.2,18.842857142857138,17.335714285714285
2024-05-23,19.0,14.0,24.4,144,0.6166212130956382,-0.7872599821916922,20.3,15.2,25.3,20.3,18.857142857142858,17.87857142857143
2024-05-24,19.2,12.3,26.3,145,0.6029878670694714,-0.7977503570459932,19.0,14.0,24.4,19.5,18.67142857142857,18.22142857142857
2024-05-25,18.7,13.8,24.6,146,0.5891760872322963,-0.8080046647350754,19.2,12.3,26.3,16.5,18.628571428571426,18.37857142857143
2024-05-26,20.5,11.7,25.8,147,0.5751899607119775,-0.8180198708443174,18.7,13.8,24.6,16.7,18.94285714285714,18.650000000000002
2024-05-27,20.0,16.0,24.9,148,0.5610336262283677,-0.8277930117131022,20.5,11.7,25.8,17.2,19.485714285714284,19.00714285714286
2024-05-28,16.5,12.3,19.7,149,0.5467112728685939,-0.8373211953118121,20.0,16.0,24.9,21.5,19.885714285714283,19.192857142857143
2024-05-29,17.6,11.1,23.2,150,0.5322271388474397,-0.8466016020976267,16.5,12.3,19.7,20.3,19.17142857142857,19.00714285714286
2024-05-30,16.9,13.8,21.2,151,0.5175855102531889,-0.8556314858488706,17.6,11.1,23.2,19.0,18.785714285714285,18.821428571428573
2024-05-31,18.2,13.1,23.7,152,0.5027907197793043,-0.8644081744776648,16.9,13.8,21.2,19.2,18.485714285714284,18.57857142857143
2024-06-01,21.1,15.2,26.6,153,0.4878471454423119,-0.8729290708206411,18.2,13.1,23.7,18.7,18.342857142857138,18.485714285714288
2024-06-02,19.8,15.7,25.5,154,0.47275920928627757,-0.881191653407483,21.1,15.2,26.6,20.5,18.685714285714283,18.814285714285713
2024-06-03,14.5,13.3,16.4,155,0.4575313760742512,-0.8891934772070711,19.8,15.7,25.5,20.0,18.585714285714285,19.035714285714285
2024-06-04,16.7,12.9,20.9,156,0.44216815196707204,-0.8969321743510065,14.5,13.3,16.4,16.5,17.799999999999997,18.842857142857145
2024-06-05,16.4,12.4,21.3,157,0.42667408318992467,-0.9044054548343001,16.7,12.9,20.9,17.6,17.828571428571426,18.5
2024-06-06,16.0,11.7,21.0,158,0.4110537546870351,-0.9116111071930239,16.4,12.4,21.3,16.9,17.657142857142855,18.22142857142857
2024-06-07,16.4,9.3,21.1,159,0.3953117887649151,-0.9185469991587165,16.0,11.7,21.0,18.2,17.52857142857143,18.007142857142856
2024-06-08,18.9,8.0,26.6,160,0.37945284372454435,-0.925211078289358,16.4,9.3,21.1,21.1,17.27142857142857,17.807142857142857
2024-06-09,16.0,10.9,21.3,161,0.36348161248290634,-0.9316013725767187,18.9,8.0,26.6,19.8,16.957142857142856,17.821428571428573
2024-06-10,15.1,10.7,19.9,162,0.3474028211842774,-0.9377159910299093,16.0,10.9,21.3,14.5,16.41428571428571,17.5
2024-06-11,13.8,10.3,18.3,163,0.3312212278016865,-0.9435531242349544,15.1,10.7,19.9,16.7,16.499999999999996,17.15
2024-06-12,13.5,9.1,18.4,164,0.31494162072895193,-0.9491110448902284,13.8,10.3,18.3,16.4,16.085714285714282,16.95714285714286
2024-06-13,14.5,10.1,20.0,165,0.2985688173637202,-0.9543881083175908,13.5,9.1,18.4,16.0,15.671428571428569,16.664285714285715
2024-06-14,14.9,9.5,21.0,166,0.2821076626819194,-0.9593827529490743,14.5,10.1,20.0,16.4,15.457142857142856,16.492857142857144
2024-06-15,17.5,11.6,23.3,167,0.26556302780405594,-0.9640935007889755,14.9,9.5,21.0,18.9,15.242857142857142,16.257142857142856
2024-06-16,19.5,10.5,24.9,168,0.24893980855376657,-0.9685189578512204,17.5,11.6,23.3,16.0,15.042857142857141,16.0
2024-06-17,19.9,13.1,24.9,169,0.23224292400907015,-0.9726578145718654,19.5,10.5,24.9,15.1,15.542857142857141,15.978571428571428
2024-06-18,20.5,13.0,28.2,170,0.21547731504673012,-0.976508846196619,19.9,13.1,24.9,13.8,16.228571428571424,16.364285714285714
2024-06-19,16.5,12.0,18.5,171,0.19864794288017112,-0.9800709131432666,20.5,13.0,28.2,13.5,17.185714285714283,16.635714285714286
2024-06-20,18.1,10.5,23.3,172,0.18175978759137534,-0.9833429613388902,16.5,12.0,18.5,14.5,17.61428571428571,16.642857142857142
2024-06-21,21.1,16.2,27.7,173,0.16481784665719793,-0.9863240225317866,18.1,10.5,23.3,14.9,18.128571428571426,16.79285714285714
2024-06-22,19.5,15.1,23.8,174,0.14782713347053048,-0.9890132145779883,21.1,16.2,27.7,17.5,19.014285714285712,17.128571428571426
2024-06-23,19.2,14.7,23.7,175,0.13079267585675922,-0.9914097417023038,19.5,15.1,23.8,19.5,19.3,17.17142857142857
2024-06-24,19.9,13.1,25.4,176,0.11371951458594969,-0.9935128947338007,19.2,14.7,23.7,19.9,19.257142857142856,17.400000000000002
2024-06-25,21.4,15.1,27.2,177,0.0966127018812031,-0.9953220513156602,19.9,13.1,25.4,20.5,19.257142857142856,17.742857142857144
2024-06-26,25.1,17.3,31.2,178,0.07947729992362097,-0.9968366760893436,21.4,15.1,27.2,16.5,19.385714285714283,18.285714285714285
2024-06-27,25.0,20.8,31.4,179,0.062318379354325076,-0.998056320853012,25.1,17.3,31.2,18.1,20.61428571428571,19.114285714285717
2024-06-28,23.4,15.0,28.9,180,0.04514101777397193,-0.9989806246941579,25.0,20.8,31.4,21.1,21.599999999999998,19.864285714285717
2024-06-29,23.6,15.3,29.9,181,0.02795029824021032,-0.999609314096404,23.4,15.0,28.9,19.5,21.928571428571427,20.47142857142857
2024-06-30,22.0,17.1,27.6,182,0.01075130776352193,-0.9999422030204416,23.6,15.3,29.9,19.2,22.514285714285712,20.907142857142862
2024-07-01,17.5,13.4,20.4,183,-0.00645086419810515,-0.9999791929590823,22.0,17.1,27.6,19.9,22.91428571428571,21.08571428571429
2024-07-02,15.0,13.1,18.0,184,-0.023651127245231586,-0.9997202729664083,17.5,13.4,20.4,21.4,22.571428571428573,20.914285714285715
2024-07-03,15.4,12.4,18.5,185,-0.04084439154329611,-0.9991655196610109,15.0,13.1,18.0,25.1,21.657142857142855,20.521428571428572
2024-07-04,15.8,12.6,19.3,186,-0.05802556932878035,-0.9983150972033183,15.4,12.4,18.5,25.0,20.271428571428572,20.442857142857143
2024-07-05,17.3,10.5,22.7,187,-0.07518957641475855,-0.9971692572470178,15.8,12.6,19.3,23.4,18.957142857142856,20.278571428571432
2024-07-06,22.1,15.1,31.8,188,-0.09233133369539122,-0.9957283388645872,17.3,10.5,22.7,23.6,18.085714285714285,20.00714285714286
2024-07-07,19.2,12.0,23.6,189,-0.10944576864891556,-0.993992768446958,22.1,15.1,31.8,22.0,17.87142857142857,20.192857142857143
2024-07-08,21.0,11.7,28.1,190,-0.12652781683868314,-0.9919630595773397,19.2,12.0,23.6,17.5,17.47142857142857,20.192857142857143
2024-07-09,25.8,18.6,31.9,191,-0.1435724234118113,-0.9896398128792412,21.0,11.7,28.1,15.0,17.971428571428568,20.27142857142857
2024-07-10,24.6,20.1,30.8,192,-0.16057454459499376,-0.9870237158387383,25.8,18.6,31.9,15.4,19.51428571428571,20.585714285714285
2024-07-11,22.8,19.3,27.9,193,-0.17752914918703497,-0.984115542601034,24.6,20.1,30.8,15.8,20.828571428571426,20.55
2024-07-12,20.8,18.2,25.6,194,-0.19443122004766195,-0.9809161537413774,22.8,19.3,27.9,17.3,21.828571428571426,20.392857142857142
2024-07-13,18.4,14.2,23.2,195,-0.2112757555821793,-0.9774264960104055,20.8,18.2,25.6,22.1,22.32857142857143,20.207142857142856
2024-07-14,19.6,12.8,24.5,196,-0.2280577712215198,-0.9736476020539838,18.4,14.2,23.2,19.2,21.799999999999994,19.835714285714285
2024-07-15,23.1,14.7,29.8,197,-0.24477230089725957,-0.9695805901076308,19.6,12.8,24.5,21.0,21.857142857142858,19.664285714285715
2024-07-16,22.0,16.9,28.9,198,-0.2614143985111562,-0.965226663665613,23.1,14.7,29.8,25.8,22.157142857142855,20.064285714285717
2024-07-17,19.9,15.3,24.6,199,-0.2779791393987801,-0.9605871111248129,22.0,16.9,28.9,24.6,21.614285714285717,20.564285714285717
2024-07-18,20.9,12.9,27.1,200,-0.2944616217868012,-0.9556633054034704,19.9,15.3,24.6,22.8,20.94285714285714,20.885714285714283
2024-07-19,23.0,15.2,29.4,201,-0.3108569682435036,-0.9504567035349151,20.9,12.9,27.1,20.8,20.67142857142857,21.25
2024-07-20,24.7,18.8,30.5,202,-0.3271603271220951,-0.9449688462364056,23.0,15.2,29.4,18.4,20.985714285714284,21.657142857142855
2024-07-21,25.3,17.8,32.5,203,-0.34336687399638804,-0.939201357453208,24.7,18.8,30.5,19.6,21.885714285714283,21.842857142857145
2024-07-22,20.8,15.1,23.4,204,-0.3594718130884232,-0.9331559438780432,25.3,17.8,32.5,23.1,22.699999999999996,22.27857142857143
2024-07-23,19.9,12.8,27.9,205,-0.3754703786876202,-0.9268343944460494,20.8,15.1,23.4,22.0,22.37142857142857,22.264285714285712
2024-07-24,19.6,15.3,24.1,206,-0.3913578365610259,-0.9202385798054075,19.9,12.8,27.9,19.9,22.071428571428573,21.842857142857145
2024-07-25,18.3,12.8,23.8,207,-0.4071294853542516,-0.9133704517637858,19.6,15.3,24.1,20.9,22.02857142857143,21.485714285714288
2024-07-26,20.7,14.5,24.8,208,-0.4227806579826773,-0.9062320427107697,18.3,12.8,23.8,23.0,21.65714285714285,21.164285714285715
2024-07-27,20.1,16.8,23.2,209,-0.4383067230125192,-0.898825465016444,20.7,14.5,24.8,24.7,21.328571428571426,21.157142857142855
2024-07-28,19.0,15.1,23.6,210,-0.45370308603134424,-0.8911529104063088,20.1,16.8,23.2,25.3,20.67142857142857,21.278571428571432
2024-07-29,18.9,13.4,24.2,211,-0.46896519100763184,-0.8832166493127127,19.0,15.1,23.6,20.8,19.77142857142857,21.235714285714288
2024-07-30,20.8,11.9,28.3,212,-0.48408852163897587,-0.8750190302029955,18.9,13.4,24.2,19.9,19.499999999999996,20.935714285714283
2024-07-31,23.5,15.4,29.6,213,-0.4990686026885319,-0.8665624788845385,20.8,11.9,28.3,19.6,19.628571428571426,20.849999999999998
2024-08-01,23.0,17.7,28.3,214,-0.5139010013093103,-0.8578494977869301,23.5,15.4,29.6,18.3,20.185714285714283,21.107142857142858
2024-08-02,19.7,17.6,22.1,215,-0.5285813283559292,-0.8488826652214553,23.0,17.7,28.3,20.7,20.857142857142858,21.25714285714286
2024-08-03,20.8,14.1,25.7,216,-0.5431052396834317,-0.8396646346181327,19.7,17.6,22.1,20.1,20.71428571428571,21.021428571428572
2024-08-04,19.9,16.8,23.9,217,-0.5574684374327892,-0.8301981337405212,20.8,14.1,25.7,19.0,20.814285714285713,20.74285714285714
2024-08-05,18.5,14.2,23.2,218,-0.5716666713027052,-0.8204859638785327,19.9,16.8,23.9,18.9,20.942857142857143,20.357142857142858
2024-08-06,20.4,12.2,26.0,219,-0.5856957398073508,-0.8105309990194823,18.5,14.2,23.2,20.8,20.885714285714283,20.192857142857143
2024-08-07,22.8,14.9,29.7,220,-0.5995514915196489,-0.8003361849976323,20.4,12.2,26.0,23.5,20.828571428571426,20.228571428571428
2024-08-08,20.2,15.4,24.0,221,-0.6132298262997502,-0.7899045386224707,22.8,14.9,29.7,23.0,20.728571428571428,20.45714285714286
2024-08-09,20.4,15.5,25.2,222,-0.6267266965083301,-0.7792391467859886,20.2,15.4,24.0,19.7,20.328571428571426,20.592857142857145
2024-08-10,21.5,15.6,27.0,223,-0.6400381082043503,-0.7683431655492202,20.4,15.5,25.2,20.8,20.428571428571423,20.571428571428573
2024-08-11,21.3,15.7,26.4,224,-0.65316012232693,-0.7572198192083127,21.5,15.6,27.0,19.9,20.52857142857143,20.67142857142857
2024-08-12,21.4,12.7,28.3,225,-0.666088855860977,-0.7458723993404063,21.3,15.7,26.4,18.5,20.728571428571424,20.835714285714285
2024-08-13,23.0,14.9,29.9,226,-0.6788204829862355,-0.734304263829602,21.4,12.7,28.3,20.4,21.14285714285714,21.014285714285712
2024-08-14,24.7,16.7,32.6,227,-0.6913512362094071,-0.722518835873311,23.0,14.9,29.9,22.8,21.514285714285712,21.17142857142857
2024-08-15,24.1,18.7,29.3,228,-0.7036774074790128,-0.7105196029692745,24.7,16.7,32.6,20.2,21.785714285714285,21.25714285714286
2024-08-16,24.2,17.1,30.3,229,-0.7157953492826642,-0.6983101158835584,24.1,18.7,29.3,20.4,22.342857142857145,21.335714285714285
2024-08-17,23.5,19.1,29.0,230,-0.7277014757264236,-0.6858939875998223,24.2,17.1,30.3,21.5,22.885714285714283,21.657142857142855
2024-08-18,20.2,17.0,23.7,231,-0.7393922635959241,-0.673274892250183,23.5,19.1,29.0,21.3,23.17142857142857,21.849999999999998
2024-08-19,19.4,13.5,24.2,232,-0.7508642533989489,-0.6604565640279754,20.2,17.0,23.7,21.4,23.01428571428571,21.871428571428574
2024-08-20,21.0,11.3,27.4,233,-0.7621140503891487,-0.6474427960827475,19.4,13.5,24.2,23.0,22.728571428571424,21.935714285714287
2024-08-21,20.5,14.7,24.6,234,-0.7731383255706026,-0.6342374393978054,21.0,11.3,27.4,24.7,22.44285714285714,21.978571428571428
2024-08-22,19.2,14.4,24.7,235,-0.7839338166829201,-0.620844401650647,20.5,14.7,24.6,24.1,21.842857142857138,21.814285714285713
2024-08-23,23.8,16.8,31.4,236,-0.7944973291665992,-0.6072676460566135,19.2,14.4,24.7,24.2,21.142857142857142,21.74285714285714
2024-08-24,25.9,16.3,32.9,237,-0.8048257371083452,-0.593511190196115,23.8,16.8,31.4,23.5,21.085714285714285,21.985714285714288
2024-08-25,21.2,14.5,25.8,238,-0.8149159841660791,-0.5795791048257612,25.9,16.3,32.9,20.2,21.428571428571427,22.3
2024-08-26,19.0,9.5,26.2,239,-0.8247650844733614,-0.5654755126737576,21.2,14.5,25.8,19.4,21.571428571428573,22.29285714285714
2024-08-27,20.7,13.0,27.4,240,-0.8343701235229538,-0.5512045872199277,19.0,9.5,26.2,21.0,21.514285714285712,22.12142857142857
2024-08-28,23.4,15.4,30.9,241,-0.8437282590292712,-0.5367705514607103,20.7,13.0,27.4,20.5,21.471428571428568,21.95714285714286
2024-08-29,27.0,20.4,34.7,242,-0.8528367217694595,-0.522177676659508,23.4,15.4,30.9,19.2,21.885714285714283,21.864285714285717
2024-08-30,23.2,16.1,30.2,243,-0.8616928164028522,-0.5074302810827518,27.0,20.4,34.7,23.8,22.999999999999996,22.071428571428573
2024-08-31,19.3,15.2,24.4,244,-0.8702939222685674,-0.49253272872205434,23.2,16.1,30.2,25.9,22.91428571428571,22.0
2024-09-01,19.7,13.6,25.8,245,-0.8786374941610001,-0.4774894280028391,19.3,15.2,24.4,21.2,21.971428571428568,21.7
2024-09-02,20.3,12.1,27.4,246,-0.886721063082993,-0.46230483047981086,19.7,13.6,25.8,19.0,21.757142857142856,21.664285714285715
2024-09-03,24.8,17.3,33.0,247,-0.8945422369764496,-0.4469834295196741,20.3,12.1,27.4,20.7,21.942857142857143,21.728571428571428
2024-09-04,26.7,19.1,34.4,248,-0.9020987014301837,-0.43152975897147144,24.8,17.3,33.0,23.4,22.52857142857143,22.0
2024-09-05,25.8,20.2,32.1,249,-0.9093882203647925,-0.4159483918249421,26.7,19.1,34.4,27.0,23.0,22.442857142857143
2024-09-06,23.7,17.7,30.2,250,-0.9164086366943458,-0.4002439388573056,25.8,20.2,32.1,23.2,22.82857142857143,22.914285714285715
2024-09-07,24.0,15.5,31.6,251,-0.9231578729647039,-0.38442104726885545,23.7,17.7,30.2,19.3,22.9,22.907142857142855
2024-09-08,25.7,18.8,32.4,252,-0.9296339319682695,-0.3684843993077793,24.0,15.5,31.6,19.7,23.571428571428573,22.771428571428572
2024-09-09,18.7,13.8,24.1,253,-0.9358348973349941,-0.35243871088460327,25.7,18.8,32.4,20.3,24.428571428571423,23.092857142857145
2024-09-10,16.8,14.5,19.7,254,-0.9417589340994617,-0.33628873017668287,18.7,13.8,24.1,24.8,24.2,23.071428571428573
2024-09-11,14.8,11.1,16.8,255,-0.9474042892438845,-0.32003923622313857,16.8,14.5,19.7,26.7,23.057142857142853,22.79285714285714
2024-09-12,12.1,8.9,16.6,256,-0.9527692922168511,-0.30369503751065885,14.8,11.1,16.8,25.8,21.357142857142858,22.178571428571427
2024-09-13,12.4,8.7,15.6,257,-0.9578523554276669,-0.28726097055059635,12.1,8.9,16.6,23.7,19.4,21.114285714285717
2024-09-14,14.3,10.1,19.1,258,-0.9626519747161487,-0.2707418984477642,12.4,8.7,15.6,24.0,17.785714285714285,20.342857142857145
2024-09-15,14.0,9.1,19.5,259,-0.9671667297977312,-0.2541427094613622,14.3,10.1,19.1,25.7,16.4,19.985714285714288
2024-09-16,15.4,12.4,18.1,260,-0.97139528468375,-0.23746831555846842,14.0,9.1,19.5,18.7,14.728571428571426,19.57857142857143
2024-09-17,19.3,15.0,25.5,261,-0.9753363880767837,-0.2207236509605022,15.4,12.4,18.1,16.8,14.257142857142854,19.228571428571428
2024-09-18,18.7,14.2,25.6,262,-0.9789888737409319,-0.20391367068311472,19.3,15.0,25.5,14.8,14.614285714285712,18.835714285714285
2024-09-19,18.6,14.6,24.7,263,-0.9823516608469237,-0.18704334906991657,18.7,14.2,25.6,12.1,15.171428571428569,18.264285714285712
2024-09-20,18.0,13.1,24.8,264,-0.9854237542919524,-0.17011767832049052,18.6,14.6,24.7,12.4,16.099999999999998,17.75
2024-09-21,17.0,10.2,24.1,265,-0.9882042449941422,-0.15314166701312007,18.0,13.1,24.8,14.3,16.9,17.342857142857145
2024-09-22,17.0,10.2,25.1,266,-0.9906923101615609,-0.13612033862266704,17.0,10.2,24.1,14.0,17.285714285714285,16.842857142857145
2024-09-23,18.0,9.1,25.6,267,-0.9928872135356962,-0.11905873003404988,17.0,10.2,25.1,15.4,17.71428571428571,16.22142857142857
2024-09-24,15.0,10.7,18.7,268,-0.994788305609327,-0.10196189005174576,18.0,9.1,25.6,19.3,18.085714285714282,16.17142857142857
2024-09-25,15.4,12.6,19.0,269,-0.9963950238187231,-0.08483487790576538,15.0,10.7,18.7,18.7,17.471428571428568,16.042857142857144
2024-09-26,16.9,14.0,19.7,270,-0.9977068927101168,-0.06768276175455162,15.4,12.6,19.0,18.6,16.999999999999996,16.085714285714285
2024-09-27,16.9,13.0,20.4,271,-0.9987235240803972,-0.050510617185222886,16.9,14.0,19.7,18.0,16.757142857142856,16.428571428571427
2024-09-28,12.5,7.2,17.0,272,-0.9994446170919858,-0.033323525711631344,16.9,13.0,20.4,17.0,16.599999999999998,16.75
2024-09-29,9.6,5.8,15.5,273,-0.9998699583618592,-0.016126573270657762,12.5,7.2,17.0,17.0,15.957142857142856,16.62142857142857
2024-09-30,10.5,5.5,15.9,274,-0.9999994220246925,0.001075151282798226,9.6,5.8,15.5,18.0,14.899999999999997,16.307142857142857
2024-10-01,9.7,8.0,11.2,275,-0.999832969770105,0.018276557681691223,10.5,5.5,15.9,15.0,13.828571428571426,15.957142857142857
2024-10-02,9.9,8.8,10.8,276,-0.9993706508539969,0.03547255575312556,9.7,8.0,11.2,15.4,13.07142857142857,15.271428571428572
2024-10-03,11.6,9.6,14.8,277,-0.9986126020839734,0.052658056924614005,9.9,8.8,10.8,16.9,12.285714285714283,14.642857142857142
2024-10-04,11.6,8.0,14.5,278,-0.9975590477788613,0.06982797572987089,11.6,9.6,14.8,16.9,11.528571428571427,14.142857142857142
2024-10-05,10.8,6.5,14.0,279,-0.9962102997023297,0.0869772313136861,11.6,8.0,14.5,12.5,10.771428571428569,13.685714285714285
2024-10-06,9.6,6.8,12.3,280,-0.9945667569706337,0.1041007489354256,10.8,6.5,14.0,9.6,10.528571428571427,13.242857142857142
2024-10-07,11.8,6.8,16.0,281,-0.9926289059345095,0.121193461470736,9.6,6.8,12.3,10.5,10.528571428571427,12.714285714285714
2024-10-08,16.2,11.5,22.1,282,-0.9903973200352558,0.1382503109109819,11.8,6.8,16.0,9.7,10.714285714285712,12.27142857142857
2024-10-09,16.6,13.7,20.7,283,-0.9878726596350429,0.15526624985999563,16.2,11.5,22.1,9.9,11.642857142857139,12.357142857142858
2024-10-10,15.3,8.7,19.8,284,-0.9850556718215013,0.172236243027682,16.6,13.7,20.7,11.6,12.599999999999998,12.442857142857145
2024-10-11,9.5,4.8,13.9,285,-0.981947190186646,0.18915526872004093,15.3,8.7,19.8,11.6,13.128571428571425,12.328571428571427
2024-10-12,8.8,2.1,14.1,286,-0.9785481345802031,0.20601832032517084,9.5,4.8,13.9,10.8,12.828571428571426,11.799999999999999
2024-10-13,10.5,8.4,12.6,287,-0.9748595108374125,0.22282040779479959,8.8,2.1,14.1,9.6,12.542857142857141,11.535714285714286
2024-10-14,9.5,7.0,12.3,288,-0.9708824104813836,0.23955655912092708,10.5,8.4,12.6,11.8,12.671428571428569,11.6
2024-10-15,8.1,4.6,13.3,289,-0.9666180104000972,0.2562218218071163,9.5,7.0,12.3,16.2,12.34285714285714,11.528571428571428
2024-10-16,9.6,4.3,14.7,290,-0.9620675724981452,0.27281126433401914,8.1,4.6,13.3,16.6,11.185714285714285,11.414285714285713
2024-10-17,12.0,7.4,17.3,291,-0.957232443323312,0.28931997761869527,9.6,4.3,14.7,15.3,10.185714285714283,11.392857142857142
2024-10-18,12.9,8.7,18.0,292,-0.9521140536681102,0.3057430764672831,12.0,7.4,17.3,9.5,9.714285714285712,11.421428571428569
2024-10-19,14.0,10.2,18.8,293,-0.9467139181463862,0.3220757010206104,12.9,8.7,18.0,8.8,10.2,11.514285714285714
2024-10-20,13.4,10.7,16.6,294,-0.9410336347451197,0.3383130181923076,14.0,10.2,18.8,10.5,10.94285714285714,11.742857142857144
2024-10-21,16.2,14.2,19.3,295,-0.9350748843515574,0.3544502230989869,13.4,10.7,16.6,9.5,11.357142857142856,12.014285714285714
2024-10-22,13.1,8.7,17.6,296,-0.9288394302558068,0.3704825404820963,16.2,14.2,19.3,8.1,12.314285714285713,12.328571428571427
2024-10-23,10.0,4.2,16.4,297,-0.9223291176290545,0.3864052261209853,13.1,8.7,17.6,9.6,13.028571428571427,12.107142857142858
2024-10-24,9.9,2.9,15.9,298,-0.9155458729775467,0.40221356823680365,10.0,4.2,16.4,12.0,13.085714285714284,11.635714285714286
2024-10-25,11.7,6.7,17.8,299,-0.9084917035725082,0.41790288888678667,9.9,2.9,15.9,12.9,12.785714285714283,11.25
2024-10-26,12.2,6.9,18.2,300,-0.9011686968561569,0.4334685453485363,11.7,6.7,17.8,14.0,12.614285714285712,11.407142857142858
2024-10-27,11.5,7.5,15.6,301,-0.8935790198239952,0.4489059314938798,12.2,6.9,18.2,13.4,12.357142857142856,11.65
2024-10-28,11.8,6.8,15.8,302,-0.8857249183835637,0.4642104791518923,11.5,7.5,15.6,16.2,12.085714285714284,11.721428571428572
2024-10-29,13.6,12.1,15.5,303,-0.8776087166898392,0.4793776594606945,11.8,6.8,15.8,13.1,11.457142857142856,11.885714285714286
2024-10-30,13.8,11.7,15.5,304,-0.8692328164574792,0.49440298420761813,13.6,12.1,15.5,10.0,11.528571428571427,12.278571428571428
2024-10-31,12.2,9.0,13.6,305,-0.8605996962501181,0.5092820071573356,13.8,11.7,15.5,9.9,12.07142857142857,12.578571428571431
2024-11-01,11.3,10.0,12.6,306,-0.8517119107469189,0.5240103253675756,12.2,9.0,13.6,11.7,12.399999999999997,12.592857142857143
2024-11-02,7.1,0.5,11.3,307,-0.8425720899866032,0.5385835804920232,11.3,10.0,12.6,12.2,12.342857142857142,12.47857142857143
2024-11-03,5.0,-1.5,10.6,308,-0.8331829385891785,0.5529974600700271,7.1,0.5,11.3,11.5,11.614285714285712,11.985714285714286
2024-11-04,8.9,6.5,11.0,309,-0.8235472349556007,0.5672476988027229,5.0,-1.5,10.6,11.8,10.685714285714283,11.385714285714286
2024-11-05,7.0,3.7,9.2,310,-0.8136678304455991,0.5813300798152042,8.9,6.5,11.0,13.6,10.27142857142857,10.864285714285716
2024-11-06,4.0,3.1,4.8,311,-0.8035476485339116,0.5952404359043674,7.0,3.7,9.2,13.8,9.328571428571426,10.428571428571429
2024-11-07,4.9,4.4,5.4,312,-0.7931896839451843,0.6089746507720486,4.0,3.1,4.8,12.2,7.928571428571426,10.0
2024-11-08,5.4,4.6,6.1,313,-0.7825970017677834,0.6225286602431057,4.9,4.4,5.4,11.3,6.885714285714284,9.642857142857142
2024-11-09,3.9,1.7,7.0,314,-0.7717727365467836,0.6358984534680745,5.4,4.6,6.1,7.1,6.042857142857142,9.192857142857141
2024-11-10,1.3,0.6,1.9,315,-0.7607200913564104,0.6490800741100398,3.9,1.7,7.0,5.0,5.585714285714284,8.6
2024-11-11,4.0,1.3,5.9,316,-0.7494423368521954,0.6620696215153815,1.3,0.6,1.9,8.9,5.057142857142855,7.871428571428572
2024-11-12,4.2,3.6,4.9,317,-0.7379428103031386,0.6748632518680403,4.0,1.3,5.9,7.0,4.357142857142856,7.314285714285715
2024-11-13,5.6,2.5,8.4,318,-0.7262249146041543,0.6874571793269664,4.2,3.6,4.9,4.0,3.957142857142855,6.642857142857143
2024-11-14,6.2,2.1,8.8,319,-0.7142921172691032,0.699847677146407,5.6,2.5,8.4,4.9,4.185714285714284,6.057142857142857
2024-11-15,7.8,4.6,9.7,320,-0.7021479494046978,0.7120310787787131,6.2,2.1,8.8,5.4,4.371428571428569,5.628571428571428
2024-11-16,7.4,6.6,8.6,321,-0.6897960046655887,0.7240037789593305,7.8,4.6,9.7,3.9,4.714285714285713,5.378571428571428
2024-11-17,6.2,5.0,7.6,322,-0.6772399381909491,0.7357622347736527,7.4,6.6,8.6,1.3,5.214285714285713,5.3999999999999995
2024-11-18,5.1,2.4,6.9,323,-0.6644834655228552,0.7473029667054296,6.2,5.0,7.6,4.0,5.914285714285713,5.485714285714286
2024-11-19,3.8,1.1,11.5,324,-0.6515303615068021,0.75862255966641,5.1,2.4,6.9,4.2,6.071428571428569,5.214285714285714
2024-11-20,2.4,1.3,3.7,325,-0.6383844591746642,0.7697176640069211,3.8,1.1,11.5,5.6,6.0142857142857125,4.985714285714286
2024-11-21,1.3,-0.5,3.4,326,-0.6250496486104377,0.7805849965070866,2.4,1.3,3.7,6.2,5.557142857142855,4.871428571428572
2024-11-22,1.8,-0.4,5.0,327,-0.6115298757991053,0.7912213413483807,1.3,-0.5,3.4,7.8,4.857142857142855,4.614285714285714
2024-11-23,2.4,-0.5,5.3,328,-0.5978291414589552,0.801623551065242,1.8,-0.4,5.0,7.4,3.999999999999998,4.357142857142857
2024-11-24,8.9,3.0,13.4,329,-0.5839514998576998,0.8117885474764613,2.4,-0.5,5.3,6.2,3.285714285714284,4.25
2024-11-25,12.0,8.6,14.1,330,-0.5699010576127624,0.8217133225960589,8.9,3.0,13.4,5.1,3.67142857142857,4.792857142857144
2024-11-26,9.4,6.7,11.6,331,-0.5556819724760489,0.8313949395234058,12.0,8.6,14.1,3.8,4.657142857142856,5.364285714285715
2024-11-27,7.1,4.7,9.6,332,-0.5412984521036173,0.8408305333122887,9.4,6.7,11.6,2.4,5.4571428571428555,5.735714285714286
2024-11-28,6.4,5.1,9.5,333,-0.5267547528105542,0.8500173118187018,7.1,4.7,9.6,1.3,6.128571428571427,5.842857142857143
2024-11-29,4.8,2.2,6.3,334,-0.5120551783114646,0.8589525565270845,6.4,5.1,9.5,1.8,6.857142857142855,5.857142857142857
2024-11-30,3.0,-0.5,5.7,335,-0.4972040784469378,0.8676336233547726,4.8,2.2,6.3,2.4,7.285714285714284,5.642857142857143
2024-12-01,0.9,-1.9,5.3,336,-0.4822058478963526,0.8760579434344281,3.0,-0.5,5.7,8.9,7.371428571428569,5.328571428571428
2024-12-02,3.7,-1.5,7.1,337,-0.46706492487743034,0.8842230238742036,0.9,-1.9,5.3,12.0,6.228571428571427,4.95
2024-12-03,6.1,4.7,8.8,338,-0.451785789832884,0.8921264484954345,3.7,-1.5,7.1,9.4,5.04285714285714,4.8500000000000005
2024-12-04,4.6,4.2,5.4,339,-0.4363729641045924,0.8997658785476209,6.1,4.7,8.8,7.1,4.571428571428569,5.014285714285714
2024-12-05,3.9,2.6,5.2,340,-0.42083100859565564,0.9071390534005044,4.6,4.2,5.4,6.4,4.214285714285713,5.171428571428572
2024-12-06,5.1,2.6,7.4,341,-0.4051645224207563,0.9142437912130223,3.9,2.6,5.2,4.8,3.857142857142855,5.357142857142857
2024-12-07,5.6,4.6,6.8,342,-0.3893781415452015,0.9210779895789526,5.1,2.6,7.4,3.0,3.8999999999999977,5.592857142857143
2024-12-08,4.5,3.2,5.1,343,-0.37347653741307074,0.9276396261490467,5.6,4.6,6.8,0.9,4.27142857142857,5.821428571428571
2024-12-09,3.6,1.3,5.0,344,-0.3574644155648614,0.9339267592294762,4.5,3.2,5.1,3.7,4.785714285714284,5.507142857142857
2024-12-10,3.1,2.2,4.5,345,-0.34134651424503615,0.9399375283564133,3.6,1.3,5.0,6.1,4.77142857142857,4.907142857142857
2024-12-11,2.5,1.4,3.8,346,-0.3251276029999093,0.9456701548465688,3.1,2.2,4.5,4.6,4.342857142857141,4.457142857142857
2024-12-12,2.1,0.6,2.6,347,-0.30881248126625377,0.9511229423235357,2.5,1.4,3.8,3.9,4.04285714285714,4.128571428571429
2024-12-13,1.5,0.1,3.4,348,-0.29240597695107734,0.9562942772197719,2.1,0.6,2.6,5.1,3.785714285714284,3.8214285714285716
2024-12-14,0.6,-1.5,3.9,349,-0.27591294500296043,0.9611826292540837,1.5,0.1,3.4,5.6,3.271428571428569,3.5857142857142854
2024-12-15,5.8,3.9,9.4,350,-0.2593382659754056,0.9657865518844574,0.6,-1.5,3.9,4.5,2.5571428571428547,3.414285714285714
2024-12-16,10.1,8.5,11.6,351,-0.2426868445825954,0.9701046827361175,5.8,3.9,9.4,3.6,2.7428571428571407,3.7642857142857147
2024-12-17,9.4,8.1,9.9,352,-0.22596360824801906,0.974135744004672,10.1,8.5,11.6,3.1,3.67142857142857,4.221428571428571
2024-12-18,9.2,6.3,12.3,353,-0.20917350564635637,0.9778785428342386,9.4,8.1,9.9,2.5,4.571428571428569,4.457142857142857
2024-12-19,10.8,5.6,13.7,354,-0.19232150523909483,0.9813319716704275,9.2,6.3,12.3,2.1,5.528571428571427,4.785714285714286
2024-12-20,5.5,2.8,6.6,355,-0.17541259380427843,0.9844950085880858,10.8,5.6,13.7,1.5,6.77142857142857,5.278571428571429
2024-12-21,4.8,2.6,7.0,356,-0.15845177496083632,0.9873667175937016,5.5,2.8,6.6,0.6,7.342857142857141,5.307142857142857
2024-12-22,5.9,3.7,7.4,357,-0.14144406768794202,0.9899462489023779,4.8,2.6,7.0,5.8,7.942857142857141,5.25
2024-12-23,4.2,2.9,5.6,358,-0.12439450483979998,0.9922328391893008,5.9,3.7,7.4,10.1,7.9571428571428555,5.3500000000000005
2024-12-24,3.5,0.6,4.8,359,-0.10730813165636247,0.9942258118156161,4.2,2.9,5.6,9.4,7.114285714285713,5.392857142857143
2024-12-25,3.3,0.2,5.6,360,-0.09019000427034513,0.9959245770286599,3.5,0.6,4.8,9.2,6.27142857142857,5.421428571428572
2024-12-26,5.4,3.6,6.7,361,-0.07304518821104743,0.9973286321364752,3.3,0.2,5.6,10.8,5.428571428571428,5.478571428571429
2024-12-27,1.8,-0.3,3.7,362,-0.05587875690537313,0.9984375616565666,5.4,3.6,6.7,5.5,4.657142857142856,5.714285714285714
2024-12-28,-1.3,-2.7,0.0,363,-0.03869579017652689,0.9992510374388481,1.8,-0.3,3.7,4.8,4.128571428571427,5.735714285714287
2024-12-29,-0.9,-3.5,2.1,364,-0.021501372740813793,0.999768818762748,-1.3,-2.7,0.0,5.9,3.257142857142856,5.6
2024-12-30,2.1,-0.4,3.2,365,-0.004300592702981974,0.9999907524084426,-0.9,-3.5,2.1,4.2,2.285714285714284,5.121428571428572
2024-12-31,1.7,0.1,3.2,366,0.012901459949419653,0.9999167727021953,2.1,-0.4,3.2,3.5,1.985714285714284,4.55
2025-01-01,5.5,2.0,8.5,1,0.017201575418260506,0.9998520419557735,1.7,0.1,3.2,3.3,1.7285714285714266,4.0
2025-01-02,4.6,2.0,8.4,2,0.03439806061360801,0.9994082116062598,5.5,2.0,8.5,5.4,2.042857142857141,3.735714285714286
2025-01-03,1.4,-1.0,3.8,3,0.051584366869408364,0.9986686402879997,4.6,2.0,8.4,1.8,1.928571428571427,3.292857142857143
2025-01-04,0.0,-0.8,0.6,4,0.06875540848113941,0.9976335468520451,1.4,-1.0,3.8,-1.3,1.8714285714285697,3.0
2025-01-05,-0.8,-2.6,1.2,5,0.08590610426133272,0.9963032375991965,0.0,-0.8,0.6,-0.9,2.0571428571428556,2.6571428571428575
2025-01-06,8.2,1.2,12.8,6,0.10303137904317879,0.9946781061893646,-0.8,-2.6,1.2,2.1,2.07142857142857,2.1785714285714284
2025-01-07,6.2,1.5,9.4,7,0.1201261651823505,0.9927586335250793,8.2,1.2,12.8,1.7,2.942857142857141,2.4642857142857144
2025-01-08,2.1,0.3,4.7,8,0.13718540405660057,0.9905453876091833,6.2,1.5,9.4,5.5,3.585714285714284,2.6571428571428575
2025-01-09,0.8,0.3,1.5,9,0.1542040475626894,0.988039023376751,2.1,0.3,4.7,4.6,3.0999999999999983,2.5714285714285716
2025-01-10,1.3,0.7,1.7,10,0.17117705961019986,0.985240282501282,0.8,0.3,1.5,1.4,2.5571428571428556,2.242857142857143
2025-01-11,0.7,-0.2,1.7,11,0.18809941761179758,0.9821499931752291,1.3,0.7,1.7,0.0,2.5428571428571414,2.207142857142857
2025-01-12,0.9,-0.9,2.4,12,0.20496611396949532,0.9787690698649216,0.7,-0.2,1.7,-0.8,2.6428571428571415,2.35
2025-01-13,-1.0,-4.7,1.2,13,0.22177215755648186,0.975098513039961,0.9,-0.9,2.4,8.2,2.885714285714284,2.4785714285714286
2025-01-14,0.1,-3.1,3.3,14,0.23851257519407648,0.9711394088771653,-1.0,-4.7,1.2,6.2,1.5714285714285696,2.257142857142857
2025-01-15,4.5,2.2,6.0,15,0.2551824131233728,0.9668929289391521,0.1,-3.1,3.3,2.1,0.6999999999999983,2.142857142857143
2025-01-16,3.0,1.6,3.7,16,0.2717767384711357,0.9623603298276545,4.5,2.2,6.0,0.8,1.0428571428571412,2.0714285714285716
2025-01-17,0.5,-1.6,1.6,17,0.2882906407095177,0.9575429528116719,3.0,1.6,3.7,1.3,1.3571428571428557,1.9571428571428573
2025-01-18,-1.7,-3.0,-0.4,18,0.3047192331091634,0.9524422234305676,0.5,-1.6,1.6,0.7,1.2428571428571413,1.8928571428571428
2025-01-19,0.3,-3.4,6.7,19,0.321057654185271,0.9470596510722283,-1.7,-3.0,-0.4,0.9,0.8999999999999984,1.7714285714285716
2025-01-20,1.9,-1.5,6.7,20,0.3373010691361842,0.9413968285264122,0.3,-3.4,6.7,-1.0,0.8142857142857125,1.8499999999999999
2025-01-21,-1.2,-2.4,-0.5,21,0.3534446712740877,0.9354554315134164,1.9,-1.5,6.7,0.1,1.2285714285714266,1.4000000000000001
2025-01-22,0.1,-2.6,3.3,22,0.3694836834473831,0.9292372181882051,-1.2,-2.4,-0.5,4.5,1.0428571428571412,0.8714285714285716
2025-01-23,2.6,-0.1,5.0,23,0.38541335945432564,0.9227440286201427,0.1,-2.6,3.3,3.0,0.41428571428571265,0.7285714285714285
2025-01-24,5.6,2.3,8.1,24,0.4012289854475009,0.9159777842484877,2.6,-0.1,5.0,0.5,0.3571428571428555,0.8571428571428571
2025-01-25,9.9,6.8,14.6,25,0.4169258813287287,0.908940487313808,5.6,2.3,8.1,-1.7,1.085714285714284,1.1642857142857144
2025-01-26,6.9,3.5,10.8,26,0.4324994021339788,0.901634220265486,9.9,6.8,14.6,0.3,2.742857142857141,1.8214285714285714
2025-01-27,8.0,4.1,11.8,27,0.44794493940789115,0.8940611451454876,6.9,3.5,10.8,1.9,3.685714285714284,2.25
2025-01-28,7.0,5.0,8.8,28,0.4632579225674917,0.88622350294858,8.0,4.1,11.8,-1.2,4.557142857142856,2.892857142857143
2025-01-29,7.1,4.4,10.5,29,0.4784338202547012,0.8781236129591848,7.0,5.0,8.8,0.1,5.728571428571427,3.3857142857142857
2025-01-30,6.2,3.2,8.5,30,0.49346814167723735,0.8697638720650646,7.1,4.4,10.5,2.6,6.728571428571428,3.5714285714285716
2025-01-31,4.6,2.7,7.0,31,0.5083564379375122,0.8611467540480452,6.2,3.2,8.5,5.6,7.242857142857141,3.8
2025-02-01,3.1,0.3,5.5,32,0.5230943033491326,0.8522748088519838,4.6,2.7,7.0,9.9,7.099999999999999,4.0928571428571425
2025-02-02,2.9,0.7,4.9,33,0.5376773767406141,0.8431506618282,3.1,0.3,5.5,6.9,6.128571428571427,4.435714285714286
2025-02-03,1.2,-4.4,5.9,34,0.5521013427459208,0.8337770129585915,2.9,0.7,4.9,8.0,5.557142857142856,4.621428571428572
2025-02-04,0.1,-4.1,5.7,35,0.5663619330814524,0.8241566360566663,1.2,-4.4,5.9,7.0,4.585714285714284,4.571428571428571
2025-02-05,1.2,-3.2,3.8,36,0.580454927809098,0.8142923779467267,0.1,-4.1,5.7,7.1,3.5999999999999988,4.664285714285714
2025-02-06,3.9,2.6,5.9,37,0.5943761565849831,0.804187157621448,1.2,-3.2,3.8,6.2,2.757142857142856,4.742857142857142
2025-02-07,2.4,0.9,4.0,38,0.6081214998935418,0.7938439653781019,3.9,2.6,5.9,4.6,2.428571428571427,4.835714285714286
2025-02-08,2.0,-0.9,5.5,39,0.6216868902665479,0.7832658619336791,2.4,0.9,4.0,3.1,2.1142857142857125,4.607142857142857
2025-02-09,0.1,-2.9,4.5,40,0.6350683134867438,0.7724559775191742,2.0,-0.9,5.5,2.9,1.9571428571428555,4.042857142857143
2025-02-10,0.3,-1.6,3.6,41,0.6482618097757122,0.7614175109532997,0.1,-2.9,4.5,1.2,1.5571428571428556,3.557142857142857
2025-02-11,-0.4,-4.0,4.9,42,0.6612634749656386,0.7501537286959042,0.3,-1.6,3.6,0.1,1.428571428571427,3.0071428571428567
2025-02-12,-2.7,-5.9,-0.3,43,0.6740694616546161,0.7386679638813748,-0.4,-4.0,4.9,1.2,1.3571428571428557,2.478571428571428
2025-02-13,-1.3,-2.3,-0.6,44,0.6866759803451553,0.726963615332308,-2.7,-5.9,-0.3,3.9,0.7999999999999986,1.7785714285714285
2025-02-14,0.0,-2.1,1.7,45,0.6990793005655562,0.7150441465537444,-1.3,-2.3,-0.6,2.4,0.05714285714285557,1.2428571428571427
2025-02-15,-1.2,-4.5,0.8,46,0.7112757519738152,0.7029130847082615,0.0,-2.1,1.7,2.0,-0.28571428571428725,0.9142857142857143
2025-02-16,-2.4,-7.1,0.0,47,0.7232617254437388,0.6905740195722293,-1.2,-4.5,0.8,0.1,-0.7428571428571444,0.6071428571428571
2025-02-17,-4.8,-11.3,1.0,48,0.7350336741329413,0.6780306024735382,-2.4,-7.1,0.0,0.3,-1.1000000000000016,0.22857142857142856
2025-02-18,-4.6,-11.6,0.4,49,0.746588114532413,0.6652865452111116,-4.8,-11.3,1.0,-0.4,-1.8285714285714303,-0.19999999999999998
2025-02-19,-3.4,-11.3,2.7,50,0.7579216274973472,0.6523456189565257,-4.6,-11.6,0.4,-2.7,-2.42857142857143,-0.5357142857142857
2025-02-20,-0.8,-6.4,4.0,51,0.7690308592589181,0.6392116531380588,-3.4,-11.3,2.7,-1.3,-2.52857142857143,-0.8642857142857142
2025-02-21,4.1,1.3,9.6,52,0.7799125224167177,0.6258885343075018,-0.8,-6.4,4.0,0.0,-2.4571428571428586,-1.2
2025-02-22,5.4,1.3,11.5,53,0.7905633969115482,0.612380204990065,4.1,1.3,9.6,-1.2,-1.871428571428573,-1.0785714285714285
2025-02-23,7.3,1.0,11.9,54,0.8009803309782905,0.5986906625177214,5.4,1.3,11.5,-2.4,-0.92857142857143,-0.8357142857142856
2025-02-24,7.9,-0.7,15.4,55,0.8111602420785621,0.5848239578463322,7.3,1.0,11.9,-4.8,0.45714285714285563,-0.32142857142857145
2025-02-25,9.5,6.3,13.7,56,0.8211001178128892,0.5707841943569036,7.9,-0.7,15.4,-4.6,2.27142857142857,0.22142857142857147
2025-02-26,7.0,5.4,9.3,57,0.8307970168121247,0.5565755266413303,9.5,6.3,13.7,-3.4,4.285714285714284,0.9285714285714286
2025-02-27,7.0,5.0,10.3,58,0.8402480696078469,0.5422021592729844,7.0,5.4,9.3,-0.8,5.7714285714285705,1.6214285714285714
2025-02-28,3.9,1.7,5.6,59,0.8494504794814806,0.527668345562516,7.0,5.0,10.3,4.1,6.885714285714284,2.2142857142857144
2025-03-01,4.1,0.8,7.9,60,0.8584015232918917,0.512978386299228,3.9,1.7,5.6,5.4,6.857142857142855,2.492857142857143
2025-03-02,4.4,0.8,8.3,61,0.8670985522812081,0.4981366284784055,4.1,0.8,7.9,7.3,6.67142857142857,2.8714285714285714
2025-03-03,6.7,2.2,10.5,62,0.8755389928586302,0.4831474640149687,4.4,0.8,8.3,7.9,6.257142857142855,3.357142857142857
2025-03-04,6.4,0.4,12.7,63,0.8837203473619977,0.4680153284438345,6.7,2.2,10.5,9.5,6.0857142857142845,4.178571428571429
2025-03-05,8.9,1.2,17.8,64,0.8916401947968874,0.45274469960737107,6.4,0.4,12.7,7.0,5.6428571428571415,4.964285714285714
2025-03-06,9.2,1.2,17.7,65,0.8992961915530253,0.4373400963303323,8.9,1.2,17.8,7.0,5.914285714285713,5.842857142857143
2025-03-07,9.8,0.1,19.1,66,0.9066860720977985,0.4218060770826634,9.2,1.2,17.7,3.9,6.228571428571427,6.557142857142858
2025-03-08,10.2,2.5,17.3,67,0.9138076496466615,0.4061472386305789,9.8,0.1,19.1,4.1,7.071428571428569,6.964285714285714
2025-03-09,9.4,2.5,16.4,68,0.9206588168102428,0.3903682146763026,10.2,2.5,17.3,4.4,7.942857142857142,7.307142857142858
2025-03-10,9.2,2.2,16.5,69,0.9272375462179537,0.374473674486883,9.4,2.5,16.4,6.7,8.657142857142855,7.457142857142857
2025-03-11,3.6,0.7,6.6,70,0.9335418911179212,0.35846832151248087,9.2,2.2,16.5,6.4,9.014285714285714,7.55
2025-03-12,5.6,3.5,8.3,71,0.9395699859530622,0.342356891994542,3.6,0.7,6.6,8.9,8.614285714285712,7.128571428571428
2025-03-13,5.0,0.4,8.9,72,0.945320046913132,0.3261441535642696,5.6,3.5,8.3,9.2,8.14285714285714,7.028571428571429
2025-03-14,5.5,2.4,9.0,73,0.9507903724625832,0.3098349038318025,5.0,0.4,8.9,9.8,7.54285714285714,6.885714285714286
2025-03-15,4.1,0.6,8.8,74,0.9559793438440766,0.2934339689665273,5.5,2.4,9.0,10.2,6.928571428571426,7.0
2025-03-16,4.5,-3.1,9.8,75,0.9608854255574977,0.27694620226893646,4.1,0.6,8.8,9.4,6.057142857142855,7.0
2025-03-17,2.8,-1.5,7.4,76,0.9655071658143364,0.2603764827344581,4.5,-3.1,9.8,9.2,5.357142857142855,7.007142857142857
2025-03-18,2.9,-3.7,9.3,77,0.969843196967294,0.24372971360968387,2.8,-1.5,7.4,3.6,4.442857142857141,6.728571428571429
2025-03-19,5.5,-4.5,13.8,78,0.9738922359149924,0.22701082094141847,2.9,-3.7,9.3,5.6,4.342857142857141,6.478571428571429
2025-03-20,8.4,-1.5,17.9,79,0.9776530844816641,0.2102247521189836,5.5,-4.5,13.8,5.0,4.328571428571427,6.235714285714286
2025-03-21,10.4,0.4,18.0,80,0.981124629771712,0.19337647441020586,8.4,-1.5,17.9,5.5,4.814285714285712,6.178571428571428
2025-03-22,9.9,4.7,15.1,81,0.984305844499033,0.17647097349152166,10.4,0.4,18.0,4.1,5.514285714285713,6.221428571428571
2025-03-23,10.0,5.8,14.1,82,0.9871957872910085,0.15951325197263655,9.9,4.7,15.1,4.5,6.342857142857142,6.200000000000001
2025-03-24,10.9,5.1,15.8,83,0.9897936029670716,0.14250832791617088,10.0,5.8,14.1,2.8,7.128571428571427,6.242857142857143
2025-03-25,8.6,4.8,15.3,84,0.992098522791769,0.12546123335273648,10.9,5.1,15.8,2.9,8.285714285714285,6.364285714285714
2025-03-26,8.1,4.5,10.9,85,0.9941098647022418,0.10837701279187609,8.6,4.8,15.3,5.5,9.099999999999998,6.721428571428572
2025-03-27,5.3,2.3,7.9,86,0.9958270335100595,0.09126072172931188,8.1,4.5,10.9,8.4,9.47142857142857,6.8999999999999995
2025-03-28,8.2,-0.4,16.9,87,0.9972495210773451,0.07411742515094437,5.3,2.3,7.9,10.4,9.028571428571427,6.921428571428571
2025-03-29,9.0,3.5,15.0,88,0.998376906467142,0.056952196034039754,8.2,-0.4,16.9,9.9,8.714285714285712,7.114285714285714
2025-03-30,6.2,0.3,9.6,89,0.9992088560679753,0.03977011384605572,9.0,3.5,15.0,10.0,8.585714285714285,7.464285714285714
2025-03-31,7.5,6.1,10.5,90,0.9997451236925734,0.022576263041545485,6.2,0.3,9.6,10.9,8.042857142857141,7.585714285714286
2025-04-01,8.8,4.3,14.2,91,0.9999855506507186,0.005375731557583884,7.5,6.1,10.5,8.6,7.557142857142856,7.921428571428572
2025-04-02,8.6,1.8,16.4,92,0.9999300657962057,-0.011826390691832589,8.8,4.3,14.2,8.1,7.5857142857142845,8.342857142857143
2025-04-03,11.7,3.9,18.9,93,0.9995786855478958,-0.029025013321975237,8.6,1.8,16.4,5.3,7.657142857142856,8.564285714285713
2025-04-04,13.9,4.2,21.5,94,0.9989315138848577,-0.046215046983708354,11.7,3.9,18.9,8.2,8.571428571428571,8.8
2025-04-05,6.6,1.2,11.6,95,0.9979887423155984,-0.06339140486951038,13.9,4.2,21.5,9.0,9.385714285714284,9.05
2025-04-06,4.7,-0.8,9.0,96,0.9967506498213929,-0.08054900421874167,6.6,1.2,11.6,6.2,9.042857142857141,8.814285714285713
2025-04-07,8.4,3.9,13.7,97,0.9952176027737294,-0.09768276782171598,4.7,-0.8,9.0,7.5,8.828571428571426,8.435714285714285
2025-04-08,8.9,3.5,14.1,98,0.9933900548258936,-0.11478762552212701,8.4,3.9,13.7,8.8,8.957142857142856,8.257142857142856
2025-04-09,9.4,3.4,15.6,99,0.9912685467787256,-0.13185851571739118,8.9,3.5,14.1,8.6,8.97142857142857,8.278571428571428
2025-04-10,9.6,5.2,14.4,100,0.9888537064205885,-0.1488903868564548,9.4,3.4,15.6,11.7,9.085714285714284,8.371428571428572
2025-04-11,9.9,4.6,15.3,101,0.986146248341595,-0.16587819893463143,9.6,5.2,14.4,13.9,8.785714285714285,8.678571428571429
2025-04-12,11.6,4.9,17.9,102,0.9831469737221499,-0.1828169249850199,9.9,4.6,15.3,6.6,8.214285714285714,8.8
2025-04-13,15.6,7.8,22.7,103,0.9798567700958665,-0.1997015525660636,11.6,4.9,17.9,4.7,8.928571428571427,8.985714285714286
2025-04-14,15.7,7.9,21.5,104,0.9762766110869321,-0.21652708524481437,15.6,7.8,22.7,8.4,10.485714285714284,9.657142857142857
2025-04-15,16.9,11.4,22.0,105,0.9724075561219968,-0.23328854407545518,15.7,7.9,21.5,8.9,11.528571428571427,10.242857142857144
2025-04-16,19.1,12.6,25.9,106,0.9682507501166718,-0.2499809690726521,16.9,11.4,22.0,9.4,12.671428571428569,10.821428571428571
2025-04-17,18.9,13.4,26.7,107,0.9638074231367307,-0.26659942067929354,19.1,12.6,25.9,9.6,14.057142857142853,11.571428571428571
2025-04-18,11.8,8.7,13.8,108,0.9590788900341131,-0.28313898122818354,18.9,13.4,26.7,9.9,15.385714285714284,12.085714285714285
2025-04-19,8.9,5.5,10.3,109,0.9540665500578387,-0.2995947563972602,11.8,8.7,13.8,11.6,15.657142857142855,11.935714285714285
2025-04-20,12.5,3.1,20.3,110,0.9487718864399473,-0.31596187665790293,8.9,5.5,10.3,15.6,15.27142857142857,12.1
2025-04-21,14.7,7.9,19.1,111,0.9431964659565866,-0.33223549871590435,12.5,3.1,20.3,15.7,14.828571428571426,12.657142857142858
2025-04-22,13.8,8.4,18.9,112,0.9373419384643772,-0.3484108069446808,14.7,7.9,19.1,16.9,14.685714285714285,13.107142857142858
2025-04-23,13.8,7.3,18.3,113,0.9312100364121947,-0.3644830148102912,13.8,8.4,18.9,19.1,14.242857142857142,13.457142857142857
2025-04-24,13.0,8.5,18.3,114,0.9248025743285089,-0.38044736628785164,13.8,7.3,18.3,18.9,13.485714285714284,13.77142857142857
2025-04-25,11.6,6.9,17.0,115,0.9181214482844364,-0.39629913726891813,13.0,8.5,18.3,11.8,12.64285714285714,14.014285714285714
2025-04-26,10.2,5.1,15.5,116,0.9111686353326631,-0.41203363695942635,11.6,6.9,17.0,8.9,12.614285714285712,14.135714285714286
2025-04-27,11.0,3.3,18.0,117,0.9039461929224011,-0.42764620926777464,10.2,5.1,15.5,12.5,12.799999999999997,14.035714285714286
2025-04-28,13.2,3.7,21.6,118,0.8964562582905575,-0.44313223418263453,11.0,3.3,18.0,14.7,12.585714285714284,13.707142857142857
2025-04-29,15.7,6.3,22.6,119,0.8887010478292915,-0.45848712914008766,13.2,3.7,21.6,13.8,12.37142857142857,13.528571428571427
2025-04-30,16.5,8.8,23.4,120,0.8806828564301475,-0.47370635037968,15.7,6.3,22.6,13.8,12.64285714285714,13.442857142857145
2025-05-01,17.9,8.5,25.1,121,0.8724040568049612,-0.48878539428899265,16.5,8.8,23.4,13.0,13.028571428571427,13.257142857142856
2025-05-02,19.4,12.4,29.0,122,0.8638670987837349,-0.503719798736334,17.9,8.5,25.1,11.6,13.728571428571426,13.185714285714287
2025-05-03,13.9,11.2,17.6,123,0.8550745085896932,-0.518505144391157,19.4,12.4,29.0,10.2,14.842857142857142,13.728571428571428
2025-05-04,10.4,6.1,14.9,124,0.8460288880917339,-0.533137056031809,13.9,11.2,17.6,11.0,15.371428571428568,14.085714285714285
2025-05-05,8.6,3.9,14.0,125,0.8367329140344921,-0.5476112038402312,10.4,6.1,14.9,13.2,15.285714285714283,13.935714285714285
2025-05-06,10.0,0.9,17.3,126,0.8271893372462497,-0.5619233046832195,8.6,3.9,14.0,15.7,14.628571428571425,13.5
2025-05-07,11.0,5.6,16.3,127,0.8174009818249189,-0.5760691233798758,10.0,0.9,17.3,16.5,13.814285714285713,13.228571428571428
2025-05-08,11.0,2.6,17.0,128,0.8073707443023492,-0.5900444739548627,11.0,5.6,16.3,17.9,13.028571428571427,13.028571428571428
2025-05-09,13.5,3.7,19.8,129,0.7971015927871943,-0.6038452208771035,11.0,2.6,17.0,19.4,12.042857142857141,12.885714285714286
2025-05-10,13.7,7.2,19.0,130,0.7865965660866021,-0.6174672802835514,13.5,3.7,19.8,13.9,11.199999999999998,13.02142857142857
2025-05-11,12.1,5.2,18.7,131,0.7758587728069828,-0.6309066211876704,13.7,7.2,19.0,10.4,11.171428571428569,13.27142857142857
2025-05-12,11.6,3.1,18.9,132,0.7648913904341225,-0.6441592666722685,12.1,5.2,18.7,8.6,11.414285714285711,13.35
2025-05-13,14.2,4.8,21.4,133,0.753697664392914,-0.6572212950663319,11.6,3.1,18.9,10.0,11.842857142857142,13.235714285714286
2025-05-14,17.0,10.5,22.8,134,0.742280907086982,-0.6700888411055113,14.2,4.8,21.4,11.0,12.442857142857141,13.128571428571428
2025-05-15,11.4,7.2,16.5,135,0.7306444969184916,-0.6827580970759147,17.0,10.5,22.8,11.0,13.299999999999999,13.164285714285713
2025-05-16,11.8,7.4,16.4,136,0.7187918772884232,-0.6952253139408722,11.4,7.2,16.5,13.5,13.357142857142856,12.7
2025-05-17,11.5,6.9,18.2,137,0.7067265555776158,-0.7074868024503348,11.8,7.4,16.4,13.7,13.114285714285712,12.157142857142858
2025-05-18,11.2,6.7,16.3,138,0.6944521021088763,-0.719538934232584,11.5,6.9,18.2,12.1,12.799999999999997,11.985714285714286
2025-05-19,12.5,10.2,15.3,139,0.6819721490904629,-0.7313781428679254,11.2,6.7,16.3,11.6,12.671428571428569,12.042857142857143
2025-05-20,17.6,7.8,24.2,140,0.6692903895412567,-0.7430009249440493,12.5,10.2,15.3,14.2,12.799999999999997,12.321428571428571
2025-05-21,17.5,11.1,22.4,141,0.6564105761979381,-0.7544038410927472,17.6,7.8,24.2,17.0,13.285714285714286,12.864285714285714
2025-05-22,11.1,6.0,16.9,142,0.6433365204044917,-0.765583517007675,17.5,11.1,22.4,11.4,13.357142857142858,13.328571428571427
2025-05-23,9.0,4.6,12.9,143,0.6300720909843687,-0.7765366444428655,11.1,6.0,16.9,11.8,13.314285714285713,13.335714285714285
2025-05-24,12.5,5.5,18.7,144,0.6166212130956382,-0.7872599821916922,9.0,4.6,12.9,11.5,12.914285714285713,13.014285714285714
2025-05-25,13.8,11.1,15.9,145,0.6029878670694714,-0.7977503570459932,12.5,5.5,18.7,11.2,13.057142857142855,12.928571428571429
2025-05-26,15.6,10.7,21.4,146,0.5891760872322963,-0.8080046647350754,13.8,11.1,15.9,12.5,13.428571428571427,13.049999999999999
2025-05-27,16.9,8.9,21.7,147,0.5751899607119775,-0.8180198708443174,15.6,10.7,21.4,17.6,13.87142857142857,13.335714285714285
2025-05-28,16.0,12.6,19.3,148,0.5610336262283677,-0.8277930117131022,16.9,8.9,21.7,17.5,13.77142857142857,13.528571428571428
2025-05-29,15.3,11.0,19.9,149,0.5467112728685939,-0.8373211953118121,16.0,12.6,19.3,11.1,13.557142857142853,13.457142857142857
2025-05-30,19.3,13.1,25.3,150,0.5322271388474397,-0.8466016020976267,15.3,11.0,19.9,9.0,14.157142857142855,13.735714285714286
2025-05-31,20.3,12.9,26.4,151,0.5175855102531889,-0.8556314858488706,19.3,13.1,25.3,12.5,15.628571428571425,14.27142857142857
2025-06-01,20.7,15.4,27.0,152,0.5027907197793043,-0.8644081744776648,20.3,12.9,26.4,13.8,16.74285714285714,14.9
2025-06-02,18.1,13.0,23.0,153,0.4878471454423119,-0.8729290708206411,20.7,15.4,27.0,15.6,17.728571428571428,15.578571428571427
2025-06-03,19.4,12.1,25.2,154,0.47275920928627757,-0.881191653407483,18.1,13.0,23.0,16.9,18.085714285714285,15.978571428571428
2025-06-04,20.6,14.7,25.5,155,0.4575313760742512,-0.8891934772070711,19.4,12.1,25.2,16.0,18.442857142857143,16.107142857142858
2025-06-05,18.8,14.5,21.9,156,0.44216815196707204,-0.8969321743510065,20.6,14.7,25.5,15.3,19.099999999999998,16.32857142857143
2025-06-06,18.6,14.0,23.2,157,0.42667408318992467,-0.9044054548343001,18.8,14.5,21.9,19.3,19.599999999999998,16.87857142857143
2025-06-07,17.3,13.0,23.8,158,0.4110537546870351,-0.9116111071930239,18.6,14.0,23.2,20.3,19.499999999999996,17.564285714285713
2025-06-08,15.1,11.7,19.9,159,0.3953117887649151,-0.9185469991587165,17.3,13.0,23.8,20.7,19.071428571428573,17.90714285714286
2025-06-09,14.6,9.4,19.2,160,0.37945284372454435,-0.925211078289358,15.1,11.7,19.9,18.1,18.27142857142857,18.0
2025-06-10,15.1,11.4,19.7,161,0.36348161248290634,-0.9316013725767187,14.6,9.4,19.2,19.4,17.77142857142857,17.928571428571427
2025-06-11,15.9,11.5,21.2,162,0.3474028211842774,-0.9377159910299093,15.1,11.4,19.7,20.6,17.157142857142855,17.8
2025-06-12,17.4,9.5,23.5,163,0.3312212278016865,-0.9435531242349544,15.9,11.5,21.2,18.8,16.485714285714284,17.79285714285714
2025-06-13,18.8,11.6,25.9,164,0.31494162072895193,-0.9491110448902284,17.4,9.5,23.5,18.6,16.285714285714285,17.942857142857143
2025-06-14,22.4,13.6,29.8,165,0.2985688173637202,-0.9543881083175908,18.8,11.6,25.9,17.3,16.314285714285713,17.90714285714286
2025-06-15,22.6,15.4,32.7,166,0.2821076626819194,-0.9593827529490743,22.4,13.6,29.8,15.1,17.04285714285714,18.057142857142857
2025-06-16,18.5,15.5,23.4,167,0.26556302780405594,-0.9640935007889755,22.6,15.4,32.7,14.6,18.11428571428571,18.192857142857143
2025-06-17,20.6,13.9,27.8,168,0.24893980855376657,-0.9685189578512204,18.5,15.5,23.4,15.1,18.67142857142857,18.22142857142857
2025-06-18,22.5,14.6,28.1,169,0.23224292400907015,-0.9726578145718654,20.6,13.9,27.8,15.9,19.457142857142856,18.307142857142857
2025-06-19,18.5,13.2,22.9,170,0.21547731504673012,-0.976508846196619,22.5,14.6,28.1,17.4,20.4,18.442857142857143
2025-06-20,17.9,11.2,24.4,171,0.19864794288017112,-0.9800709131432666,18.5,13.2,22.9,18.8,20.557142857142853,18.42142857142857
2025-06-21,21.8,10.4,29.4,172,0.18175978759137534,-0.9833429613388902,17.9,11.2,24.4,22.4,20.428571428571423,18.37142857142857
2025-06-22,26.5,14.9,34.7,173,0.16481784665719793,-0.9863240225317866,21.8,10.4,29.4,22.6,20.342857142857138,18.692857142857143
2025-06-23,21.9,15.6,28.0,174,0.14782713347053048,-0.9890132145779883,26.5,14.9,34.7,18.5,20.9,19.50714285714286
2025-06-24,18.9,14.0,24.4,175,0.13079267585675922,-0.9914097417023038,21.9,15.6,28.0,20.6,21.385714285714283,20.02857142857143
2025-06-25,20.8,16.2,26.6,176,0.11371951458594969,-0.9935128947338007,18.9,14.0,24.4,22.5,21.14285714285714,20.3
2025-06-26,22.6,13.9,33.2,177,0.0966127018812031,-0.9953220513156602,20.8,16.2,26.6,18.5,20.9,20.65
2025-06-27,19.2,15.7,22.9,178,0.07947729992362097,-0.9968366760893436,22.6,13.9,33.2,17.9,21.485714285714284,21.021428571428572
2025-06-28,22.8,14.3,29.8,179,0.062318379354325076,-0.998056320853012,19.2,15.7,22.9,21.8,21.67142857142857,21.05
2025-06-29,23.9,16.4,29.2,180,0.04514101777397193,-0.9989806246941579,22.8,14.3,29.8,26.5,21.814285714285713,21.07857142857143
2025-06-30,20.0,13.4,26.9,181,0.02795029824021032,-0.999609314096404,23.9,16.4,29.2,21.9,21.44285714285714,21.17142857142857
2025-07-01,24.6,13.5,32.6,182,0.01075130776352193,-0.9999422030204416,20.0,13.4,26.9,18.9,21.17142857142857,21.27857142857143
2025-07-02,29.2,17.9,37.6,183,-0.00645086419810515,-0.9999791929590823,24.6,13.5,32.6,20.8,21.985714285714288,21.564285714285713
2025-07-03,21.7,15.2,25.8,184,-0.023651127245231586,-0.9997202729664083,29.2,17.9,37.6,22.6,23.185714285714283,22.04285714285714
2025-07-04,18.9,12.7,24.7,185,-0.04084439154329611,-0.9991655196610109,21.7,15.2,25.8,19.2,23.057142857142853,22.271428571428572
2025-07-05,22.4,14.1,30.1,186,-0.05802556932878035,-0.9983150972033183,18.9,12.7,24.7,22.8,23.01428571428571,22.342857142857145
2025-07-06,23.5,16.4,29.8,187,-0.07518957641475855,-0.9971692572470178,22.4,14.1,30.1,23.9,22.957142857142856,22.385714285714283
2025-07-07,18.8,15.9,25.0,188,-0.09233133369539122,-0.9957283388645872,23.5,16.4,29.8,20.0,22.9,22.17142857142857
2025-07-08,17.4,13.5,22.6,189,-0.10944576864891556,-0.993992768446958,18.8,15.9,25.0,24.6,22.728571428571428,21.95
2025-07-09,17.7,15.5,22.3,190,-0.12652781683868314,-0.9919630595773397,17.4,13.5,22.6,29.2,21.699999999999996,21.842857142857145
2025-07-10,17.6,14.2,22.1,191,-0.1435724234118113,-0.9896398128792412,17.7,15.5,22.3,21.7,20.057142857142853,21.62142857142857
2025-07-11,17.6,12.8,24.6,192,-0.16057454459499376,-0.9870237158387383,17.6,14.2,22.1,18.9,19.471428571428568,21.264285714285712
2025-07-12,16.2,14.4,17.9,193,-0.17752914918703497,-0.984115542601034,17.6,12.8,24.6,22.4,19.28571428571428,21.150000000000002
2025-07-13,19.0,16.0,23.9,194,-0.19443122004766195,-0.9809161537413774,16.2,14.4,17.9,23.5,18.4,20.678571428571427
2025-07-14,21.9,14.7,27.8,195,-0.2112757555821793,-0.9774264960104055,19.0,16.0,23.9,18.8,17.757142857142856,20.32857142857143
2025-07-15,18.4,15.1,22.4,196,-0.2280577712215198,-0.9736476020539838,21.9,14.7,27.8,17.4,18.2,20.464285714285715
2025-07-16,17.5,14.4,22.9,197,-0.24477230089725957,-0.9695805901076308,18.4,15.1,22.4,17.7,18.342857142857138,20.021428571428572
2025-07-17,16.7,13.7,18.7,198,-0.2614143985111562,-0.965226663665613,17.5,14.4,22.9,17.6,18.314285714285713,19.185714285714287
2025-07-18,20.3,16.4,24.4,199,-0.2779791393987801,-0.9605871111248129,16.7,13.7,18.7,17.6,18.185714285714283,18.82857142857143
2025-07-19,22.9,15.5,28.3,200,-0.2944616217868012,-0.9556633054034704,20.3,16.4,24.4,16.2,18.571428571428573,18.928571428571427
2025-07-20,24.9,16.9,31.2,201,-0.3108569682435036,-0.9504567035349151,22.9,15.5,28.3,19.0,19.52857142857143,18.964285714285715
2025-07-21,19.8,15.3,23.8,202,-0.3271603271220951,-0.9449688462364056,24.9,16.9,31.2,21.9,20.37142857142857,19.064285714285713
2025-07-22,18.0,14.9,22.3,203,-0.34336687399638804,-0.939201357453208,19.8,15.3,23.8,18.4,20.071428571428566,19.135714285714283
2025-07-23,18.2,16.3,20.6,204,-0.3594718130884232,-0.9331559438780432,18.0,14.9,22.3,17.5,20.014285714285712,19.178571428571427
2025-07-24,19.6,16.4,23.1,205,-0.3754703786876202,-0.9268343944460494,18.2,16.3,20.6,16.7,20.11428571428571,19.214285714285715
2025-07-25,20.2,17.7,25.0,206,-0.3913578365610259,-0.9202385798054075,19.6,16.4,23.1,20.3,20.52857142857143,19.357142857142858
2025-07-26,18.7,15.3,21.5,207,-0.4071294853542516,-0.9133704517637858,20.2,17.7,25.0,22.9,20.514285714285712,19.542857142857144
2025-07-27,20.5,15.0,26.6,208,-0.4227806579826773,-0.9062320427107697,18.7,15.3,21.5,24.9,19.91428571428571,19.72142857142857
2025-07-28,19.8,17.3,23.6,209,-0.4383067230125192,-0.898825465016444,20.5,15.0,26.6,19.8,19.285714285714285,19.82857142857143
2025-07-29,17.6,14.3,21.9,210,-0.45370308603134424,-0.8911529104063088,19.8,17.3,23.6,18.0,19.28571428571428,19.678571428571427
2025-07-30,18.2,13.3,23.6,211,-0.46896519100763184,-0.8832166493127127,17.6,14.3,21.9,18.2,19.228571428571424,19.62142857142857
2025-07-31,16.6,14.1,19.3,212,-0.48408852163897587,-0.8750190302029955,18.2,13.3,23.6,19.6,19.228571428571428,19.67142857142857
2025-08-01,17.9,15.2,21.7,213,-0.4990686026885319,-0.8665624788845385,16.6,14.1,19.3,20.2,18.8,19.664285714285715
2025-08-02,18.7,15.3,23.4,214,-0.5139010013093103,-0.8578494977869301,17.9,15.2,21.7,18.7,18.471428571428568,19.49285714285714
2025-08-03,16.6,14.3,20.2,215,-0.5285813283559292,-0.8488826652214553,18.7,15.3,23.4,20.5,18.471428571428568,19.192857142857143
2025-08-04,18.6,14.9,23.9,216,-0.5431052396834317,-0.8396646346181327,16.6,14.3,20.2,19.8,17.914285714285715,18.599999999999998
2025-08-05,17.8,13.4,20.2,217,-0.5574684374327892,-0.8301981337405212,18.6,14.9,23.9,17.6,17.74285714285714,18.514285714285712
2025-08-06,17.0,12.0,22.4,218,-0.5716666713027052,-0.8204859638785327,17.8,13.4,20.2,18.2,17.77142857142857,18.5
2025-08-07,19.6,12.3,25.7,219,-0.5856957398073508,-0.8105309990194823,17.0,12.0,22.4,16.6,17.599999999999998,18.414285714285715
2025-08-08,22.1,16.6,27.7,220,-0.5995514915196489,-0.8003361849976323,19.6,12.3,25.7,17.9,18.02857142857143,18.414285714285715
2025-08-09,23.0,13.4,29.6,221,-0.6132298262997502,-0.7899045386224707,22.1,16.6,27.7,18.7,18.628571428571426,18.55
2025-08-10,19.6,12.6,24.5,222,-0.6267266965083301,-0.7792391467859886,23.0,13.4,29.6,16.6,19.24285714285714,18.857142857142858
2025-08-11,19.4,10.7,26.8,223,-0.6400381082043503,-0.7683431655492202,19.6,12.6,24.5,18.6,19.67142857142857,18.792857142857144
2025-08-12,22.2,12.7,29.0,224,-0.65316012232693,-0.7572198192083127,19.4,10.7,26.8,17.8,19.785714285714285,18.764285714285712
2025-08-13,23.8,15.8,32.3,225,-0.666088855860977,-0.7458723993404063,22.2,12.7,29.0,17.0,20.41428571428571,19.092857142857145
2025-08-14,25.7,17.2,33.6,226,-0.6788204829862355,-0.734304263829602,23.8,15.8,32.3,19.6,21.385714285714283,19.49285714285714
2025-08-15,26.6,18.0,34.5,227,-0.6913512362094071,-0.722518835873311,25.7,17.2,33.6,22.1,22.257142857142856,20.142857142857142
2025-08-16,20.1,15.3,24.6,228,-0.7036774074790128,-0.7105196029692745,26.6,18.0,34.5,23.0,22.900000000000002,20.764285714285712
2025-08-17,17.3,12.2,23.5,229,-0.7157953492826642,-0.6983101158835584,20.1,15.3,24.6,19.6,22.485714285714288,20.864285714285717
2025-08-18,18.6,10.5,24.9,230,-0.7277014757264236,-0.6858939875998223,17.3,12.2,23.5,19.4,22.15714285714285,20.914285714285715
2025-08-19,20.3,12.0,27.3,231,-0.7393922635959241,-0.673274892250183,18.6,10.5,24.9,22.2,22.042857142857144,20.914285714285715
2025-08-20,19.0,12.8,25.5,232,-0.7508642533989489,-0.6604565640279754,20.3,12.0,27.3,23.8,21.77142857142857,21.092857142857145
2025-08-21,17.5,9.9,24.1,233,-0.7621140503891487,-0.6474427960827475,19.0,12.8,25.5,25.7,21.085714285714285,21.235714285714288
2025-08-22,15.3,10.4,20.7,234,-0.7731383255706026,-0.6342374393978054,17.5,9.9,24.1,26.6,19.91428571428571,21.085714285714285
2025-08-23,13.7,10.1,17.2,235,-0.7839338166829201,-0.620844401650647,15.3,10.4,20.7,20.1,18.3,20.6
2025-08-24,14.7,8.9,21.0,236,-0.7944973291665992,-0.6072676460566135,13.7,10.1,17.2,17.3,17.385714285714283,19.935714285714287
2025-08-25,14.6,10.3,20.0,237,-0.8048257371083452,-0.593511190196115,14.7,8.9,21.0,18.6,17.014285714285712,19.585714285714285
2025-08-26,16.7,9.9,23.1,238,-0.8149159841660791,-0.5795791048257612,14.6,10.3,20.0,20.3,16.442857142857143,19.24285714285714
2025-08-27,21.6,14.9,30.0,239,-0.8247650844733614,-0.5654755126737576,16.7,9.9,23.1,19.0,15.928571428571425,18.85
2025-08-28,19.0,16.3,20.4,240,-0.8343701235229538,-0.5512045872199277,21.6,14.9,30.0,17.5,16.299999999999997,18.692857142857143
2025-08-29,18.4,13.7,21.5,241,-0.8437282590292712,-0.5367705514607103,19.0,16.3,20.4,15.3,16.514285714285712,18.214285714285715
2025-08-30,18.7,13.2,23.5,242,-0.8528367217694595,-0.522177676659508,18.4,13.7,21.5,13.7,16.957142857142856,17.628571428571426
2025-08-31,19.1,11.6,25.8,243,-0.8616928164028522,-0.5074302810827518,18.7,13.2,23.5,14.7,17.67142857142857,17.52857142857143
2025-09-01,21.1,14.5,27.4,244,-0.8702939222685674,-0.49253272872205434,19.1,11.6,25.8,14.6,18.3,17.65714285714286
2025-09-02,18.1,16.7,21.0,245,-0.8786374941610001,-0.4774894280028391,21.1,14.5,27.4,16.7,19.228571428571428,17.835714285714285
2025-09-03,19.5,13.5,25.4,246,-0.886721063082993,-0.46230483047981086,18.1,16.7,21.0,21.6,19.428571428571427,17.678571428571427
2025-09-04,21.8,16.1,27.8,247,-0.8945422369764496,-0.4469834295196741,19.5,13.5,25.4,19.0,19.128571428571426,17.714285714285715
2025-09-05,18.5,15.8,21.6,248,-0.9020987014301837,-0.43152975897147144,21.8,16.1,27.8,18.4,19.52857142857143,18.021428571428572
2025-09-06,17.0,12.0,22.3,249,-0.9093882203647925,-0.4159483918249421,18.5,15.8,21.6,18.7,19.54285714285714,18.25
2025-09-07,16.6,10.2,22.7,250,-0.9164086366943458,-0.4002439388573056,17.0,12.0,22.3,19.1,19.3,18.485714285714288
2025-09-08,17.4,10.9,23.7,251,-0.9231578729647039,-0.38442104726885545,16.6,10.2,22.7,21.1,18.942857142857143,18.62142857142857
2025-09-09,19.0,11.8,25.6,252,-0.9296339319682695,-0.3684843993077793,17.4,10.9,23.7,18.1,18.41428571428571,18.821428571428573
2025-09-10,18.9,14.1,22.9,253,-0.9358348973349941,-0.35243871088460327,19.0,11.8,25.6,19.5,18.54285714285714,18.985714285714288
2025-09-11,17.1,13.3,23.2,254,-0.9417589340994617,-0.33628873017668287,18.9,14.1,22.9,21.8,18.457142857142856,18.79285714285714
2025-09-12,15.7,11.3,21.2,255,-0.9474042892438845,-0.32003923622313857,17.1,13.3,23.2,18.5,17.785714285714285,18.657142857142855
2025-09-13,15.5,9.3,21.7,256,-0.9527692922168511,-0.30369503751065885,15.7,11.3,21.2,17.0,17.385714285714283,18.464285714285715
2025-09-14,15.6,10.7,20.0,257,-0.9578523554276669,-0.28726097055059635,15.5,9.3,21.7,16.6,17.17142857142857,18.235714285714284
2025-09-15,16.4,11.3,22.0,258,-0.9626519747161487,-0.2707418984477642,15.6,10.7,20.0,17.4,17.02857142857143,17.985714285714288
2025-09-16,15.8,12.9,19.8,259,-0.9671667297977312,-0.2541427094613622,16.4,11.3,22.0,19.0,16.885714285714283,17.65
2025-09-17,15.4,12.3,19.0,260,-0.97139528468375,-0.23746831555846842,15.8,12.9,19.8,18.9,16.428571428571427,17.485714285714288
2025-09-18,17.7,14.6,20.6,261,-0.9753363880767837,-0.2207236509605022,15.4,12.3,19.0,17.1,15.928571428571427,17.192857142857143
2025-09-19,20.0,16.9,24.3,262,-0.9789888737409319,-0.20391367068311472,17.7,14.6,20.6,15.7,16.014285714285712,16.9
2025-09-20,21.5,14.4,29.5,263,-0.9823516608469237,-0.18704334906991657,20.0,16.9,24.3,15.5,16.628571428571426,17.007142857142856
2025-09-21,19.7,12.5,27.4,264,-0.9854237542919524,-0.17011767832049052,21.5,14.4,29.5,15.6,17.485714285714284,17.32857142857143
2025-09-22,12.8,7.7,15.7,265,-0.9882042449941422,-0.15314166701312007,19.7,12.5,27.4,16.4,18.07142857142857,17.55
2025-09-23,11.1,5.6,18.0,266,-0.9906923101615609,-0.13612033862266704,12.8,7.7,15.7,15.8,17.557142857142857,17.22142857142857
2025-09-24,11.9,6.7,17.7,267,-0.9928872135356962,-0.11905873003404988,11.1,5.6,18.0,15.4,16.885714285714283,16.657142857142855
2025-09-25,12.0,7.6,17.1,268,-0.994788305609327,-0.10196189005174576,11.9,6.7,17.7,17.7,16.385714285714283,16.157142857142855
2025-09-26,13.1,9.6,16.2,269,-0.9963950238187231,-0.08483487790576538,12.0,7.6,17.1,20.0,15.57142857142857,15.792857142857143
2025-09-27,13.9,10.7,19.5,270,-0.9977068927101168,-0.06768276175455162,13.1,9.6,16.2,21.5,14.585714285714284,15.607142857142858
2025-09-28,12.6,7.2,19.1,271,-0.9987235240803972,-0.050510617185222886,13.9,10.7,19.5,19.7,13.499999999999998,15.492857142857144
2025-09-29,11.2,5.9,18.2,272,-0.9994446170919858,-0.033323525711631344,12.6,7.2,19.1,12.8,12.485714285714282,15.278571428571427
2025-09-30,8.9,4.7,14.1,273,-0.9998699583618592,-0.016126573270657762,11.2,5.9,18.2,11.1,12.257142857142854,14.907142857142858
2025-10-01,8.7,4.2,12.2,274,-0.9999994220246925,0.001075151282798226,8.9,4.7,14.1,11.9,11.942857142857141,14.414285714285713
2025-10-02,8.4,1.6,15.8,275,-0.999832969770105,0.018276557681691223,8.7,4.2,12.2,12.0,11.485714285714282,13.935714285714285
2025-10-03,9.0,1.1,15.8,276,-0.9993706508539969,0.03547255575312556,8.4,1.6,15.8,13.1,10.97142857142857,13.271428571428572
2025-10-04,9.4,6.6,12.6,277,-0.9986126020839734,0.052658056924614005,9.0,1.1,15.8,13.9,10.385714285714284,12.485714285714286
2025-10-05,11.8,9.4,14.3,278,-0.9975590477788613,0.06982797572987089,9.4,6.6,12.6,12.6,9.742857142857142,11.62142857142857
2025-10-06,12.3,9.4,17.0,279,-0.9962102997023297,0.0869772313136861,11.8,9.4,14.3,11.2,9.628571428571425,11.057142857142859
2025-10-07,12.7,9.4,15.2,280,-0.9945667569706337,0.1041007489354256,12.3,9.4,17.0,8.9,9.785714285714283,11.021428571428572
2025-10-08,14.1,11.9,15.9,281,-0.9926289059345095,0.121193461470736,12.7,9.4,15.2,8.7,10.328571428571426,11.135714285714286
2025-10-09,13.4,11.3,15.9,282,-0.9903973200352558,0.1382503109109819,14.1,11.9,15.9,8.4,11.099999999999998,11.292857142857143
2025-10-10,13.6,12.0,14.8,283,-0.9878726596350429,0.15526624985999563,13.4,11.3,15.9,9.0,11.814285714285713,11.392857142857142
2025-10-11,14.6,13.2,17.3,284,-0.9850556718215013,0.172236243027682,13.6,12.0,14.8,9.4,12.47142857142857,11.428571428571429
2025-10-12,12.8,11.9,13.7,285,-0.981947190186646,0.18915526872004093,14.6,13.2,17.3,11.8,13.214285714285712,11.478571428571428
2025-10-13,11.5,7.1,15.2,286,-0.9785481345802031,0.20601832032517084,12.8,11.9,13.7,12.3,13.357142857142858,11.492857142857144
2025-10-14,10.1,6.3,13.0,287,-0.9748595108374125,0.22282040779479959,11.5,7.1,15.2,12.7,13.242857142857142,11.514285714285714
2025-10-15,11.7,8.0,15.4,288,-0.9708824104813836,0.23955655912092708,10.1,6.3,13.0,14.1,12.87142857142857,11.6
2025-10-16,11.6,10.4,13.3,289,-0.9666180104000972,0.2562218218071163,11.7,8.0,15.4,13.4,12.528571428571427,11.814285714285715
2025-10-17,11.0,7.6,13.5,290,-0.9620675724981452,0.27281126433401914,11.6,10.4,13.3,13.6,12.271428571428569,12.042857142857143
2025-10-18,6.4,-0.7,11.1,291,-0.957232443323312,0.28931997761869527,11.0,7.6,13.5,14.6,11.899999999999997,12.185714285714285
2025-10-19,5.3,-1.3,11.2,292,-0.9521140536681102,0.3057430764672831,6.4,-0.7,11.1,12.8,10.728571428571428,11.971428571428573
2025-10-20,8.6,2.9,13.7,293,-0.9467139181463862,0.3220757010206104,5.3,-1.3,11.2,11.5,9.657142857142855,11.507142857142856
2025-10-21,12.8,9.1,17.4,294,-0.9410336347451197,0.3383130181923076,8.6,2.9,13.7,10.1,9.242857142857142,11.242857142857142
2025-10-22,12.4,9.3,15.9,295,-0.9350748843515574,0.3544502230989869,12.8,9.1,17.4,11.7,9.628571428571425,11.25
2025-10-23,12.9,10.2,15.6,296,-0.9288394302558068,0.3704825404820963,12.4,9.3,15.9,11.6,9.728571428571428,11.12857142857143
2025-10-24,10.9,7.4,12.1,297,-0.9223291176290545,0.3864052261209853,12.9,10.2,15.6,11.0,9.914285714285713,11.092857142857143
2025-10-25,9.5,6.3,13.0,298,-0.9155458729775467,0.40221356823680365,10.9,7.4,12.1,6.4,9.899999999999997,10.9
2025-10-26,7.8,3.7,9.8,299,-0.9084917035725082,0.41790288888678667,9.5,6.3,13.0,5.3,10.342857142857142,10.535714285714286
2025-10-27,7.7,5.5,10.0,300,-0.9011686968561569,0.4334685453485363,7.8,3.7,9.8,8.6,10.7,10.178571428571429
2025-10-28,8.9,7.4,10.4,301,-0.8935790198239952,0.4489059314938798,7.7,5.5,10.0,12.8,10.57142857142857,9.907142857142857
2025-10-29,10.4,7.2,15.0,302,-0.8857249183835637,0.4642104791518923,8.9,7.4,10.4,12.4,10.014285714285714,9.821428571428571
2025-10-30,10.3,7.4,12.2,303,-0.8776087166898392,0.4793776594606945,10.4,7.2,15.0,12.9,9.728571428571428,9.72857142857143
2025-10-31,8.5,3.5,13.3,304,-0.8692328164574792,0.49440298420761813,10.3,7.4,12.2,10.9,9.357142857142856,9.635714285714286
2025-11-01,10.9,4.2,16.9,305,-0.8605996962501181,0.5092820071573356,8.5,3.5,13.3,9.5,9.014285714285712,9.457142857142857
2025-11-02,11.5,9.3,13.3,306,-0.8517119107469189,0.5240103253675756,10.9,4.2,16.9,7.8,9.214285714285712,9.778571428571428
2025-11-03,10.3,8.4,12.8,307,-0.8425720899866032,0.5385835804920232,11.5,9.3,13.3,7.7,9.742857142857142,10.221428571428572
2025-11-04,10.7,7.4,15.9,308,-0.8331829385891785,0.5529974600700271,10.3,8.4,12.8,8.9,10.114285714285712,10.342857142857143
2025-11-05,10.2,5.8,17.4,309,-0.8235472349556007,0.5672476988027229,10.7,7.4,15.9,10.4,10.37142857142857,10.192857142857141
2025-11-06,9.3,4.8,15.1,310,-0.8136678304455991,0.5813300798152042,10.2,5.8,17.4,10.3,10.342857142857142,10.035714285714286
2025-11-07,7.9,3.8,12.7,311,-0.8035476485339116,0.5952404359043674,9.3,4.8,15.1,8.5,10.199999999999998,9.778571428571428
2025-11-08,4.0,-1.7,8.0,312,-0.7931896839451843,0.6089746507720486,7.9,3.8,12.7,10.9,10.114285714285712,9.564285714285715
2025-11-09,5.4,0.7,8.4,313,-0.7825970017677834,0.6225286602431057,4.0,-1.7,8.0,11.5,9.128571428571426,9.171428571428573
2025-11-10,8.1,5.1,10.9,314,-0.7717727365467836,0.6358984534680745,5.4,0.7,8.4,10.3,8.257142857142854,9.0
2025-11-11,7.2,3.5,10.6,315,-0.7607200913564104,0.6490800741100398,8.1,5.1,10.9,10.7,7.942857142857141,9.028571428571428
2025-11-12,8.0,4.3,12.4,316,-0.7494423368521954,0.6620696215153815,7.2,3.5,10.6,10.2,7.442857142857141,8.907142857142857
2025-11-13,11.7,7.0,16.3,317,-0.7379428103031386,0.6748632518680403,8.0,4.3,12.4,9.3,7.128571428571427,8.735714285714286
2025-11-14,10.3,6.6,12.5,318,-0.7262249146041543,0.6874571793269664,11.7,7.0,16.3,7.9,7.471428571428569,8.835714285714285
2025-11-15,5.5,4.9,6.6,319,-0.7142921172691032,0.699847677146407,10.3,6.6,12.5,4.0,7.814285714285712,8.964285714285714
2025-11-16,6.7,4.9,9.7,320,-0.7021479494046978,0.7120310787787131,5.5,4.9,6.6,5.4,8.028571428571427,8.578571428571427
2025-11-17,3.5,1.1,5.8,321,-0.6897960046655887,0.7240037789593305,6.7,4.9,9.7,8.1,8.214285714285712,8.235714285714286
2025-11-18,3.7,1.1,6.1,322,-0.6772399381909491,0.7357622347736527,3.5,1.1,5.8,7.2,7.557142857142856,7.75
2025-11-19,3.3,1.5,5.8,323,-0.6644834655228552,0.7473029667054296,3.7,1.1,6.1,8.0,7.057142857142855,7.25
2025-11-20,2.0,-1.2,3.9,324,-0.6515303615068021,0.75862255966641,3.3,1.5,5.8,11.7,6.385714285714284,6.757142857142857
2025-11-21,-0.9,-3.7,2.4,325,-0.6383844591746642,0.7697176640069211,2.0,-1.2,3.9,10.3,4.999999999999998,6.235714285714286
2025-11-22,-1.5,-5.6,2.6,326,-0.6250496486104377,0.7805849965070866,-0.9,-3.7,2.4,5.5,3.399999999999998,5.607142857142857
2025-11-23,-2.9,-5.2,0.6,327,-0.6115298757991053,0.7912213413483807,-1.5,-5.6,2.6,6.7,2.399999999999998,5.214285714285714
2025-11-24,0.4,-3.6,3.6,328,-0.5978291414589552,0.801623551065242,-2.9,-5.2,0.6,3.5,1.0285714285714267,4.621428571428572
2025-11-25,2.3,-0.3,5.3,329,-0.5839514998576998,0.8117885474764613,0.4,-3.6,3.6,3.7,0.5857142857142837,4.071428571428571
2025-11-26,2.2,-1.2,4.6,330,-0.5699010576127624,0.8217133225960589,2.3,-0.3,5.3,3.3,0.3857142857142836,3.7214285714285715
2025-11-27,3.3,2.0,5.1,331,-0.5556819724760489,0.8313949395234058,2.2,-1.2,4.6,2.0,0.22857142857142657,3.307142857142857
2025-11-28,5.5,3.7,6.9,332,-0.5412984521036173,0.8408305333122887,3.3,2.0,5.1,-0.9,0.41428571428571226,2.707142857142857
2025-11-29,6.2,4.8,7.2,333,-0.5267547528105542,0.8500173118187018,5.5,3.7,6.9,-1.5,1.3285714285714267,2.3642857142857143
2025-11-30,6.6,4.6,9.2,334,-0.5120551783114646,0.8589525565270845,6.2,4.8,7.2,-2.9,2.4285714285714266,2.414285714285714
2025-12-01,3.8,-0.3,6.6,335,-0.4972040784469378,0.8676336233547726,6.6,4.6,9.2,0.4,3.785714285714284,2.4071428571428575
2025-12-02,1.5,-0.6,4.6,336,-0.4822058478963526,0.8760579434344281,3.8,-0.3,6.6,2.3,4.27142857142857,2.4285714285714284
2025-12-03,2.5,0.3,4.8,337,-0.46706492487743034,0.8842230238742036,1.5,-0.6,4.6,2.2,4.157142857142855,2.2714285714285714
2025-12-04,2.4,0.7,4.8,338,-0.451785789832884,0.8921264484954345,2.5,0.3,4.8,3.3,4.1999999999999975,2.2142857142857144
2025-12-05,3.4,1.5,4.6,339,-0.4363729641045924,0.8997658785476209,2.4,0.7,4.8,5.5,4.071428571428569,2.242857142857143
2025-12-06,3.0,0.5,4.5,340,-0.42083100859565564,0.9071390534005044,3.4,1.5,4.6,6.2,3.771428571428569,2.55
2025-12-07,6.5,3.2,9.9,341,-0.4051645224207563,0.9142437912130223,3.0,0.5,4.5,6.6,3.3142857142857123,2.871428571428571
2025-12-08,10.6,6.4,13.7,342,-0.3893781415452015,0.9210779895789526,6.5,3.2,9.9,3.8,3.299999999999998,3.5428571428571423
2025-12-09,11.2,10.5,12.0,343,-0.37347653741307074,0.9276396261490467,10.6,6.4,13.7,1.5,4.27142857142857,4.271428571428571
2025-12-10,10.9,9.9,12.5,344,-0.3574644155648614,0.9339267592294762,11.2,10.5,12.0,2.5,5.657142857142856,4.9071428571428575
2025-12-11,9.5,5.2,11.0,345,-0.34134651424503615,0.9399375283564133,10.9,9.9,12.5,2.4,6.857142857142855,5.528571428571428
2025-12-12,4.7,2.5,7.8,346,-0.3251276029999093,0.9456701548465688,9.5,5.2,11.0,3.4,7.871428571428569,5.971428571428571
2025-12-13,6.5,4.1,8.9,347,-0.30881248126625377,0.9511229423235357,4.7,2.5,7.8,3.0,8.057142857142855,5.914285714285714
2025-12-14,5.9,4.2,7.4,348,-0.29240597695107734,0.9562942772197719,6.5,4.1,8.9,6.5,8.557142857142855,5.935714285714285
2025-12-15,5.5,1.5,8.4,349,-0.27591294500296043,0.9611826292540837,5.9,4.2,7.4,10.6,8.47142857142857,5.885714285714286
2025-12-16,2.4,-0.6,6.2,350,-0.2593382659754056,0.9657865518844574,5.5,1.5,8.4,11.2,7.742857142857141,6.007142857142857
2025-12-17,1.6,-1.7,5.2,351,-0.2426868445825954,0.9701046827361175,2.4,-0.6,6.2,10.9,6.485714285714283,6.07142857142857
2025-12-18,6.4,3.4,10.5,352,-0.22596360824801906,0.974135744004672,1.6,-1.7,5.2,9.5,5.157142857142856,6.007142857142858
2025-12-19,6.7,3.0,9.3,353,-0.20917350564635637,0.9778785428342386,6.4,3.4,10.5,4.7,4.714285714285713,6.292857142857143
2025-12-20,6.7,3.6,9.9,354,-0.19232150523909483,0.9813319716704275,6.7,3.0,9.3,6.5,4.999999999999998,6.528571428571428
2025-12-21,6.1,4.3,6.8,355,-0.17541259380427843,0.9844950085880858,6.7,3.6,9.9,5.9,5.028571428571427,6.792857142857143
2025-12-22,2.5,0.6,4.6,356,-0.15845177496083632,0.9873667175937016,6.1,4.3,6.8,5.5,5.057142857142855,6.764285714285713
2025-12-23,2.0,0.2,3.4,357,-0.14144406768794202,0.9899462489023779,2.5,0.6,4.6,2.4,4.628571428571426,6.185714285714285
2025-12-24,-2.9,-7.7,0.4,358,-0.12439450483979998,0.9922328391893008,2.0,0.2,3.4,1.6,4.571428571428569,5.528571428571428
2025-12-25,-7.2,-9.2,-4.0,359,-0.10730813165636247,0.9942258118156161,-2.9,-7.7,0.4,6.4,3.9285714285714266,4.542857142857144
2025-12-26,-3.9,-9.3,-0.1,360,-0.09019000427034513,0.9959245770286599,-7.2,-9.2,-4.0,6.7,1.9857142857142838,3.35
2025-12-27,0.7,-0.7,4.5,361,-0.07304518821104743,0.9973286321364752,-3.9,-9.3,-0.1,6.7,0.4714285714285693,2.735714285714286
2025-12-28,0.1,-2.6,3.1,362,-0.05587875690537313,0.9984375616565666,0.7,-0.7,4.5,6.1,-0.3857142857142879,2.3214285714285716
2025-12-29,2.5,-0.9,4.7,363,-0.03869579017652689,0.9992510374388481,0.1,-2.6,3.1,2.5,-1.242857142857145,1.907142857142857
2025-12-30,-0.1,-2.4,2.3,364,-0.021501372740813793,0.999768818762748,2.5,-0.9,4.7,2.0,-1.242857142857145,1.6928571428571428
2025-12-31,0.6,-3.2,3.8,365,-0.004300592702981974,0.9999907524084426,-0.1,-2.4,2.3,-2.9,-1.542857142857145,1.5142857142857142
