EUROPEAN CLIMATE ASSESSMENT & DATASET (ECA&D), file created on 13-08-2026
THESE DATA CAN BE USED FREELY PROVIDED THAT THE FOLLOWING SOURCE IS ACKNOWLEDGED:

Klein Tank, A.M.G. and Coauthors, 2002. Daily dataset of 20th-century surface
air temperature and precipitation series for the European Climate Assessment.
Int. J. of Climatol., 22, 1441-1453.
Data and metadata available at http://www.ecad.eu

FILE FORMAT (MISSING VALUE CODE IS -9999):

01-06 STAID: Station identifier
08-13 SOUID: Source identifier
15-22 DATE : Date YYYYMMDD
24-28 TG   : mean temperature in 0.1 &#176;C
30-34 Q_TG : Quality code for TG (0='valid'; 1='suspect'; 9='missing')

This is the series (SOUID: 111448) of GERMANY, BERLIN-TEMPELHOF (STAID: 2759)
See file sources.txt for more info.



 STAID, SOUID,    DATE,   TG, Q_TG
  2759,111448,20150101,   39,    0
  2759,111448,20150102,   54,    0
  2759,111448,20150103,   48,    0
  2759,111448,20150104,   36,    0
  2759,111448,20150105,   34,    0
  2759,111448,20150106,   10,    0
  2759,111448,20150107,   22,    0
  2759,111448,20150108,   36,    0
  2759,111448,20150109,   64,    0
  2759,111448,20150110,   88,    0
  2759,111448,20150111,   37,    0
  2759,111448,20150112,   58,    0
  2759,111448,20150113,  100,    0
  2759,111448,20150114,   63,    0
  2759,111448,20150115,   51,    0
  2759,111448,20150116,   79,    0
  2759,111448,20150117,   37,    0
  2759,111448,20150118,    4,    0
  2759,111448,20150119,   -4,    0
  2759,111448,20150120,   10,    0
  2759,111448,20150121,    8,    0
  2759,111448,20150122,   -3,    0
  2759,111448,20150123,    3,    0
  2759,111448,20150124,   -1,    0
  2759,111448,20150125,   12,    0
  2759,111448,20150126,   24,    0
  2759,111448,20150127,   35,    0
  2759,111448,20150128,   33,    0
  2759,111448,20150129,   23,    0
  2759,111448,20150130,   10,    0
  2759,111448,20150131,    5,    0
  2759,111448,20150201,   11,    0
  2759,111448,20150202,   11,    0
  2759,111448,20150203,    2,    0
  2759,111448,20150204,   -9,    0
  2759,111448,20150205,  -12,    0
  2759,111448,20150206,  -34,    0
  2759,111448,20150207,   -9,    0
  2759,111448,20150208,   18,    0
  2759,111448,20150209,   42,    0
  2759,111448,20150210,   53,    0
  2759,111448,20150211,   51,    0
  2759,111448,20150212,   11,    0
  2759,111448,20150213,   12,    0
  2759,111448,20150214,   11,    0
  2759,111448,20150215,   24,    0
  2759,111448,20150216,    5,    0
  2759,111448,20150217,   13,    0
  2759,111448,20150218,   35,    0
  2759,111448,20150219,   28,    0
  2759,111448,20150220,   35,    0
  2759,111448,20150221,   59,    0
  2759,111448,20150222,   21,    0
  2759,111448,20150223,   20,    0
  2759,111448,20150224,   40,    0
  2759,111448,20150225,   32,    0
  2759,111448,20150226,   32,    0
  2759,111448,20150227,   43,    0
  2759,111448,20150228,   41,    0
  2759,111448,20150301,   38,    0
  2759,111448,20150302,   54,    0
  2759,111448,20150303,   47,    0
  2759,111448,20150304,   36,    0
  2759,111448,20150305,   39,    0
  2759,111448,20150306,   47,    0
  2759,111448,20150307,   79,    0
  2759,111448,20150308,  112,    0
  2759,111448,20150309,   94,    0
  2759,111448,20150310,   70,    0
  2759,111448,20150311,   48,    0
  2759,111448,20150312,   30,    0
  2759,111448,20150313,   26,    0
  2759,111448,20150314,   44,    0
  2759,111448,20150315,   60,    0
  2759,111448,20150316,   83,    0
  2759,111448,20150317,  113,    0
  2759,111448,20150318,   87,    0
  2759,111448,20150319,   67,    0
  2759,111448,20150320,   67,    0
  2759,111448,20150321,   34,    0
  2759,111448,20150322,   13,    0
  2759,111448,20150323,   54,    0
  2759,111448,20150324,   83,    0
  2759,111448,20150325,   94,    0
  2759,111448,20150326,   82,    0
  2759,111448,20150327,   73,    0
  2759,111448,20150328,   71,    0
  2759,111448,20150329,   95,    0
  2759,111448,20150330,   64,    0
  2759,111448,20150331,   59,    0
  2759,111448,20150401,   46,    0
  2759,111448,20150402,   33,    0
  2759,111448,20150403,   49,    0
  2759,111448,20150404,   44,    0
  2759,111448,20150405,   48,    0
  2759,111448,20150406,   54,    0
  2759,111448,20150407,   71,    0
  2759,111448,20150408,   82,    0
  2759,111448,20150409,  100,    0
  2759,111448,20150410,  133,    0
  2759,111448,20150411,  152,    0
  2759,111448,20150412,  103,    0
  2759,111448,20150413,   95,    0
  2759,111448,20150414,  102,    0
  2759,111448,20150415,  164,    0
  2759,111448,20150416,  105,    0
  2759,111448,20150417,   73,    0
  2759,111448,20150418,   65,    0
  2759,111448,20150419,   93,    0
  2759,111448,20150420,  112,    0
  2759,111448,20150421,  138,    0
  2759,111448,20150422,   95,    0
  2759,111448,20150423,  122,    0
  2759,111448,20150424,  145,    0
  2759,111448,20150425,  163,    0
  2759,111448,20150426,  140,    0
  2759,111448,20150427,  102,    0
  2759,111448,20150428,   79,    0
  2759,111448,20150429,   91,    0
  2759,111448,20150430,  106,    0
  2759,111448,20150501,   98,    0
  2759,111448,20150502,   93,    0
  2759,111448,20150503,  133,    0
  2759,111448,20150504,  178,    0
  2759,111448,20150505,  190,    0
  2759,111448,20150506,  160,    0
  2759,111448,20150507,  131,    0
  2759,111448,20150508,  135,    0
  2759,111448,20150509,  162,    0
  2759,111448,20150510,  115,    0
  2759,111448,20150511,  140,    0
  2759,111448,20150512,  184,    0
  2759,111448,20150513,  134,    0
  2759,111448,20150514,  102,    0
  2759,111448,20150515,  114,    0
  2759,111448,20150516,  113,    0
  2759,111448,20150517,  114,    0
  2759,111448,20150518,  148,    0
  2759,111448,20150519,  154,    0
  2759,111448,20150520,  137,    0
  2759,111448,20150521,  127,    0
  2759,111448,20150522,  145,    0
  2759,111448,20150523,  158,    0
  2759,111448,20150524,  143,    0
  2759,111448,20150525,  165,    0
  2759,111448,20150526,  130,    0
  2759,111448,20150527,  113,    0
  2759,111448,20150528,  138,    0
  2759,111448,20150529,  157,    0
  2759,111448,20150530,  131,    0
  2759,111448,20150531,  155,    0
  2759,111448,20150601,  144,    0
  2759,111448,20150602,  186,    0
  2759,111448,20150603,  192,    0
  2759,111448,20150604,  163,    0
  2759,111448,20150605,  213,    0
  2759,111448,20150606,  241,    0
  2759,111448,20150607,  187,    0
  2759,111448,20150608,  159,    0
  2759,111448,20150609,  151,    0
  2759,111448,20150610,  169,    0
  2759,111448,20150611,  188,    0
  2759,111448,20150612,  208,    0
  2759,111448,20150613,  220,    0
  2759,111448,20150614,  182,    0
  2759,111448,20150615,  150,    0
  2759,111448,20150616,  120,    0
  2759,111448,20150617,  157,    0
  2759,111448,20150618,  158,    0
  2759,111448,20150619,  135,    0
  2759,111448,20150620,  134,    0
  2759,111448,20150621,  150,    0
  2759,111448,20150622,  149,    0
  2759,111448,20150623,  118,    0
  2759,111448,20150624,  131,    0
  2759,111448,20150625,  180,    0
  2759,111448,20150626,  191,    0
  2759,111448,20150627,  188,    0
  2759,111448,20150628,  177,    0
  2759,111448,20150629,  211,    0
  2759,111448,20150630,  211,    0
  2759,111448,20150701,  211,    0
  2759,111448,20150702,  240,    0
  2759,111448,20150703,  270,    0
  2759,111448,20150704,  301,    0
  2759,111448,20150705,  289,    0
  2759,111448,20150706,  219,    0
  2759,111448,20150707,  239,    0
  2759,111448,20150708,  197,    0
  2759,111448,20150709,  157,    0
  2759,111448,20150710,  153,    0
  2759,111448,20150711,  176,    0
  2759,111448,20150712,  184,    0
  2759,111448,20150713,  172,    0
  2759,111448,20150714,  174,    0
  2759,111448,20150715,  190,    0
  2759,111448,20150716,  210,    0
  2759,111448,20150717,  244,    0
  2759,111448,20150718,  231,    0
  2759,111448,20150719,  182,    0
  2759,111448,20150720,  196,    0
  2759,111448,20150721,  232,    0
  2759,111448,20150722,  246,    0
  2759,111448,20150723,  205,    0
  2759,111448,20150724,  207,    0
  2759,111448,20150725,  217,    0
  2759,111448,20150726,  168,    0
  2759,111448,20150727,  173,    0
  2759,111448,20150728,  175,    0
  2759,111448,20150729,  167,    0
  2759,111448,20150730,  160,    0
  2759,111448,20150731,  149,    0
  2759,111448,20150801,  183,    0
  2759,111448,20150802,  229,    0
  2759,111448,20150803,  246,    0
  2759,111448,20150804,  267,    0
  2759,111448,20150805,  214,    0
  2759,111448,20150806,  262,    0
  2759,111448,20150807,  286,    0
  2759,111448,20150808,  254,    0
  2759,111448,20150809,  224,    0
  2759,111448,20150810,  256,    0
  2759,111448,20150811,  271,    0
  2759,111448,20150812,  233,    0
  2759,111448,20150813,  240,    0
  2759,111448,20150814,  274,    0
  2759,111448,20150815,  251,    0
  2759,111448,20150816,  229,    0
  2759,111448,20150817,  232,    0
  2759,111448,20150818,  191,    0
  2759,111448,20150819,  187,    0
  2759,111448,20150820,  196,    0
  2759,111448,20150821,  201,    0
  2759,111448,20150822,  208,    0
  2759,111448,20150823,  202,    0
  2759,111448,20150824,  217,    0
  2759,111448,20150825,  185,    0
  2759,111448,20150826,  204,    0
  2759,111448,20150827,  215,    0
  2759,111448,20150828,  170,    0
  2759,111448,20150829,  185,    0
  2759,111448,20150830,  225,    0
  2759,111448,20150831,  273,    0
  2759,111448,20150901,  227,    0
  2759,111448,20150902,  165,    0
  2759,111448,20150903,  151,    0
  2759,111448,20150904,  155,    0
  2759,111448,20150905,  144,    0
  2759,111448,20150906,  133,    0
  2759,111448,20150907,  135,    0
  2759,111448,20150908,  141,    0
  2759,111448,20150909,  130,    0
  2759,111448,20150910,  138,    0
  2759,111448,20150911,  139,    0
  2759,111448,20150912,  168,    0
  2759,111448,20150913,  190,    0
  2759,111448,20150914,  177,    0
  2759,111448,20150915,  159,    0
  2759,111448,20150916,  174,    0
  2759,111448,20150917,  191,    0
  2759,111448,20150918,  159,    0
  2759,111448,20150919,  152,    0
  2759,111448,20150920,  128,    0
  2759,111448,20150921,  129,    0
  2759,111448,20150922,  149,    0
  2759,111448,20150923,  135,    0
  2759,111448,20150924,  139,    0
  2759,111448,20150925,  136,    0
  2759,111448,20150926,  126,    0
  2759,111448,20150927,  114,    0
  2759,111448,20150928,  118,    0
  2759,111448,20150929,  112,    0
  2759,111448,20150930,  114,    0
  2759,111448,20151001,  104,    0
  2759,111448,20151002,  109,    0
  2759,111448,20151003,  134,    0
  2759,111448,20151004,  152,    0
  2759,111448,20151005,  136,    0
  2759,111448,20151006,  142,    0
  2759,111448,20151007,  129,    0
  2759,111448,20151008,   78,    0
  2759,111448,20151009,   87,    0
  2759,111448,20151010,   62,    0
  2759,111448,20151011,   49,    0
  2759,111448,20151012,   44,    0
  2759,111448,20151013,   41,    0
  2759,111448,20151014,   53,    0
  2759,111448,20151015,   66,    0
  2759,111448,20151016,   80,    0
  2759,111448,20151017,   83,    0
  2759,111448,20151018,   87,    0
  2759,111448,20151019,   83,    0
  2759,111448,20151020,   96,    0
  2759,111448,20151021,   97,    0
  2759,111448,20151022,   94,    0
  2759,111448,20151023,  115,    0
  2759,111448,20151024,   87,    0
  2759,111448,20151025,   99,    0
  2759,111448,20151026,   77,    0
  2759,111448,20151027,   87,    0
  2759,111448,20151028,   80,    0
  2759,111448,20151029,   65,    0
  2759,111448,20151030,   73,    0
  2759,111448,20151031,  107,    0
  2759,111448,20151101,   95,    0
  2759,111448,20151102,   69,    0
  2759,111448,20151103,   44,    0
  2759,111448,20151104,   37,    0
  2759,111448,20151105,   88,    0
  2759,111448,20151106,  116,    0
  2759,111448,20151107,  153,    0
  2759,111448,20151108,  137,    0
  2759,111448,20151109,  139,    0
  2759,111448,20151110,  143,    0
  2759,111448,20151111,  139,    0
  2759,111448,20151112,  120,    0
  2759,111448,20151113,  114,    0
  2759,111448,20151114,   78,    0
  2759,111448,20151115,   96,    0
  2759,111448,20151116,  109,    0
  2759,111448,20151117,  118,    0
  2759,111448,20151118,  120,    0
  2759,111448,20151119,  116,    0
  2759,111448,20151120,   79,    0
  2759,111448,20151121,   49,    0
  2759,111448,20151122,   14,    0
  2759,111448,20151123,    7,    0
  2759,111448,20151124,   13,    0
  2759,111448,20151125,   33,    0
  2759,111448,20151126,   46,    0
  2759,111448,20151127,   19,    0
  2759,111448,20151128,    9,    0
  2759,111448,20151129,   57,    0
  2759,111448,20151130,   62,    0
  2759,111448,20151201,   58,    0
  2759,111448,20151202,   94,    0
  2759,111448,20151203,   84,    0
  2759,111448,20151204,   69,    0
  2759,111448,20151205,   67,    0
  2759,111448,20151206,   88,    0
  2759,111448,20151207,  110,    0
  2759,111448,20151208,   88,    0
  2759,111448,20151209,   64,    0
  2759,111448,20151210,   33,    0
  2759,111448,20151211,   41,    0
  2759,111448,20151212,   54,    0
  2759,111448,20151213,   53,    0
  2759,111448,20151214,   10,    0
  2759,111448,20151215,   53,    0
  2759,111448,20151216,   59,    0
  2759,111448,20151217,  107,    0
  2759,111448,20151218,  113,    0
  2759,111448,20151219,   94,    0
  2759,111448,20151220,   96,    0
  2759,111448,20151221,   97,    0
  2759,111448,20151222,  116,    0
  2759,111448,20151223,  116,    0
  2759,111448,20151224,   71,    0
  2759,111448,20151225,   94,    0
  2759,111448,20151226,  130,    0
  2759,111448,20151227,  107,    0
  2759,111448,20151228,   72,    0
  2759,111448,20151229,   45,    0
  2759,111448,20151230,    7,    0
  2759,111448,20151231,    2,    0
  2759,111448,20160101,   16,    0
  2759,111448,20160102,  -36,    0
  2759,111448,20160103,  -98,    0
  2759,111448,20160104,  -91,    0
  2759,111448,20160105,  -84,    0
  2759,111448,20160106,  -78,    0
  2759,111448,20160107,  -55,    0
  2759,111448,20160108,   32,    0
  2759,111448,20160109,    9,    0
  2759,111448,20160110,    6,    0
  2759,111448,20160111,   24,    0
  2759,111448,20160112,   29,    0
  2759,111448,20160113,   26,    0
  2759,111448,20160114,   18,    0
  2759,111448,20160115,   -2,    0
  2759,111448,20160116,   -2,    0
  2759,111448,20160117,  -12,    0
  2759,111448,20160118,  -38,    0
  2759,111448,20160119,  -62,    0
  2759,111448,20160120,  -20,    0
  2759,111448,20160121,  -31,    0
  2759,111448,20160122,  -64,    0
  2759,111448,20160123,  -13,    0
  2759,111448,20160124,   37,    0
  2759,111448,20160125,   78,    0
  2759,111448,20160126,   89,    0
  2759,111448,20160127,  102,    0
  2759,111448,20160128,   79,    0
  2759,111448,20160129,   54,    0
  2759,111448,20160130,   77,    0
  2759,111448,20160131,   43,    0
  2759,111448,20160201,   75,    0
  2759,111448,20160202,   92,    0
  2759,111448,20160203,   58,    0
  2759,111448,20160204,   34,    0
  2759,111448,20160205,   36,    0
  2759,111448,20160206,   79,    0
  2759,111448,20160207,   67,    0
  2759,111448,20160208,   79,    0
  2759,111448,20160209,   83,    0
  2759,111448,20160210,   54,    0
  2759,111448,20160211,   44,    0
  2759,111448,20160212,   28,    0
  2759,111448,20160213,   13,    0
  2759,111448,20160214,   30,    0
  2759,111448,20160215,   36,    0
  2759,111448,20160216,    4,    0
  2759,111448,20160217,    0,    0
  2759,111448,20160218,   27,    0
  2759,111448,20160219,   35,    0
  2759,111448,20160220,   35,    0
  2759,111448,20160221,   83,    0
  2759,111448,20160222,   70,    0
  2759,111448,20160223,   48,    0
  2759,111448,20160224,   32,    0
  2759,111448,20160225,   11,    0
  2759,111448,20160226,   19,    0
  2759,111448,20160227,   13,    0
  2759,111448,20160228,   27,    0
  2759,111448,20160229,   13,    0
  2759,111448,20160301,   15,    0
  2759,111448,20160302,   44,    0
  2759,111448,20160303,   41,    0
  2759,111448,20160304,   41,    0
  2759,111448,20160305,   57,    0
  2759,111448,20160306,   37,    0
  2759,111448,20160307,   28,    0
  2759,111448,20160308,   28,    0
  2759,111448,20160309,   32,    0
  2759,111448,20160310,   52,    0
  2759,111448,20160311,   39,    0
  2759,111448,20160312,   29,    0
  2759,111448,20160313,   17,    0
  2759,111448,20160314,   40,    0
  2759,111448,20160315,   45,    0
  2759,111448,20160316,   48,    0
  2759,111448,20160317,   58,    0
  2759,111448,20160318,   48,    0
  2759,111448,20160319,   62,    0
  2759,111448,20160320,   57,    0
  2759,111448,20160321,   58,    0
  2759,111448,20160322,   64,    0
  2759,111448,20160323,   53,    0
  2759,111448,20160324,   45,    0
  2759,111448,20160325,   64,    0
  2759,111448,20160326,   94,    0
  2759,111448,20160327,   91,    0
  2759,111448,20160328,  104,    0
  2759,111448,20160329,   75,    0
  2759,111448,20160330,   76,    0
  2759,111448,20160331,   79,    0
  2759,111448,20160401,   83,    0
  2759,111448,20160402,   99,    0
  2759,111448,20160403,  131,    0
  2759,111448,20160404,  152,    0
  2759,111448,20160405,  160,    0
  2759,111448,20160406,  119,    0
  2759,111448,20160407,  103,    0
  2759,111448,20160408,   85,    0
  2759,111448,20160409,   90,    0
  2759,111448,20160410,   79,    0
  2759,111448,20160411,   95,    0
  2759,111448,20160412,  106,    0
  2759,111448,20160413,  125,    0
  2759,111448,20160414,   91,    0
  2759,111448,20160415,   89,    0
  2759,111448,20160416,  105,    0
  2759,111448,20160417,   92,    0
  2759,111448,20160418,   88,    0
  2759,111448,20160419,  103,    0
  2759,111448,20160420,   89,    0
  2759,111448,20160421,   96,    0
  2759,111448,20160422,   92,    0
  2759,111448,20160423,   71,    0
  2759,111448,20160424,   48,    0
  2759,111448,20160425,   54,    0
  2759,111448,20160426,   52,    0
  2759,111448,20160427,   51,    0
  2759,111448,20160428,   57,    0
  2759,111448,20160429,   92,    0
  2759,111448,20160430,  125,    0
  2759,111448,20160501,  127,    0
  2759,111448,20160502,  132,    0
  2759,111448,20160503,  125,    0
  2759,111448,20160504,  102,    0
  2759,111448,20160505,  139,    0
  2759,111448,20160506,  171,    0
  2759,111448,20160507,  183,    0
  2759,111448,20160508,  184,    0
  2759,111448,20160509,  191,    0
  2759,111448,20160510,  185,    0
  2759,111448,20160511,  191,    0
  2759,111448,20160512,  184,    0
  2759,111448,20160513,  164,    0
  2759,111448,20160514,  109,    0
  2759,111448,20160515,   90,    0
  2759,111448,20160516,   99,    0
  2759,111448,20160517,  100,    0
  2759,111448,20160518,  150,    0
  2759,111448,20160519,  176,    0
  2759,111448,20160520,  178,    0
  2759,111448,20160521,  195,    0
  2759,111448,20160522,  224,    0
  2759,111448,20160523,  210,    0
  2759,111448,20160524,  163,    0
  2759,111448,20160525,  139,    0
  2759,111448,20160526,  142,    0
  2759,111448,20160527,  164,    0
  2759,111448,20160528,  184,    0
  2759,111448,20160529,  214,    0
  2759,111448,20160530,  210,    0
  2759,111448,20160531,  199,    0
  2759,111448,20160601,  193,    0
  2759,111448,20160602,  199,    0
  2759,111448,20160603,  218,    0
  2759,111448,20160604,  223,    0
  2759,111448,20160605,  222,    0
  2759,111448,20160606,  199,    0
  2759,111448,20160607,  197,    0
  2759,111448,20160608,  207,    0
  2759,111448,20160609,  183,    0
  2759,111448,20160610,  166,    0
  2759,111448,20160611,  171,    0
  2759,111448,20160612,  167,    0
  2759,111448,20160613,  145,    0
  2759,111448,20160614,  175,    0
  2759,111448,20160615,  158,    0
  2759,111448,20160616,  180,    0
  2759,111448,20160617,  158,    0
  2759,111448,20160618,  172,    0
  2759,111448,20160619,  174,    0
  2759,111448,20160620,  182,    0
  2759,111448,20160621,  191,    0
  2759,111448,20160622,  221,    0
  2759,111448,20160623,  259,    0
  2759,111448,20160624,  282,    0
  2759,111448,20160625,  265,    0
  2759,111448,20160626,  198,    0
  2759,111448,20160627,  196,    0
  2759,111448,20160628,  193,    0
  2759,111448,20160629,  198,    0
  2759,111448,20160630,  207,    0
  2759,111448,20160701,  230,    0
  2759,111448,20160702,  190,    0
  2759,111448,20160703,  170,    0
  2759,111448,20160704,  183,    0
  2759,111448,20160705,  202,    0
  2759,111448,20160706,  165,    0
  2759,111448,20160707,  176,    0
  2759,111448,20160708,  205,    0
  2759,111448,20160709,  189,    0
  2759,111448,20160710,  251,    0
  2759,111448,20160711,  250,    0
  2759,111448,20160712,  223,    0
  2759,111448,20160713,  183,    0
  2759,111448,20160714,  159,    0
  2759,111448,20160715,  156,    0
  2759,111448,20160716,  191,    0
  2759,111448,20160717,  200,    0
  2759,111448,20160718,  191,    0
  2759,111448,20160719,  200,    0
  2759,111448,20160720,  226,    0
  2759,111448,20160721,  236,    0
  2759,111448,20160722,  236,    0
  2759,111448,20160723,  224,    0
  2759,111448,20160724,  229,    0
  2759,111448,20160725,  248,    0
  2759,111448,20160726,  237,    0
  2759,111448,20160727,  200,    0
  2759,111448,20160728,  215,    0
  2759,111448,20160729,  213,    0
  2759,111448,20160730,  214,    0
  2759,111448,20160731,  200,    0
  2759,111448,20160801,  179,    0
  2759,111448,20160802,  164,    0
  2759,111448,20160803,  191,    0
  2759,111448,20160804,  199,    0
  2759,111448,20160805,  185,    0
  2759,111448,20160806,  181,    0
  2759,111448,20160807,  194,    0
  2759,111448,20160808,  214,    0
  2759,111448,20160809,  170,    0
  2759,111448,20160810,  142,    0
  2759,111448,20160811,  143,    0
  2759,111448,20160812,  164,    0
  2759,111448,20160813,  214,    0
  2759,111448,20160814,  190,    0
  2759,111448,20160815,  166,    0
  2759,111448,20160816,  154,    0
  2759,111448,20160817,  158,    0
  2759,111448,20160818,  163,    0
  2759,111448,20160819,  197,    0
  2759,111448,20160820,  204,    0
  2759,111448,20160821,  179,    0
  2759,111448,20160822,  191,    0
  2759,111448,20160823,  198,    0
  2759,111448,20160824,  220,    0
  2759,111448,20160825,  228,    0
  2759,111448,20160826,  254,    0
  2759,111448,20160827,  241,    0
  2759,111448,20160828,  258,    0
  2759,111448,20160829,  204,    0
  2759,111448,20160830,  171,    0
  2759,111448,20160831,  194,    0
  2759,111448,20160901,  203,    0
  2759,111448,20160902,  200,    0
  2759,111448,20160903,  211,    0
  2759,111448,20160904,  184,    0
  2759,111448,20160905,  174,    0
  2759,111448,20160906,  169,    0
  2759,111448,20160907,  191,    0
  2759,111448,20160908,  224,    0
  2759,111448,20160909,  214,    0
  2759,111448,20160910,  211,    0
  2759,111448,20160911,  232,    0
  2759,111448,20160912,  239,    0
  2759,111448,20160913,  240,    0
  2759,111448,20160914,  228,    0
  2759,111448,20160915,  205,    0
  2759,111448,20160916,  209,    0
  2759,111448,20160917,  183,    0
  2759,111448,20160918,  161,    0
  2759,111448,20160919,  155,    0
  2759,111448,20160920,  146,    0
  2759,111448,20160921,  157,    0
  2759,111448,20160922,  138,    0
  2759,111448,20160923,  163,    0
  2759,111448,20160924,  156,    0
  2759,111448,20160925,  157,    0
  2759,111448,20160926,  148,    0
  2759,111448,20160927,  153,    0
  2759,111448,20160928,  171,    0
  2759,111448,20160929,  206,    0
  2759,111448,20160930,  160,    0
  2759,111448,20161001,  127,    0
  2759,111448,20161002,  137,    0
  2759,111448,20161003,  122,    0
  2759,111448,20161004,  126,    0
  2759,111448,20161005,   92,    0
  2759,111448,20161006,  104,    0
  2759,111448,20161007,  101,    0
  2759,111448,20161008,   97,    0
  2759,111448,20161009,   86,    0
  2759,111448,20161010,   82,    0
  2759,111448,20161011,   79,    0
  2759,111448,20161012,   73,    0
  2759,111448,20161013,   71,    0
  2759,111448,20161014,   80,    0
  2759,111448,20161015,   87,    0
  2759,111448,20161016,   87,    0
  2759,111448,20161017,   78,    0
  2759,111448,20161018,   93,    0
  2759,111448,20161019,   97,    0
  2759,111448,20161020,   81,    0
  2759,111448,20161021,   79,    0
  2759,111448,20161022,   74,    0
  2759,111448,20161023,   74,    0
  2759,111448,20161024,   79,    0
  2759,111448,20161025,   88,    0
  2759,111448,20161026,   68,    0
  2759,111448,20161027,   88,    0
  2759,111448,20161028,  113,    0
  2759,111448,20161029,   94,    0
  2759,111448,20161030,   79,    0
  2759,111448,20161031,   78,    0
  2759,111448,20161101,  101,    0
  2759,111448,20161102,   64,    0
  2759,111448,20161103,   35,    0
  2759,111448,20161104,   55,    0
  2759,111448,20161105,   67,    0
  2759,111448,20161106,   60,    0
  2759,111448,20161107,   45,    0
  2759,111448,20161108,   32,    0
  2759,111448,20161109,   14,    0
  2759,111448,20161110,    7,    0
  2759,111448,20161111,    6,    0
  2759,111448,20161112,  -11,    0
  2759,111448,20161113,  -17,    0
  2759,111448,20161114,   -5,    0
  2759,111448,20161115,   29,    0
  2759,111448,20161116,   80,    0
  2759,111448,20161117,   95,    0
  2759,111448,20161118,   98,    0
  2759,111448,20161119,   63,    0
  2759,111448,20161120,   67,    0
  2759,111448,20161121,   97,    0
  2759,111448,20161122,   98,    0
  2759,111448,20161123,   70,    0
  2759,111448,20161124,   53,    0
  2759,111448,20161125,   19,    0
  2759,111448,20161126,    9,    0
  2759,111448,20161127,   43,    0
  2759,111448,20161128,    1,    0
  2759,111448,20161129,  -14,    0
  2759,111448,20161130,   15,    0
  2759,111448,20161201,   66,    0
  2759,111448,20161202,   43,    0
  2759,111448,20161203,    0,    0
  2759,111448,20161204,  -12,    0
  2759,111448,20161205,  -27,    0
  2759,111448,20161206,   10,    0
  2759,111448,20161207,   20,    0
  2759,111448,20161208,   74,    0
  2759,111448,20161209,   78,    0
  2759,111448,20161210,   92,    0
  2759,111448,20161211,   74,    0
  2759,111448,20161212,   35,    0
  2759,111448,20161213,   10,    0
  2759,111448,20161214,   42,    0
  2759,111448,20161215,   27,    0
  2759,111448,20161216,   13,    0
  2759,111448,20161217,   -6,    0
  2759,111448,20161218,   44,    0
  2759,111448,20161219,   41,    0
  2759,111448,20161220,    0,    0
  2759,111448,20161221,   -2,    0
  2759,111448,20161222,    9,    0
  2759,111448,20161223,   30,    0
  2759,111448,20161224,   47,    0
  2759,111448,20161225,   76,    0
  2759,111448,20161226,   84,    0
  2759,111448,20161227,   63,    0
  2759,111448,20161228,   61,    0
  2759,111448,20161229,   41,    0
  2759,111448,20161230,    3,    0
  2759,111448,20161231,    8,    0
  2759,111448,20170101,   23,    0
  2759,111448,20170102,   10,    0
  2759,111448,20170103,   27,    0
  2759,111448,20170104,   25,    0
  2759,111448,20170105,  -29,    0
  2759,111448,20170106,  -59,    0
  2759,111448,20170107,  -56,    0
  2759,111448,20170108,  -24,    0
  2759,111448,20170109,  -14,    0
  2759,111448,20170110,  -19,    0
  2759,111448,20170111,  -29,    0
  2759,111448,20170112,   35,    0
  2759,111448,20170113,   17,    0
  2759,111448,20170114,    4,    0
  2759,111448,20170115,    5,    0
  2759,111448,20170116,  -18,    0
  2759,111448,20170117,  -28,    0
  2759,111448,20170118,  -42,    0
  2759,111448,20170119,  -28,    0
  2759,111448,20170120,    5,    0
  2759,111448,20170121,   19,    0
  2759,111448,20170122,    0,    0
  2759,111448,20170123,  -28,    0
  2759,111448,20170124,   -6,    0
  2759,111448,20170125,    6,    0
  2759,111448,20170126,    3,    0
  2759,111448,20170127,  -11,    0
  2759,111448,20170128,  -30,    0
  2759,111448,20170129,    7,    0
  2759,111448,20170130,    4,    0
  2759,111448,20170131,   -2,    0
  2759,111448,20170201,   -6,    0
  2759,111448,20170202,  -19,    0
  2759,111448,20170203,   12,    0
  2759,111448,20170204,   20,    0
  2759,111448,20170205,   16,    0
  2759,111448,20170206,  -10,    0
  2759,111448,20170207,  -12,    0
  2759,111448,20170208,  -39,    0
  2759,111448,20170209,  -41,    0
  2759,111448,20170210,  -31,    0
  2759,111448,20170211,  -24,    0
  2759,111448,20170212,  -21,    0
  2759,111448,20170213,  -32,    0
  2759,111448,20170214,  -23,    0
  2759,111448,20170215,   33,    0
  2759,111448,20170216,   58,    0
  2759,111448,20170217,   54,    0
  2759,111448,20170218,   42,    0
  2759,111448,20170219,   44,    0
  2759,111448,20170220,   71,    0
  2759,111448,20170221,   79,    0
  2759,111448,20170222,   75,    0
  2759,111448,20170223,   72,    0
  2759,111448,20170224,   37,    0
  2759,111448,20170225,   39,    0
  2759,111448,20170226,   83,    0
  2759,111448,20170227,  100,    0
  2759,111448,20170228,   89,    0
  2759,111448,20170301,   46,    0
  2759,111448,20170302,   55,    0
  2759,111448,20170303,   72,    0
  2759,111448,20170304,  101,    0
  2759,111448,20170305,   95,    0
  2759,111448,20170306,   60,    0
  2759,111448,20170307,   31,    0
  2759,111448,20170308,   62,    0
  2759,111448,20170309,   74,    0
  2759,111448,20170310,   67,    0
  2759,111448,20170311,   52,    0
  2759,111448,20170312,   16,    0
  2759,111448,20170313,   43,    0
  2759,111448,20170314,   67,    0
  2759,111448,20170315,  103,    0
  2759,111448,20170316,   84,    0
  2759,111448,20170317,   79,    0
  2759,111448,20170318,   62,    0
  2759,111448,20170319,   45,    0
  2759,111448,20170320,  114,    0
  2759,111448,20170321,  101,    0
  2759,111448,20170322,   75,    0
  2759,111448,20170323,   66,    0
  2759,111448,20170324,   77,    0
  2759,111448,20170325,   74,    0
  2759,111448,20170326,   81,    0
  2759,111448,20170327,  111,    0
  2759,111448,20170328,  138,    0
  2759,111448,20170329,  117,    0
  2759,111448,20170330,  134,    0
  2759,111448,20170331,  165,    0
  2759,111448,20170401,  165,    0
  2759,111448,20170402,  136,    0
  2759,111448,20170403,   92,    0
  2759,111448,20170404,   94,    0
  2759,111448,20170405,  103,    0
  2759,111448,20170406,   89,    0
  2759,111448,20170407,   91,    0
  2759,111448,20170408,  110,    0
  2759,111448,20170409,  135,    0
  2759,111448,20170410,  120,    0
  2759,111448,20170411,   76,    0
  2759,111448,20170412,   92,    0
  2759,111448,20170413,   90,    0
  2759,111448,20170414,   90,    0
  2759,111448,20170415,   84,    0
  2759,111448,20170416,   60,    0
  2759,111448,20170417,   58,    0
  2759,111448,20170418,   46,    0
  2759,111448,20170419,   29,    0
  2759,111448,20170420,   45,    0
  2759,111448,20170421,  100,    0
  2759,111448,20170422,   69,    0
  2759,111448,20170423,   59,    0
  2759,111448,20170424,   89,    0
  2759,111448,20170425,   82,    0
  2759,111448,20170426,   69,    0
  2759,111448,20170427,   76,    0
  2759,111448,20170428,   86,    0
  2759,111448,20170429,   74,    0
  2759,111448,20170430,   80,    0
  2759,111448,20170501,  111,    0
  2759,111448,20170502,   99,    0
  2759,111448,20170503,  117,    0
  2759,111448,20170504,   89,    0
  2759,111448,20170505,  109,    0
  2759,111448,20170506,  125,    0
  2759,111448,20170507,  126,    0
  2759,111448,20170508,   80,    0
  2759,111448,20170509,   61,    0
  2759,111448,20170510,   85,    0
  2759,111448,20170511,  123,    0
  2759,111448,20170512,  154,    0
  2759,111448,20170513,  153,    0
  2759,111448,20170514,  159,    0
  2759,111448,20170515,  161,    0
  2759,111448,20170516,  157,    0
  2759,111448,20170517,  206,    0
  2759,111448,20170518,  222,    0
  2759,111448,20170519,  232,    0
  2759,111448,20170520,  160,    0
  2759,111448,20170521,  164,    0
  2759,111448,20170522,  167,    0
  2759,111448,20170523,  184,    0
  2759,111448,20170524,  133,    0
  2759,111448,20170525,  145,    0
  2759,111448,20170526,  174,    0
  2759,111448,20170527,  206,    0
  2759,111448,20170528,  241,    0
  2759,111448,20170529,  247,    0
  2759,111448,20170530,  227,    0
  2759,111448,20170531,  193,    0
  2759,111448,20170601,  163,    0
  2759,111448,20170602,  189,    0
  2759,111448,20170603,  179,    0
  2759,111448,20170604,  170,    0
  2759,111448,20170605,  168,    0
  2759,111448,20170606,  179,    0
  2759,111448,20170607,  149,    0
  2759,111448,20170608,  169,    0
  2759,111448,20170609,  207,    0
  2759,111448,20170610,  191,    0
  2759,111448,20170611,  230,    0
  2759,111448,20170612,  205,    0
  2759,111448,20170613,  171,    0
  2759,111448,20170614,  173,    0
  2759,111448,20170615,  214,    0
  2759,111448,20170616,  174,    0
  2759,111448,20170617,  172,    0
  2759,111448,20170618,  205,    0
  2759,111448,20170619,  249,    0
  2759,111448,20170620,  240,    0
  2759,111448,20170621,  194,    0
  2759,111448,20170622,  201,    0
  2759,111448,20170623,  202,    0
  2759,111448,20170624,  200,    0
  2759,111448,20170625,  183,    0
  2759,111448,20170626,  172,    0
  2759,111448,20170627,  177,    0
  2759,111448,20170628,  202,    0
  2759,111448,20170629,  186,    0
  2759,111448,20170630,  162,    0
  2759,111448,20170701,  159,    0
  2759,111448,20170702,  161,    0
  2759,111448,20170703,  178,    0
  2759,111448,20170704,  175,    0
  2759,111448,20170705,  167,    0
  2759,111448,20170706,  198,    0
  2759,111448,20170707,  200,    0
  2759,111448,20170708,  201,    0
  2759,111448,20170709,  196,    0
  2759,111448,20170710,  190,    0
  2759,111448,20170711,  194,    0
  2759,111448,20170712,  176,    0
  2759,111448,20170713,  155,    0
  2759,111448,20170714,  173,    0
  2759,111448,20170715,  176,    0
  2759,111448,20170716,  183,    0
  2759,111448,20170717,  188,    0
  2759,111448,20170718,  191,    0
  2759,111448,20170719,  222,    0
  2759,111448,20170720,  234,    0
  2759,111448,20170721,  220,    0
  2759,111448,20170722,  205,    0
  2759,111448,20170723,  202,    0
  2759,111448,20170724,  199,    0
  2759,111448,20170725,  164,    0
  2759,111448,20170726,  163,    0
  2759,111448,20170727,  186,    0
  2759,111448,20170728,  190,    0
  2759,111448,20170729,  212,    0
  2759,111448,20170730,  256,    0
  2759,111448,20170731,  246,    0
  2759,111448,20170801,  242,    0
  2759,111448,20170802,  228,    0
  2759,111448,20170803,  227,    0
  2759,111448,20170804,  218,    0
  2759,111448,20170805,  188,    0
  2759,111448,20170806,  180,    0
  2759,111448,20170807,  188,    0
  2759,111448,20170808,  210,    0
  2759,111448,20170809,  226,    0
  2759,111448,20170810,  209,    0
  2759,111448,20170811,  173,    0
  2759,111448,20170812,  157,    0
  2759,111448,20170813,  180,    0
  2759,111448,20170814,  191,    0
  2759,111448,20170815,  218,    0
  2759,111448,20170816,  200,    0
  2759,111448,20170817,  210,    0
  2759,111448,20170818,  218,    0
  2759,111448,20170819,  177,    0
  2759,111448,20170820,  165,    0
  2759,111448,20170821,  158,    0
  2759,111448,20170822,  148,    0
  2759,111448,20170823,  158,    0
  2759,111448,20170824,  174,    0
  2759,111448,20170825,  187,    0
  2759,111448,20170826,  187,    0
  2759,111448,20170827,  196,    0
  2759,111448,20170828,  183,    0
  2759,111448,20170829,  206,    0
  2759,111448,20170830,  229,    0
  2759,111448,20170831,  212,    0
  2759,111448,20170901,  153,    0
  2759,111448,20170902,  148,    0
  2759,111448,20170903,  139,    0
  2759,111448,20170904,  151,    0
  2759,111448,20170905,  168,    0
  2759,111448,20170906,  164,    0
  2759,111448,20170907,  145,    0
  2759,111448,20170908,  149,    0
  2759,111448,20170909,  162,    0
  2759,111448,20170910,  164,    0
  2759,111448,20170911,  155,    0
  2759,111448,20170912,  144,    0
  2759,111448,20170913,  142,    0
  2759,111448,20170914,  131,    0
  2759,111448,20170915,  133,    0
  2759,111448,20170916,  126,    0
  2759,111448,20170917,  121,    0
  2759,111448,20170918,  128,    0
  2759,111448,20170919,  125,    0
  2759,111448,20170920,  128,    0
  2759,111448,20170921,  138,    0
  2759,111448,20170922,  135,    0
  2759,111448,20170923,  119,    0
  2759,111448,20170924,  145,    0
  2759,111448,20170925,  139,    0
  2759,111448,20170926,  144,    0
  2759,111448,20170927,  151,    0
  2759,111448,20170928,  156,    0
  2759,111448,20170929,  157,    0
  2759,111448,20170930,  144,    0
  2759,111448,20171001,  126,    0
  2759,111448,20171002,  126,    0
  2759,111448,20171003,  130,    0
  2759,111448,20171004,  123,    0
  2759,111448,20171005,  110,    0
  2759,111448,20171006,  104,    0
  2759,111448,20171007,  105,    0
  2759,111448,20171008,  104,    0
  2759,111448,20171009,   89,    0
  2759,111448,20171010,  118,    0
  2759,111448,20171011,  148,    0
  2759,111448,20171012,  141,    0
  2759,111448,20171013,  128,    0
  2759,111448,20171014,  157,    0
  2759,111448,20171015,  162,    0
  2759,111448,20171016,  167,    0
  2759,111448,20171017,  167,    0
  2759,111448,20171018,  135,    0
  2759,111448,20171019,  113,    0
  2759,111448,20171020,  132,    0
  2759,111448,20171021,  117,    0
  2759,111448,20171022,  121,    0
  2759,111448,20171023,  103,    0
  2759,111448,20171024,  110,    0
  2759,111448,20171025,  147,    0
  2759,111448,20171026,  128,    0
  2759,111448,20171027,  105,    0
  2759,111448,20171028,  101,    0
  2759,111448,20171029,   78,    0
  2759,111448,20171030,   61,    0
  2759,111448,20171031,   73,    0
  2759,111448,20171101,   98,    0
  2759,111448,20171102,   97,    0
  2759,111448,20171103,   90,    0
  2759,111448,20171104,   78,    0
  2759,111448,20171105,   95,    0
  2759,111448,20171106,   66,    0
  2759,111448,20171107,   58,    0
  2759,111448,20171108,   71,    0
  2759,111448,20171109,   62,    0
  2759,111448,20171110,   71,    0
  2759,111448,20171111,   55,    0
  2759,111448,20171112,   43,    0
  2759,111448,20171113,   46,    0
  2759,111448,20171114,   38,    0
  2759,111448,20171115,   79,    0
  2759,111448,20171116,   81,    0
  2759,111448,20171117,   61,    0
  2759,111448,20171118,   40,    0
  2759,111448,20171119,   45,    0
  2759,111448,20171120,   44,    0
  2759,111448,20171121,   44,    0
  2759,111448,20171122,   84,    0
  2759,111448,20171123,   92,    0
  2759,111448,20171124,  100,    0
  2759,111448,20171125,   45,    0
  2759,111448,20171126,   33,    0
  2759,111448,20171127,   42,    0
  2759,111448,20171128,   61,    0
  2759,111448,20171129,   31,    0
  2759,111448,20171130,   16,    0
  2759,111448,20171201,   19,    0
  2759,111448,20171202,   25,    0
  2759,111448,20171203,    4,    0
  2759,111448,20171204,   36,    0
  2759,111448,20171205,   65,    0
  2759,111448,20171206,   74,    0
  2759,111448,20171207,   62,    0
  2759,111448,20171208,   42,    0
  2759,111448,20171209,   12,    0
  2759,111448,20171210,    1,    0
  2759,111448,20171211,   33,    0
  2759,111448,20171212,   47,    0
  2759,111448,20171213,   23,    0
  2759,111448,20171214,   35,    0
  2759,111448,20171215,   21,    0
  2759,111448,20171216,   26,    0
  2759,111448,20171217,   17,    0
  2759,111448,20171218,    7,    0
  2759,111448,20171219,   17,    0
  2759,111448,20171220,   32,    0
  2759,111448,20171221,   62,    0
  2759,111448,20171222,   58,    0
  2759,111448,20171223,   70,    0
  2759,111448,20171224,   99,    0
  2759,111448,20171225,   85,    0
  2759,111448,20171226,   50,    0
  2759,111448,20171227,   30,    0
  2759,111448,20171228,   31,    0
  2759,111448,20171229,   17,    0
  2759,111448,20171230,   27,    0
  2759,111448,20171231,   95,    0
  2759,111448,20180101,   85,    0
  2759,111448,20180102,   46,    0
  2759,111448,20180103,   51,    0
  2759,111448,20180104,   68,    0
  2759,111448,20180105,   71,    0
  2759,111448,20180106,   53,    0
  2759,111448,20180107,   12,    0
  2759,111448,20180108,  -18,    0
  2759,111448,20180109,   19,    0
  2759,111448,20180110,   24,    0
  2759,111448,20180111,   27,    0
  2759,111448,20180112,   16,    0
  2759,111448,20180113,    3,    0
  2759,111448,20180114,  -17,    0
  2759,111448,20180115,    3,    0
  2759,111448,20180116,   29,    0
  2759,111448,20180117,   15,    0
  2759,111448,20180118,   26,    0
  2759,111448,20180119,   26,    0
  2759,111448,20180120,   13,    0
  2759,111448,20180121,    3,    0
  2759,111448,20180122,    4,    0
  2759,111448,20180123,   22,    0
  2759,111448,20180124,   87,    0
  2759,111448,20180125,   91,    0
  2759,111448,20180126,   68,    0
  2759,111448,20180127,   58,    0
  2759,111448,20180128,   76,    0
  2759,111448,20180129,   96,    0
  2759,111448,20180130,   49,    0
  2759,111448,20180131,   53,    0
  2759,111448,20180201,   42,    0
  2759,111448,20180202,   25,    0
  2759,111448,20180203,   12,    0
  2759,111448,20180204,   -2,    0
  2759,111448,20180205,  -10,    0
  2759,111448,20180206,  -30,    0
  2759,111448,20180207,  -19,    0
  2759,111448,20180208,  -27,    0
  2759,111448,20180209,  -22,    0
  2759,111448,20180210,    3,    0
  2759,111448,20180211,   19,    0
  2759,111448,20180212,   20,    0
  2759,111448,20180213,    9,    0
  2759,111448,20180214,  -10,    0
  2759,111448,20180215,   -2,    0
  2759,111448,20180216,   36,    0
  2759,111448,20180217,   27,    0
  2759,111448,20180218,   25,    0
  2759,111448,20180219,   17,    0
  2759,111448,20180220,    0,    0
  2759,111448,20180221,   -1,    0
  2759,111448,20180222,   -1,    0
  2759,111448,20180223,  -33,    0
  2759,111448,20180224,  -26,    0
  2759,111448,20180225,  -52,    0
  2759,111448,20180226,  -60,    0
  2759,111448,20180227,  -76,    0
  2759,111448,20180228,  -88,    0
  2759,111448,20180301,  -88,    0
  2759,111448,20180302,  -83,    0
  2759,111448,20180303,  -71,    0
  2759,111448,20180304,  -26,    0
  2759,111448,20180305,   28,    0
  2759,111448,20180306,   11,    0
  2759,111448,20180307,   16,    0
  2759,111448,20180308,   47,    0
  2759,111448,20180309,   52,    0
  2759,111448,20180310,   52,    0
  2759,111448,20180311,  108,    0
  2759,111448,20180312,   86,    0
  2759,111448,20180313,   92,    0
  2759,111448,20180314,   40,    0
  2759,111448,20180315,   29,    0
  2759,111448,20180316,   -2,    0
  2759,111448,20180317,  -32,    0
  2759,111448,20180318,  -25,    0
  2759,111448,20180319,  -14,    0
  2759,111448,20180320,  -13,    0
  2759,111448,20180321,   17,    0
  2759,111448,20180322,   24,    0
  2759,111448,20180323,   28,    0
  2759,111448,20180324,   34,    0
  2759,111448,20180325,   54,    0
  2759,111448,20180326,   58,    0
  2759,111448,20180327,   41,    0
  2759,111448,20180328,   14,    0
  2759,111448,20180329,   52,    0
  2759,111448,20180330,   53,    0
  2759,111448,20180331,   34,    0
  2759,111448,20180401,   16,    0
  2759,111448,20180402,   52,    0
  2759,111448,20180403,  126,    0
  2759,111448,20180404,  156,    0
  2759,111448,20180405,  103,    0
  2759,111448,20180406,   75,    0
  2759,111448,20180407,  128,    0
  2759,111448,20180408,  146,    0
  2759,111448,20180409,  150,    0
  2759,111448,20180410,  173,    0
  2759,111448,20180411,  147,    0
  2759,111448,20180412,  166,    0
  2759,111448,20180413,  160,    0
  2759,111448,20180414,  132,    0
  2759,111448,20180415,  153,    0
  2759,111448,20180416,  125,    0
  2759,111448,20180417,  136,    0
  2759,111448,20180418,  165,    0
  2759,111448,20180419,  180,    0
  2759,111448,20180420,  203,    0
  2759,111448,20180421,  169,    0
  2759,111448,20180422,  171,    0
  2759,111448,20180423,  177,    0
  2759,111448,20180424,  132,    0
  2759,111448,20180425,  130,    0
  2759,111448,20180426,   95,    0
  2759,111448,20180427,  112,    0
  2759,111448,20180428,  158,    0
  2759,111448,20180429,  178,    0
  2759,111448,20180430,  173,    0
  2759,111448,20180501,  130,    0
  2759,111448,20180502,  110,    0
  2759,111448,20180503,  142,    0
  2759,111448,20180504,  122,    0
  2759,111448,20180505,  128,    0
  2759,111448,20180506,  152,    0
  2759,111448,20180507,  178,    0
  2759,111448,20180508,  190,    0
  2759,111448,20180509,  202,    0
  2759,111448,20180510,  203,    0
  2759,111448,20180511,  142,    0
  2759,111448,20180512,  171,    0
  2759,111448,20180513,  205,    0
  2759,111448,20180514,  191,    0
  2759,111448,20180515,  155,    0
  2759,111448,20180516,  167,    0
  2759,111448,20180517,  169,    0
  2759,111448,20180518,  127,    0
  2759,111448,20180519,  164,    0
  2759,111448,20180520,  161,    0
  2759,111448,20180521,  177,    0
  2759,111448,20180522,  189,    0
  2759,111448,20180523,  196,    0
  2759,111448,20180524,  202,    0
  2759,111448,20180525,  210,    0
  2759,111448,20180526,  204,    0
  2759,111448,20180527,  205,    0
  2759,111448,20180528,  252,    0
  2759,111448,20180529,  259,    0
  2759,111448,20180530,  240,    0
  2759,111448,20180531,  250,    0
  2759,111448,20180601,  238,    0
  2759,111448,20180602,  216,    0
  2759,111448,20180603,  201,    0
  2759,111448,20180604,  212,    0
  2759,111448,20180605,  184,    0
  2759,111448,20180606,  180,    0
  2759,111448,20180607,  209,    0
  2759,111448,20180608,  235,    0
  2759,111448,20180609,  245,    0
  2759,111448,20180610,  225,    0
  2759,111448,20180611,  200,    0
  2759,111448,20180612,  170,    0
  2759,111448,20180613,  158,    0
  2759,111448,20180614,  182,    0
  2759,111448,20180615,  194,    0
  2759,111448,20180616,  227,    0
  2759,111448,20180617,  223,    0
  2759,111448,20180618,  205,    0
  2759,111448,20180619,  216,    0
  2759,111448,20180620,  226,    0
  2759,111448,20180621,  180,    0
  2759,111448,20180622,  141,    0
  2759,111448,20180623,  138,    0
  2759,111448,20180624,  134,    0
  2759,111448,20180625,  162,    0
  2759,111448,20180626,  172,    0
  2759,111448,20180627,  196,    0
  2759,111448,20180628,  221,    0
  2759,111448,20180629,  221,    0
  2759,111448,20180630,  172,    0
  2759,111448,20180701,  169,    0
  2759,111448,20180702,  180,    0
  2759,111448,20180703,  217,    0
  2759,111448,20180704,  245,    0
  2759,111448,20180705,  248,    0
  2759,111448,20180706,  194,    0
  2759,111448,20180707,  196,    0
  2759,111448,20180708,  207,    0
  2759,111448,20180709,  200,    0
  2759,111448,20180710,  167,    0
  2759,111448,20180711,  184,    0
  2759,111448,20180712,  173,    0
  2759,111448,20180713,  205,    0
  2759,111448,20180714,  195,    0
  2759,111448,20180715,  198,    0
  2759,111448,20180716,  224,    0
  2759,111448,20180717,  236,    0
  2759,111448,20180718,  232,    0
  2759,111448,20180719,  208,    0
  2759,111448,20180720,  214,    0
  2759,111448,20180721,  220,    0
  2759,111448,20180722,  232,    0
  2759,111448,20180723,  229,    0
  2759,111448,20180724,  244,    0
  2759,111448,20180725,  263,    0
  2759,111448,20180726,  261,    0
  2759,111448,20180727,  260,    0
  2759,111448,20180728,  256,    0
  2759,111448,20180729,  236,    0
  2759,111448,20180730,  269,    0
  2759,111448,20180731,  288,    0
  2759,111448,20180801,  277,    0
  2759,111448,20180802,  266,    0
  2759,111448,20180803,  271,    0
  2759,111448,20180804,  277,    0
  2759,111448,20180805,  225,    0
  2759,111448,20180806,  231,    0
  2759,111448,20180807,  275,    0
  2759,111448,20180808,  289,    0
  2759,111448,20180809,  274,    0
  2759,111448,20180810,  212,    0
  2759,111448,20180811,  195,    0
  2759,111448,20180812,  203,    0
  2759,111448,20180813,  229,    0
  2759,111448,20180814,  207,    0
  2759,111448,20180815,  205,    0
  2759,111448,20180816,  229,    0
  2759,111448,20180817,  250,    0
  2759,111448,20180818,  218,    0
  2759,111448,20180819,  234,    0
  2759,111448,20180820,  216,    0
  2759,111448,20180821,  197,    0
  2759,111448,20180822,  211,    0
  2759,111448,20180823,  256,    0
  2759,111448,20180824,  206,    0
  2759,111448,20180825,  168,    0
  2759,111448,20180826,  156,    0
  2759,111448,20180827,  180,    0
  2759,111448,20180828,  182,    0
  2759,111448,20180829,  204,    0
  2759,111448,20180830,  174,    0
  2759,111448,20180831,  160,    0
  2759,111448,20180901,  174,    0
  2759,111448,20180902,  190,    0
  2759,111448,20180903,  229,    0
  2759,111448,20180904,  202,    0
  2759,111448,20180905,  197,    0
  2759,111448,20180906,  199,    0
  2759,111448,20180907,  187,    0
  2759,111448,20180908,  170,    0
  2759,111448,20180909,  193,    0
  2759,111448,20180910,  202,    0
  2759,111448,20180911,  219,    0
  2759,111448,20180912,  212,    0
  2759,111448,20180913,  147,    0
  2759,111448,20180914,  164,    0
  2759,111448,20180915,  165,    0
  2759,111448,20180916,  164,    0
  2759,111448,20180917,  188,    0
  2759,111448,20180918,  218,    0
  2759,111448,20180919,  229,    0
  2759,111448,20180920,  225,    0
  2759,111448,20180921,  196,    0
  2759,111448,20180922,  137,    0
  2759,111448,20180923,  106,    0
  2759,111448,20180924,   94,    0
  2759,111448,20180925,   94,    0
  2759,111448,20180926,  123,    0
  2759,111448,20180927,  183,    0
  2759,111448,20180928,  131,    0
  2759,111448,20180929,   99,    0
  2759,111448,20180930,  106,    0
  2759,111448,20181001,   93,    0
  2759,111448,20181002,   82,    0
  2759,111448,20181003,  113,    0
  2759,111448,20181004,  121,    0
  2759,111448,20181005,  152,    0
  2759,111448,20181006,  160,    0
  2759,111448,20181007,  116,    0
  2759,111448,20181008,   88,    0
  2759,111448,20181009,  114,    0
  2759,111448,20181010,  155,    0
  2759,111448,20181011,  175,    0
  2759,111448,20181012,  177,    0
  2759,111448,20181013,  174,    0
  2759,111448,20181014,  178,    0
  2759,111448,20181015,  159,    0
  2759,111448,20181016,  137,    0
  2759,111448,20181017,  132,    0
  2759,111448,20181018,  121,    0
  2759,111448,20181019,   98,    0
  2759,111448,20181020,   92,    0
  2759,111448,20181021,   99,    0
  2759,111448,20181022,   84,    0
  2759,111448,20181023,   89,    0
  2759,111448,20181024,   98,    0
  2759,111448,20181025,  113,    0
  2759,111448,20181026,  103,    0
  2759,111448,20181027,   79,    0
  2759,111448,20181028,   61,    0
  2759,111448,20181029,   46,    0
  2759,111448,20181030,  133,    0
  2759,111448,20181031,   90,    0
  2759,111448,20181101,   86,    0
  2759,111448,20181102,   91,    0
  2759,111448,20181103,   81,    0
  2759,111448,20181104,   93,    0
  2759,111448,20181105,  117,    0
  2759,111448,20181106,  124,    0
  2759,111448,20181107,  106,    0
  2759,111448,20181108,   95,    0
  2759,111448,20181109,   90,    0
  2759,111448,20181110,   88,    0
  2759,111448,20181111,   85,    0
  2759,111448,20181112,  114,    0
  2759,111448,20181113,  102,    0
  2759,111448,20181114,   78,    0
  2759,111448,20181115,   71,    0
  2759,111448,20181116,   54,    0
  2759,111448,20181117,   15,    0
  2759,111448,20181118,   18,    0
  2759,111448,20181119,   39,    0
  2759,111448,20181120,   24,    0
  2759,111448,20181121,   12,    0
  2759,111448,20181122,   11,    0
  2759,111448,20181123,   20,    0
  2759,111448,20181124,   20,    0
  2759,111448,20181125,   43,    0
  2759,111448,20181126,   25,    0
  2759,111448,20181127,   -2,    0
  2759,111448,20181128,    8,    0
  2759,111448,20181129,    5,    0
  2759,111448,20181130,    8,    0
  2759,111448,20181201,   37,    0
  2759,111448,20181202,   64,    0
  2759,111448,20181203,  110,    0
  2759,111448,20181204,   67,    0
  2759,111448,20181205,   29,    0
  2759,111448,20181206,   52,    0
  2759,111448,20181207,  106,    0
  2759,111448,20181208,   73,    0
  2759,111448,20181209,   74,    0
  2759,111448,20181210,   49,    0
  2759,111448,20181211,   38,    0
  2759,111448,20181212,   27,    0
  2759,111448,20181213,   20,    0
  2759,111448,20181214,    4,    0
  2759,111448,20181215,    0,    0
  2759,111448,20181216,   -4,    0
  2759,111448,20181217,    9,    0
  2759,111448,20181218,   37,    0
  2759,111448,20181219,   19,    0
  2759,111448,20181220,   38,    0
  2759,111448,20181221,   68,    0
  2759,111448,20181222,   67,    0
  2759,111448,20181223,   62,    0
  2759,111448,20181224,   20,    0
  2759,111448,20181225,   49,    0
  2759,111448,20181226,   58,    0
  2759,111448,20181227,   55,    0
  2759,111448,20181228,   62,    0
  2759,111448,20181229,   60,    0
  2759,111448,20181230,   63,    0
  2759,111448,20181231,   58,    0
  2759,111448,20190101,   66,    0
  2759,111448,20190102,   18,    0
  2759,111448,20190103,   -3,    0
  2759,111448,20190104,   21,    0
  2759,111448,20190105,   61,    0
  2759,111448,20190106,   23,    0
  2759,111448,20190107,   33,    0
  2759,111448,20190108,   48,    0
  2759,111448,20190109,   22,    0
  2759,111448,20190110,   12,    0
  2759,111448,20190111,   25,    0
  2759,111448,20190112,   52,    0
  2759,111448,20190113,   64,    0
  2759,111448,20190114,   25,    0
  2759,111448,20190115,   41,    0
  2759,111448,20190116,   63,    0
  2759,111448,20190117,   47,    0
  2759,111448,20190118,    7,    0
  2759,111448,20190119,    6,    0
  2759,111448,20190120,  -28,    0
  2759,111448,20190121,  -33,    0
  2759,111448,20190122,  -33,    0
  2759,111448,20190123,  -55,    0
  2759,111448,20190124,  -39,    0
  2759,111448,20190125,  -35,    0
  2759,111448,20190126,    8,    0
  2759,111448,20190127,   43,    0
  2759,111448,20190128,   34,    0
  2759,111448,20190129,   12,    0
  2759,111448,20190130,    0,    0
  2759,111448,20190131,    7,    0
  2759,111448,20190201,   -5,    0
  2759,111448,20190202,    9,    0
  2759,111448,20190203,   13,    0
  2759,111448,20190204,   13,    0
  2759,111448,20190205,   24,    0
  2759,111448,20190206,   34,    0
  2759,111448,20190207,   24,    0
  2759,111448,20190208,   55,    0
  2759,111448,20190209,   78,    0
  2759,111448,20190210,   66,    0
  2759,111448,20190211,   45,    0
  2759,111448,20190212,   33,    0
  2759,111448,20190213,   64,    0
  2759,111448,20190214,   75,    0
  2759,111448,20190215,   69,    0
  2759,111448,20190216,   78,    0
  2759,111448,20190217,   68,    0
  2759,111448,20190218,   75,    0
  2759,111448,20190219,   72,    0
  2759,111448,20190220,   79,    0
  2759,111448,20190221,   83,    0
  2759,111448,20190222,   33,    0
  2759,111448,20190223,    3,    0
  2759,111448,20190224,   44,    0
  2759,111448,20190225,   75,    0
  2759,111448,20190226,   72,    0
  2759,111448,20190227,   88,    0
  2759,111448,20190228,   85,    0
  2759,111448,20190301,   46,    0
  2759,111448,20190302,   43,    0
  2759,111448,20190303,   90,    0
  2759,111448,20190304,   98,    0
  2759,111448,20190305,   65,    0
  2759,111448,20190306,   72,    0
  2759,111448,20190307,  106,    0
  2759,111448,20190308,   79,    0
  2759,111448,20190309,   74,    0
  2759,111448,20190310,   47,    0
  2759,111448,20190311,   34,    0
  2759,111448,20190312,   57,    0
  2759,111448,20190313,   76,    0
  2759,111448,20190314,   59,    0
  2759,111448,20190315,   76,    0
  2759,111448,20190316,   68,    0
  2759,111448,20190317,   87,    0
  2759,111448,20190318,   52,    0
  2759,111448,20190319,   52,    0
  2759,111448,20190320,   77,    0
  2759,111448,20190321,  102,    0
  2759,111448,20190322,   87,    0
  2759,111448,20190323,   99,    0
  2759,111448,20190324,   71,    0
  2759,111448,20190325,   49,    0
  2759,111448,20190326,   52,    0
  2759,111448,20190327,   76,    0
  2759,111448,20190328,   90,    0
  2759,111448,20190329,  101,    0
  2759,111448,20190330,  117,    0
  2759,111448,20190331,   83,    0
  2759,111448,20190401,   59,    0
  2759,111448,20190402,   89,    0
  2759,111448,20190403,  134,    0
  2759,111448,20190404,  149,    0
  2759,111448,20190405,  106,    0
  2759,111448,20190406,  144,    0
  2759,111448,20190407,  135,    0
  2759,111448,20190408,  118,    0
  2759,111448,20190409,   67,    0
  2759,111448,20190410,   52,    0
  2759,111448,20190411,   36,    0
  2759,111448,20190412,   32,    0
  2759,111448,20190413,   46,    0
  2759,111448,20190414,   58,    0
  2759,111448,20190415,   75,    0
  2759,111448,20190416,   90,    0
  2759,111448,20190417,  109,    0
  2759,111448,20190418,  140,    0
  2759,111448,20190419,  148,    0
  2759,111448,20190420,  134,    0
  2759,111448,20190421,  142,    0
  2759,111448,20190422,  132,    0
  2759,111448,20190423,  145,    0
  2759,111448,20190424,  173,    0
  2759,111448,20190425,  190,    0
  2759,111448,20190426,  187,    0
  2759,111448,20190427,  134,    0
  2759,111448,20190428,  105,    0
  2759,111448,20190429,  105,    0
  2759,111448,20190430,  114,    0
  2759,111448,20190501,  131,    0
  2759,111448,20190502,  102,    0
  2759,111448,20190503,   87,    0
  2759,111448,20190504,   70,    0
  2759,111448,20190505,   75,    0
  2759,111448,20190506,   85,    0
  2759,111448,20190507,   88,    0
  2759,111448,20190508,  122,    0
  2759,111448,20190509,  139,    0
  2759,111448,20190510,  132,    0
  2759,111448,20190511,  112,    0
  2759,111448,20190512,  119,    0
  2759,111448,20190513,  103,    0
  2759,111448,20190514,   90,    0
  2759,111448,20190515,   86,    0
  2759,111448,20190516,   94,    0
  2759,111448,20190517,  135,    0
  2759,111448,20190518,  176,    0
  2759,111448,20190519,  190,    0
  2759,111448,20190520,  183,    0
  2759,111448,20190521,  181,    0
  2759,111448,20190522,  128,    0
  2759,111448,20190523,  142,    0
  2759,111448,20190524,  180,    0
  2759,111448,20190525,  138,    0
  2759,111448,20190526,  166,    0
  2759,111448,20190527,  183,    0
  2759,111448,20190528,  155,    0
  2759,111448,20190529,  128,    0
  2759,111448,20190530,  164,    0
  2759,111448,20190531,  194,    0
  2759,111448,20190601,  216,    0
  2759,111448,20190602,  238,    0
  2759,111448,20190603,  260,    0
  2759,111448,20190604,  247,    0
  2759,111448,20190605,  270,    0
  2759,111448,20190606,  217,    0
  2759,111448,20190607,  199,    0
  2759,111448,20190608,  186,    0
  2759,111448,20190609,  197,    0
  2759,111448,20190610,  215,    0
  2759,111448,20190611,  235,    0
  2759,111448,20190612,  224,    0
  2759,111448,20190613,  198,    0
  2759,111448,20190614,  234,    0
  2759,111448,20190615,  254,    0
  2759,111448,20190616,  189,    0
  2759,111448,20190617,  213,    0
  2759,111448,20190618,  237,    0
  2759,111448,20190619,  253,    0
  2759,111448,20190620,  222,    0
  2759,111448,20190621,  206,    0
  2759,111448,20190622,  203,    0
  2759,111448,20190623,  215,    0
  2759,111448,20190624,  233,    0
  2759,111448,20190625,  272,    0
  2759,111448,20190626,  292,    0
  2759,111448,20190627,  201,    0
  2759,111448,20190628,  190,    0
  2759,111448,20190629,  235,    0
  2759,111448,20190630,  288,    0
  2759,111448,20190701,  231,    0
  2759,111448,20190702,  182,    0
  2759,111448,20190703,  163,    0
  2759,111448,20190704,  177,    0
  2759,111448,20190705,  188,    0
  2759,111448,20190706,  182,    0
  2759,111448,20190707,  154,    0
  2759,111448,20190708,  144,    0
  2759,111448,20190709,  147,    0
  2759,111448,20190710,  164,    0
  2759,111448,20190711,  190,    0
  2759,111448,20190712,  186,    0
  2759,111448,20190713,  196,    0
  2759,111448,20190714,  173,    0
  2759,111448,20190715,  160,    0
  2759,111448,20190716,  172,    0
  2759,111448,20190717,  178,    0
  2759,111448,20190718,  213,    0
  2759,111448,20190719,  216,    0
  2759,111448,20190720,  233,    0
  2759,111448,20190721,  216,    0
  2759,111448,20190722,  208,    0
  2759,111448,20190723,  244,    0
  2759,111448,20190724,  259,    0
  2759,111448,20190725,  267,    0
  2759,111448,20190726,  252,    0
  2759,111448,20190727,  238,    0
  2759,111448,20190728,  252,    0
  2759,111448,20190729,  261,    0
  2759,111448,20190730,  228,    0
  2759,111448,20190731,  200,    0
  2759,111448,20190801,  194,    0
  2759,111448,20190802,  183,    0
  2759,111448,20190803,  197,    0
  2759,111448,20190804,  197,    0
  2759,111448,20190805,  206,    0
  2759,111448,20190806,  221,    0
  2759,111448,20190807,  214,    0
  2759,111448,20190808,  214,    0
  2759,111448,20190809,  225,    0
  2759,111448,20190810,  239,    0
  2759,111448,20190811,  235,    0
  2759,111448,20190812,  210,    0
  2759,111448,20190813,  187,    0
  2759,111448,20190814,  174,    0
  2759,111448,20190815,  182,    0
  2759,111448,20190816,  186,    0
  2759,111448,20190817,  206,    0
  2759,111448,20190818,  203,    0
  2759,111448,20190819,  192,    0
  2759,111448,20190820,  194,    0
  2759,111448,20190821,  184,    0
  2759,111448,20190822,  199,    0
  2759,111448,20190823,  215,    0
  2759,111448,20190824,  223,    0
  2759,111448,20190825,  247,    0
  2759,111448,20190826,  241,    0
  2759,111448,20190827,  258,    0
  2759,111448,20190828,  258,    0
  2759,111448,20190829,  246,    0
  2759,111448,20190830,  246,    0
  2759,111448,20190831,  269,    0
  2759,111448,20190901,  239,    0
  2759,111448,20190902,  174,    0
  2759,111448,20190903,  166,    0
  2759,111448,20190904,  205,    0
  2759,111448,20190905,  176,    0
  2759,111448,20190906,  152,    0
  2759,111448,20190907,  140,    0
  2759,111448,20190908,  160,    0
  2759,111448,20190909,  135,    0
  2759,111448,20190910,  155,    0
  2759,111448,20190911,  163,    0
  2759,111448,20190912,  179,    0
  2759,111448,20190913,  173,    0
  2759,111448,20190914,  139,    0
  2759,111448,20190915,  168,    0
  2759,111448,20190916,  142,    0
  2759,111448,20190917,  122,    0
  2759,111448,20190918,  117,    0
  2759,111448,20190919,  113,    0
  2759,111448,20190920,  123,    0
  2759,111448,20190921,  144,    0
  2759,111448,20190922,  166,    0
  2759,111448,20190923,  167,    0
  2759,111448,20190924,  154,    0
  2759,111448,20190925,  149,    0
  2759,111448,20190926,  155,    0
  2759,111448,20190927,  151,    0
  2759,111448,20190928,  143,    0
  2759,111448,20190929,  147,    0
  2759,111448,20190930,  146,    0
  2759,111448,20191001,  139,    0
  2759,111448,20191002,  104,    0
  2759,111448,20191003,   96,    0
  2759,111448,20191004,   88,    0
  2759,111448,20191005,   86,    0
  2759,111448,20191006,   65,    0
  2759,111448,20191007,   65,    0
  2759,111448,20191008,  101,    0
  2759,111448,20191009,  126,    0
  2759,111448,20191010,  114,    0
  2759,111448,20191011,  131,    0
  2759,111448,20191012,  166,    0
  2759,111448,20191013,  195,    0
  2759,111448,20191014,  186,    0
  2759,111448,20191015,  161,    0
  2759,111448,20191016,  121,    0
  2759,111448,20191017,  149,    0
  2759,111448,20191018,  148,    0
  2759,111448,20191019,  124,    0
  2759,111448,20191020,  150,    0
  2759,111448,20191021,  146,    0
  2759,111448,20191022,  129,    0
  2759,111448,20191023,  121,    0
  2759,111448,20191024,  138,    0
  2759,111448,20191025,  145,    0
  2759,111448,20191026,  146,    0
  2759,111448,20191027,  119,    0
  2759,111448,20191028,   84,    0
  2759,111448,20191029,   53,    0
  2759,111448,20191030,   31,    0
  2759,111448,20191031,   21,    0
  2759,111448,20191101,   30,    0
  2759,111448,20191102,  113,    0
  2759,111448,20191103,  109,    0
  2759,111448,20191104,  104,    0
  2759,111448,20191105,   95,    0
  2759,111448,20191106,   82,    0
  2759,111448,20191107,   83,    0
  2759,111448,20191108,   73,    0
  2759,111448,20191109,   69,    0
  2759,111448,20191110,   54,    0
  2759,111448,20191111,   29,    0
  2759,111448,20191112,   44,    0
  2759,111448,20191113,   50,    0
  2759,111448,20191114,   54,    0
  2759,111448,20191115,   72,    0
  2759,111448,20191116,   63,    0
  2759,111448,20191117,   43,    0
  2759,111448,20191118,   81,    0
  2759,111448,20191119,   65,    0
  2759,111448,20191120,   55,    0
  2759,111448,20191121,   82,    0
  2759,111448,20191122,   87,    0
  2759,111448,20191123,   59,    0
  2759,111448,20191124,   43,    0
  2759,111448,20191125,   43,    0
  2759,111448,20191126,   63,    0
  2759,111448,20191127,   65,    0
  2759,111448,20191128,  101,    0
  2759,111448,20191129,   55,    0
  2759,111448,20191130,   18,    0
  2759,111448,20191201,   27,    0
  2759,111448,20191202,   32,    0
  2759,111448,20191203,   30,    0
  2759,111448,20191204,   44,    0
  2759,111448,20191205,   11,    0
  2759,111448,20191206,   24,    0
  2759,111448,20191207,   80,    0
  2759,111448,20191208,   92,    0
  2759,111448,20191209,   74,    0
  2759,111448,20191210,   35,    0
  2759,111448,20191211,   28,    0
  2759,111448,20191212,   23,    0
  2759,111448,20191213,   13,    0
  2759,111448,20191214,   38,    0
  2759,111448,20191215,   59,    0
  2759,111448,20191216,   63,    0
  2759,111448,20191217,   84,    0
  2759,111448,20191218,   81,    0
  2759,111448,20191219,   43,    0
  2759,111448,20191220,   68,    0
  2759,111448,20191221,   71,    0
  2759,111448,20191222,   28,    0
  2759,111448,20191223,   68,    0
  2759,111448,20191224,   62,    0
  2759,111448,20191225,   55,    0
  2759,111448,20191226,   49,    0
  2759,111448,20191227,   31,    0
  2759,111448,20191228,   13,    0
  2759,111448,20191229,    0,    0
  2759,111448,20191230,   45,    0
  2759,111448,20191231,   60,    0
  2759,111448,20200101,   27,    0
  2759,111448,20200102,    9,    0
  2759,111448,20200103,   46,    0
  2759,111448,20200104,   42,    0
  2759,111448,20200105,   18,    0
  2759,111448,20200106,   49,    0
  2759,111448,20200107,   27,    0
  2759,111448,20200108,   64,    0
  2759,111448,20200109,   84,    0
  2759,111448,20200110,   94,    0
  2759,111448,20200111,   47,    0
  2759,111448,20200112,   37,    0
  2759,111448,20200113,   55,    0
  2759,111448,20200114,   70,    0
  2759,111448,20200115,  104,    0
  2759,111448,20200116,   77,    0
  2759,111448,20200117,   47,    0
  2759,111448,20200118,   56,    0
  2759,111448,20200119,   42,    0
  2759,111448,20200120,   24,    0
  2759,111448,20200121,   26,    0
  2759,111448,20200122,   43,    0
  2759,111448,20200123,   37,    0
  2759,111448,20200124,    4,    0
  2759,111448,20200125,    6,    0
  2759,111448,20200126,   -4,    0
  2759,111448,20200127,   52,    0
  2759,111448,20200128,   57,    0
  2759,111448,20200129,   47,    0
  2759,111448,20200130,   58,    0
  2759,111448,20200131,   99,    0
  2759,111448,20200201,  109,    0
  2759,111448,20200202,   74,    0
  2759,111448,20200203,   74,    0
  2759,111448,20200204,   53,    0
  2759,111448,20200205,   34,    0
  2759,111448,20200206,   47,    0
  2759,111448,20200207,   58,    0
  2759,111448,20200208,   51,    0
  2759,111448,20200209,   95,    0
  2759,111448,20200210,   74,    0
  2759,111448,20200211,   49,    0
  2759,111448,20200212,   47,    0
  2759,111448,20200213,   38,    0
  2759,111448,20200214,   41,    0
  2759,111448,20200215,   56,    0
  2759,111448,20200216,  118,    0
  2759,111448,20200217,   99,    0
  2759,111448,20200218,   70,    0
  2759,111448,20200219,   54,    0
  2759,111448,20200220,   51,    0
  2759,111448,20200221,   62,    0
  2759,111448,20200222,   84,    0
  2759,111448,20200223,   68,    0
  2759,111448,20200224,   53,    0
  2759,111448,20200225,   80,    0
  2759,111448,20200226,   29,    0
  2759,111448,20200227,   35,    0
  2759,111448,20200228,   39,    0
  2759,111448,20200229,   68,    0
  2759,111448,20200301,   71,    0
  2759,111448,20200302,   59,    0
  2759,111448,20200303,   48,    0
  2759,111448,20200304,   48,    0
  2759,111448,20200305,   53,    0
  2759,111448,20200306,   54,    0
  2759,111448,20200307,   45,    0
  2759,111448,20200308,   53,    0
  2759,111448,20200309,   75,    0
  2759,111448,20200310,   63,    0
  2759,111448,20200311,  100,    0
  2759,111448,20200312,  100,    0
  2759,111448,20200313,   64,    0
  2759,111448,20200314,   37,    0
  2759,111448,20200315,   57,    0
  2759,111448,20200316,   95,    0
  2759,111448,20200317,  100,    0
  2759,111448,20200318,  120,    0
  2759,111448,20200319,  106,    0
  2759,111448,20200320,   76,    0
  2759,111448,20200321,   38,    0
  2759,111448,20200322,   16,    0
  2759,111448,20200323,   13,    0
  2759,111448,20200324,   27,    0
  2759,111448,20200325,   38,    0
  2759,111448,20200326,   56,    0
  2759,111448,20200327,   92,    0
  2759,111448,20200328,   79,    0
  2759,111448,20200329,   29,    0
  2759,111448,20200330,    6,    0
  2759,111448,20200331,   17,    0
  2759,111448,20200401,   47,    0
  2759,111448,20200402,   72,    0
  2759,111448,20200403,   75,    0
  2759,111448,20200404,   80,    0
  2759,111448,20200405,  100,    0
  2759,111448,20200406,  138,    0
  2759,111448,20200407,  136,    0
  2759,111448,20200408,  142,    0
  2759,111448,20200409,  124,    0
  2759,111448,20200410,  100,    0
  2759,111448,20200411,   98,    0
  2759,111448,20200412,  142,    0
  2759,111448,20200413,   80,    0
  2759,111448,20200414,   62,    0
  2759,111448,20200415,   98,    0
  2759,111448,20200416,  118,    0
  2759,111448,20200417,  114,    0
  2759,111448,20200418,  106,    0
  2759,111448,20200419,   90,    0
  2759,111448,20200420,   99,    0
  2759,111448,20200421,  110,    0
  2759,111448,20200422,  122,    0
  2759,111448,20200423,  145,    0
  2759,111448,20200424,  145,    0
  2759,111448,20200425,  109,    0
  2759,111448,20200426,  124,    0
  2759,111448,20200427,  151,    0
  2759,111448,20200428,  170,    0
  2759,111448,20200429,  120,    0
  2759,111448,20200430,  137,    0
  2759,111448,20200501,  132,    0
  2759,111448,20200502,   99,    0
  2759,111448,20200503,  107,    0
  2759,111448,20200504,   90,    0
  2759,111448,20200505,   75,    0
  2759,111448,20200506,  114,    0
  2759,111448,20200507,  111,    0
  2759,111448,20200508,  146,    0
  2759,111448,20200509,  163,    0
  2759,111448,20200510,  175,    0
  2759,111448,20200511,   72,    0
  2759,111448,20200512,   73,    0
  2759,111448,20200513,   98,    0
  2759,111448,20200514,   91,    0
  2759,111448,20200515,   99,    0
  2759,111448,20200516,  126,    0
  2759,111448,20200517,  140,    0
  2759,111448,20200518,  164,    0
  2759,111448,20200519,  154,    0
  2759,111448,20200520,  155,    0
  2759,111448,20200521,  151,    0
  2759,111448,20200522,  174,    0
  2759,111448,20200523,  154,    0
  2759,111448,20200524,  128,    0
  2759,111448,20200525,  120,    0
  2759,111448,20200526,  145,    0
  2759,111448,20200527,  164,    0
  2759,111448,20200528,  149,    0
  2759,111448,20200529,  146,    0
  2759,111448,20200530,  138,    0
  2759,111448,20200531,  157,    0
  2759,111448,20200601,  170,    0
  2759,111448,20200602,  200,    0
  2759,111448,20200603,  190,    0
  2759,111448,20200604,  184,    0
  2759,111448,20200605,  141,    0
  2759,111448,20200606,  140,    0
  2759,111448,20200607,  154,    0
  2759,111448,20200608,  173,    0
  2759,111448,20200609,  181,    0
  2759,111448,20200610,  167,    0
  2759,111448,20200611,  169,    0
  2759,111448,20200612,  209,    0
  2759,111448,20200613,  219,    0
  2759,111448,20200614,  210,    0
  2759,111448,20200615,  201,    0
  2759,111448,20200616,  210,    0
  2759,111448,20200617,  233,    0
  2759,111448,20200618,  220,    0
  2759,111448,20200619,  185,    0
  2759,111448,20200620,  170,    0
  2759,111448,20200621,  184,    0
  2759,111448,20200622,  205,    0
  2759,111448,20200623,  195,    0
  2759,111448,20200624,  208,    0
  2759,111448,20200625,  234,    0
  2759,111448,20200626,  226,    0
  2759,111448,20200627,  250,    0
  2759,111448,20200628,  224,    0
  2759,111448,20200629,  196,    0
  2759,111448,20200630,  198,    0
  2759,111448,20200701,  199,    0
  2759,111448,20200702,  204,    0
  2759,111448,20200703,  198,    0
  2759,111448,20200704,  214,    0
  2759,111448,20200705,  226,    0
  2759,111448,20200706,  177,    0
  2759,111448,20200707,  161,    0
  2759,111448,20200708,  156,    0
  2759,111448,20200709,  172,    0
  2759,111448,20200710,  184,    0
  2759,111448,20200711,  158,    0
  2759,111448,20200712,  163,    0
  2759,111448,20200713,  188,    0
  2759,111448,20200714,  219,    0
  2759,111448,20200715,  165,    0
  2759,111448,20200716,  168,    0
  2759,111448,20200717,  168,    0
  2759,111448,20200718,  210,    0
  2759,111448,20200719,  236,    0
  2759,111448,20200720,  205,    0
  2759,111448,20200721,  180,    0
  2759,111448,20200722,  177,    0
  2759,111448,20200723,  186,    0
  2759,111448,20200724,  212,    0
  2759,111448,20200725,  213,    0
  2759,111448,20200726,  187,    0
  2759,111448,20200727,  207,    0
  2759,111448,20200728,  230,    0
  2759,111448,20200729,  192,    0
  2759,111448,20200730,  182,    0
  2759,111448,20200731,  203,    0
  2759,111448,20200801,  228,    0
  2759,111448,20200802,  210,    0
  2759,111448,20200803,  188,    0
  2759,111448,20200804,  183,    0
  2759,111448,20200805,  212,    0
  2759,111448,20200806,  237,    0
  2759,111448,20200807,  260,    0
  2759,111448,20200808,  285,    0
  2759,111448,20200809,  277,    0
  2759,111448,20200810,  255,    0
  2759,111448,20200811,  262,    0
  2759,111448,20200812,  251,    0
  2759,111448,20200813,  253,    0
  2759,111448,20200814,  236,    0
  2759,111448,20200815,  250,    0
  2759,111448,20200816,  249,    0
  2759,111448,20200817,  248,    0
  2759,111448,20200818,  212,    0
  2759,111448,20200819,  214,    0
  2759,111448,20200820,  244,    0
  2759,111448,20200821,  284,    0
  2759,111448,20200822,  232,    0
  2759,111448,20200823,  206,    0
  2759,111448,20200824,  188,    0
  2759,111448,20200825,  187,    0
  2759,111448,20200826,  177,    0
  2759,111448,20200827,  165,    0
  2759,111448,20200828,  175,    0
  2759,111448,20200829,  191,    0
  2759,111448,20200830,  178,    0
  2759,111448,20200831,  173,    0
  2759,111448,20200901,  150,    0
  2759,111448,20200902,  145,    0
  2759,111448,20200903,  177,    0
  2759,111448,20200904,  185,    0
  2759,111448,20200905,  162,    0
  2759,111448,20200906,  155,    0
  2759,111448,20200907,  153,    0
  2759,111448,20200908,  173,    0
  2759,111448,20200909,  200,    0
  2759,111448,20200910,  148,    0
  2759,111448,20200911,  163,    0
  2759,111448,20200912,  183,    0
  2759,111448,20200913,  182,    0
  2759,111448,20200914,  211,    0
  2759,111448,20200915,  232,    0
  2759,111448,20200916,  221,    0
  2759,111448,20200917,  146,    0
  2759,111448,20200918,  130,    0
  2759,111448,20200919,  144,    0
  2759,111448,20200920,  159,    0
  2759,111448,20200921,  171,    0
  2759,111448,20200922,  190,    0
  2759,111448,20200923,  202,    0
  2759,111448,20200924,  182,    0
  2759,111448,20200925,  135,    0
  2759,111448,20200926,  104,    0
  2759,111448,20200927,   99,    0
  2759,111448,20200928,  139,    0
  2759,111448,20200929,  144,    0
  2759,111448,20200930,  139,    0
  2759,111448,20201001,  124,    0
  2759,111448,20201002,  140,    0
  2759,111448,20201003,  169,    0
  2759,111448,20201004,  144,    0
  2759,111448,20201005,  118,    0
  2759,111448,20201006,  129,    0
  2759,111448,20201007,  126,    0
  2759,111448,20201008,  125,    0
  2759,111448,20201009,  131,    0
  2759,111448,20201010,  105,    0
  2759,111448,20201011,   80,    0
  2759,111448,20201012,   87,    0
  2759,111448,20201013,   81,    0
  2759,111448,20201014,  101,    0
  2759,111448,20201015,  105,    0
  2759,111448,20201016,   93,    0
  2759,111448,20201017,   93,    0
  2759,111448,20201018,   81,    0
  2759,111448,20201019,   89,    0
  2759,111448,20201020,   87,    0
  2759,111448,20201021,  123,    0
  2759,111448,20201022,  162,    0
  2759,111448,20201023,  140,    0
  2759,111448,20201024,  135,    0
  2759,111448,20201025,  127,    0
  2759,111448,20201026,  113,    0
  2759,111448,20201027,  100,    0
  2759,111448,20201028,  105,    0
  2759,111448,20201029,  104,    0
  2759,111448,20201030,  114,    0
  2759,111448,20201031,  139,    0
  2759,111448,20201101,  127,    0
  2759,111448,20201102,  170,    0
  2759,111448,20201103,  125,    0
  2759,111448,20201104,   92,    0
  2759,111448,20201105,   77,    0
  2759,111448,20201106,   91,    0
  2759,111448,20201107,   78,    0
  2759,111448,20201108,   49,    0
  2759,111448,20201109,   58,    0
  2759,111448,20201110,   54,    0
  2759,111448,20201111,   62,    0
  2759,111448,20201112,   78,    0
  2759,111448,20201113,   83,    0
  2759,111448,20201114,  115,    0
  2759,111448,20201115,  100,    0
  2759,111448,20201116,   98,    0
  2759,111448,20201117,  101,    0
  2759,111448,20201118,  110,    0
  2759,111448,20201119,   92,    0
  2759,111448,20201120,   35,    0
  2759,111448,20201121,   38,    0
  2759,111448,20201122,   82,    0
  2759,111448,20201123,   66,    0
  2759,111448,20201124,   34,    0
  2759,111448,20201125,   10,    0
  2759,111448,20201126,   41,    0
  2759,111448,20201127,   62,    0
  2759,111448,20201128,   36,    0
  2759,111448,20201129,   17,    0
  2759,111448,20201130,   16,    0
  2759,111448,20201201,   24,    0
  2759,111448,20201202,   -9,    0
  2759,111448,20201203,   -7,    0
  2759,111448,20201204,   14,    0
  2759,111448,20201205,   36,    0
  2759,111448,20201206,   78,    0
  2759,111448,20201207,   61,    0
  2759,111448,20201208,   41,    0
  2759,111448,20201209,   17,    0
  2759,111448,20201210,   -5,    0
  2759,111448,20201211,   -2,    0
  2759,111448,20201212,   13,    0
  2759,111448,20201213,   30,    0
  2759,111448,20201214,   53,    0
  2759,111448,20201215,   57,    0
  2759,111448,20201216,   80,    0
  2759,111448,20201217,   55,    0
  2759,111448,20201218,   54,    0
  2759,111448,20201219,   29,    0
  2759,111448,20201220,   31,    0
  2759,111448,20201221,   45,    0
  2759,111448,20201222,   93,    0
  2759,111448,20201223,   74,    0
  2759,111448,20201224,   69,    0
  2759,111448,20201225,   27,    0
  2759,111448,20201226,   10,    0
  2759,111448,20201227,   16,    0
  2759,111448,20201228,   28,    0
  2759,111448,20201229,   23,    0
  2759,111448,20201230,   25,    0
  2759,111448,20201231,   26,    0
  2759,111448,20210101,   21,    0
  2759,111448,20210102,   11,    0
  2759,111448,20210103,    6,    0
  2759,111448,20210104,    8,    0
  2759,111448,20210105,   17,    0
  2759,111448,20210106,   20,    0
  2759,111448,20210107,   13,    0
  2759,111448,20210108,   11,    0
  2759,111448,20210109,   16,    0
  2759,111448,20210110,    8,    0
  2759,111448,20210111,    6,    0
  2759,111448,20210112,   16,    0
  2759,111448,20210113,   18,    0
  2759,111448,20210114,   12,    0
  2759,111448,20210115,   -4,    0
  2759,111448,20210116,  -15,    0
  2759,111448,20210117,  -17,    0
  2759,111448,20210118,  -13,    0
  2759,111448,20210119,   26,    0
  2759,111448,20210120,   61,    0
  2759,111448,20210121,   88,    0
  2759,111448,20210122,   74,    0
  2759,111448,20210123,   21,    0
  2759,111448,20210124,   12,    0
  2759,111448,20210125,   14,    0
  2759,111448,20210126,   12,    0
  2759,111448,20210127,   19,    0
  2759,111448,20210128,   16,    0
  2759,111448,20210129,  -11,    0
  2759,111448,20210130,  -11,    0
  2759,111448,20210131,  -45,    0
  2759,111448,20210201,  -33,    0
  2759,111448,20210202,   10,    0
  2759,111448,20210203,   50,    0
  2759,111448,20210204,   10,    0
  2759,111448,20210205,   -1,    0
  2759,111448,20210206,  -20,    0
  2759,111448,20210207,  -61,    0
  2759,111448,20210208,  -90,    0
  2759,111448,20210209,  -83,    0
  2759,111448,20210210,  -72,    0
  2759,111448,20210211,  -45,    0
  2759,111448,20210212,  -51,    0
  2759,111448,20210213,  -61,    0
  2759,111448,20210214,  -52,    0
  2759,111448,20210215,  -50,    0
  2759,111448,20210216,   16,    0
  2759,111448,20210217,   52,    0
  2759,111448,20210218,   72,    0
  2759,111448,20210219,   65,    0
  2759,111448,20210220,   64,    0
  2759,111448,20210221,   89,    0
  2759,111448,20210222,   66,    0
  2759,111448,20210223,  108,    0
  2759,111448,20210224,  133,    0
  2759,111448,20210225,  124,    0
  2759,111448,20210226,   78,    0
  2759,111448,20210227,   50,    0
  2759,111448,20210228,   27,    0
  2759,111448,20210301,   49,    0
  2759,111448,20210302,   42,    0
  2759,111448,20210303,   70,    0
  2759,111448,20210304,   38,    0
  2759,111448,20210305,   17,    0
  2759,111448,20210306,   19,    0
  2759,111448,20210307,   31,    0
  2759,111448,20210308,   19,    0
  2759,111448,20210309,   16,    0
  2759,111448,20210310,   24,    0
  2759,111448,20210311,   63,    0
  2759,111448,20210312,   75,    0
  2759,111448,20210313,   59,    0
  2759,111448,20210314,   50,    0
  2759,111448,20210315,   48,    0
  2759,111448,20210316,   43,    0
  2759,111448,20210317,   20,    0
  2759,111448,20210318,   29,    0
  2759,111448,20210319,    7,    0
  2759,111448,20210320,   13,    0
  2759,111448,20210321,   53,    0
  2759,111448,20210322,   54,    0
  2759,111448,20210323,   60,    0
  2759,111448,20210324,   82,    0
  2759,111448,20210325,   93,    0
  2759,111448,20210326,  108,    0
  2759,111448,20210327,   69,    0
  2759,111448,20210328,   77,    0
  2759,111448,20210329,  144,    0
  2759,111448,20210330,  149,    0
  2759,111448,20210331,  154,    0
  2759,111448,20210401,  117,    0
  2759,111448,20210402,   61,    0
  2759,111448,20210403,   55,    0
  2759,111448,20210404,   56,    0
  2759,111448,20210405,   36,    0
  2759,111448,20210406,   20,    0
  2759,111448,20210407,   31,    0
  2759,111448,20210408,   45,    0
  2759,111448,20210409,   82,    0
  2759,111448,20210410,   75,    0
  2759,111448,20210411,  113,    0
  2759,111448,20210412,   51,    0
  2759,111448,20210413,   49,    0
  2759,111448,20210414,   46,    0
  2759,111448,20210415,   40,    0
  2759,111448,20210416,   68,    0
  2759,111448,20210417,   86,    0
  2759,111448,20210418,   76,    0
  2759,111448,20210419,   97,    0
  2759,111448,20210420,  115,    0
  2759,111448,20210421,  110,    0
  2759,111448,20210422,   76,    0
  2759,111448,20210423,   86,    0
  2759,111448,20210424,   74,    0
  2759,111448,20210425,   63,    0
  2759,111448,20210426,   50,    0
  2759,111448,20210427,   72,    0
  2759,111448,20210428,  109,    0
  2759,111448,20210429,  113,    0
  2759,111448,20210430,   83,    0
  2759,111448,20210501,   92,    0
  2759,111448,20210502,   81,    0
  2759,111448,20210503,   74,    0
  2759,111448,20210504,  101,    0
  2759,111448,20210505,   88,    0
  2759,111448,20210506,   79,    0
  2759,111448,20210507,   57,    0
  2759,111448,20210508,  100,    0
  2759,111448,20210509,  189,    0
  2759,111448,20210510,  217,    0
  2759,111448,20210511,  211,    0
  2759,111448,20210512,  138,    0
  2759,111448,20210513,  114,    0
  2759,111448,20210514,  106,    0
  2759,111448,20210515,  135,    0
  2759,111448,20210516,  133,    0
  2759,111448,20210517,  137,    0
  2759,111448,20210518,  117,    0
  2759,111448,20210519,  127,    0
  2759,111448,20210520,  135,    0
  2759,111448,20210521,  152,    0
  2759,111448,20210522,  133,    0
  2759,111448,20210523,  123,    0
  2759,111448,20210524,  158,    0
  2759,111448,20210525,  126,    0
  2759,111448,20210526,  124,    0
  2759,111448,20210527,  118,    0
  2759,111448,20210528,  116,    0
  2759,111448,20210529,  125,    0
  2759,111448,20210530,  139,    0
  2759,111448,20210531,  147,    0
  2759,111448,20210601,  173,    0
  2759,111448,20210602,  183,    0
  2759,111448,20210603,  209,    0
  2759,111448,20210604,  189,    0
  2759,111448,20210605,  215,    0
  2759,111448,20210606,  222,    0
  2759,111448,20210607,  209,    0
  2759,111448,20210608,  214,    0
  2759,111448,20210609,  213,    0
  2759,111448,20210610,  226,    0
  2759,111448,20210611,  231,    0
  2759,111448,20210612,  192,    0
  2759,111448,20210613,  155,    0
  2759,111448,20210614,  203,    0
  2759,111448,20210615,  204,    0
  2759,111448,20210616,  213,    0
  2759,111448,20210617,  271,    0
  2759,111448,20210618,  286,    0
  2759,111448,20210619,  287,    0
  2759,111448,20210620,  282,    0
  2759,111448,20210621,  259,    0
  2759,111448,20210622,  188,    0
  2759,111448,20210623,  175,    0
  2759,111448,20210624,  175,    0
  2759,111448,20210625,  204,    0
  2759,111448,20210626,  215,    0
  2759,111448,20210627,  221,    0
  2759,111448,20210628,  253,    0
  2759,111448,20210629,  241,    0
  2759,111448,20210630,  182,    0
  2759,111448,20210701,  157,    0
  2759,111448,20210702,  199,    0
  2759,111448,20210703,  203,    0
  2759,111448,20210704,  225,    0
  2759,111448,20210705,  205,    0
  2759,111448,20210706,  235,    0
  2759,111448,20210707,  192,    0
  2759,111448,20210708,  190,    0
  2759,111448,20210709,  179,    0
  2759,111448,20210710,  196,    0
  2759,111448,20210711,  228,    0
  2759,111448,20210712,  223,    0
  2759,111448,20210713,  243,    0
  2759,111448,20210714,  219,    0
  2759,111448,20210715,  223,    0
  2759,111448,20210716,  236,    0
  2759,111448,20210717,  238,    0
  2759,111448,20210718,  223,    0
  2759,111448,20210719,  175,    0
  2759,111448,20210720,  183,    0
  2759,111448,20210721,  190,    0
  2759,111448,20210722,  206,    0
  2759,111448,20210723,  206,    0
  2759,111448,20210724,  240,    0
  2759,111448,20210725,  235,    0
  2759,111448,20210726,  243,    0
  2759,111448,20210727,  237,    0
  2759,111448,20210728,  217,    0
  2759,111448,20210729,  208,    0
  2759,111448,20210730,  209,    0
  2759,111448,20210731,  211,    0
  2759,111448,20210801,  182,    0
  2759,111448,20210802,  176,    0
  2759,111448,20210803,  178,    0
  2759,111448,20210804,  185,    0
  2759,111448,20210805,  187,    0
  2759,111448,20210806,  199,    0
  2759,111448,20210807,  199,    0
  2759,111448,20210808,  195,    0
  2759,111448,20210809,  178,    0
  2759,111448,20210810,  183,    0
  2759,111448,20210811,  182,    0
  2759,111448,20210812,  212,    0
  2759,111448,20210813,  242,    0
  2759,111448,20210814,  223,    0
  2759,111448,20210815,  212,    0
  2759,111448,20210816,  190,    0
  2759,111448,20210817,  153,    0
  2759,111448,20210818,  174,    0
  2759,111448,20210819,  188,    0
  2759,111448,20210820,  182,    0
  2759,111448,20210821,  191,    0
  2759,111448,20210822,  182,    0
  2759,111448,20210823,  165,    0
  2759,111448,20210824,  163,    0
  2759,111448,20210825,  155,    0
  2759,111448,20210826,  147,    0
  2759,111448,20210827,  142,    0
  2759,111448,20210828,  154,    0
  2759,111448,20210829,  158,    0
  2759,111448,20210830,  158,    0
  2759,111448,20210831,  162,    0
  2759,111448,20210901,  160,    0
  2759,111448,20210902,  161,    0
  2759,111448,20210903,  169,    0
  2759,111448,20210904,  142,    0
  2759,111448,20210905,  160,    0
  2759,111448,20210906,  169,    0
  2759,111448,20210907,  176,    0
  2759,111448,20210908,  186,    0
  2759,111448,20210909,  204,    0
  2759,111448,20210910,  202,    0
  2759,111448,20210911,  197,    0
  2759,111448,20210912,  184,    0
  2759,111448,20210913,  163,    0
  2759,111448,20210914,  163,    0
  2759,111448,20210915,  184,    0
  2759,111448,20210916,  177,    0
  2759,111448,20210917,  152,    0
  2759,111448,20210918,  142,    0
  2759,111448,20210919,  131,    0
  2759,111448,20210920,  129,    0
  2759,111448,20210921,  130,    0
  2759,111448,20210922,  140,    0
  2759,111448,20210923,  150,    0
  2759,111448,20210924,  153,    0
  2759,111448,20210925,  177,    0
  2759,111448,20210926,  189,    0
  2759,111448,20210927,  180,    0
  2759,111448,20210928,  157,    0
  2759,111448,20210929,  139,    0
  2759,111448,20210930,  117,    0
  2759,111448,20211001,  127,    0
  2759,111448,20211002,  148,    0
  2759,111448,20211003,  181,    0
  2759,111448,20211004,  148,    0
  2759,111448,20211005,  131,    0
  2759,111448,20211006,  132,    0
  2759,111448,20211007,  120,    0
  2759,111448,20211008,  119,    0
  2759,111448,20211009,   92,    0
  2759,111448,20211010,   80,    0
  2759,111448,20211011,   88,    0
  2759,111448,20211012,   91,    0
  2759,111448,20211013,   82,    0
  2759,111448,20211014,  110,    0
  2759,111448,20211015,  109,    0
  2759,111448,20211016,   93,    0
  2759,111448,20211017,  100,    0
  2759,111448,20211018,  119,    0
  2759,111448,20211019,  128,    0
  2759,111448,20211020,  160,    0
  2759,111448,20211021,  130,    0
  2759,111448,20211022,   75,    0
  2759,111448,20211023,   76,    0
  2759,111448,20211024,   76,    0
  2759,111448,20211025,   67,    0
  2759,111448,20211026,   99,    0
  2759,111448,20211027,  125,    0
  2759,111448,20211028,  113,    0
  2759,111448,20211029,   92,    0
  2759,111448,20211030,  103,    0
  2759,111448,20211031,  134,    0
  2759,111448,20211101,  104,    0
  2759,111448,20211102,   95,    0
  2759,111448,20211103,   71,    0
  2759,111448,20211104,   70,    0
  2759,111448,20211105,   83,    0
  2759,111448,20211106,   92,    0
  2759,111448,20211107,   84,    0
  2759,111448,20211108,   88,    0
  2759,111448,20211109,   85,    0
  2759,111448,20211110,   52,    0
  2759,111448,20211111,   56,    0
  2759,111448,20211112,   70,    0
  2759,111448,20211113,   49,    0
  2759,111448,20211114,   61,    0
  2759,111448,20211115,   56,    0
  2759,111448,20211116,   62,    0
  2759,111448,20211117,   58,    0
  2759,111448,20211118,   81,    0
  2759,111448,20211119,  116,    0
  2759,111448,20211120,  111,    0
  2759,111448,20211121,   80,    0
  2759,111448,20211122,   39,    0
  2759,111448,20211123,   50,    0
  2759,111448,20211124,   69,    0
  2759,111448,20211125,   45,    0
  2759,111448,20211126,   44,    0
  2759,111448,20211127,   19,    0
  2759,111448,20211128,   19,    0
  2759,111448,20211129,   24,    0
  2759,111448,20211130,   34,    0
  2759,111448,20211201,   59,    0
  2759,111448,20211202,   23,    0
  2759,111448,20211203,   10,    0
  2759,111448,20211204,   15,    0
  2759,111448,20211205,    7,    0
  2759,111448,20211206,    8,    0
  2759,111448,20211207,   -4,    0
  2759,111448,20211208,   -1,    0
  2759,111448,20211209,  -11,    0
  2759,111448,20211210,   -2,    0
  2759,111448,20211211,   -7,    0
  2759,111448,20211212,   10,    0
  2759,111448,20211213,   71,    0
  2759,111448,20211214,   75,    0
  2759,111448,20211215,   87,    0
  2759,111448,20211216,   76,    0
  2759,111448,20211217,   54,    0
  2759,111448,20211218,   60,    0
  2759,111448,20211219,   60,    0
  2759,111448,20211220,   14,    0
  2759,111448,20211221,    7,    0
  2759,111448,20211222,   -5,    0
  2759,111448,20211223,  -11,    0
  2759,111448,20211224,   20,    0
  2759,111448,20211225,  -55,    0
  2759,111448,20211226,  -68,    0
  2759,111448,20211227,  -39,    0
  2759,111448,20211228,   -5,    0
  2759,111448,20211229,   45,    0
  2759,111448,20211230,   93,    0
  2759,111448,20211231,  130,    0
  2759,111448,20220101,  120,    0
  2759,111448,20220102,   99,    0
  2759,111448,20220103,   89,    0
  2759,111448,20220104,   64,    0
  2759,111448,20220105,   38,    0
  2759,111448,20220106,   12,    0
  2759,111448,20220107,    7,    0
  2759,111448,20220108,   13,    0
  2759,111448,20220109,   15,    0
  2759,111448,20220110,   31,    0
  2759,111448,20220111,  -23,    0
  2759,111448,20220112,    9,    0
  2759,111448,20220113,   43,    0
  2759,111448,20220114,   53,    0
  2759,111448,20220115,   19,    0
  2759,111448,20220116,   21,    0
  2759,111448,20220117,   41,    0
  2759,111448,20220118,   30,    0
  2759,111448,20220119,   40,    0
  2759,111448,20220120,   11,    0
  2759,111448,20220121,    2,    0
  2759,111448,20220122,   30,    0
  2759,111448,20220123,   54,    0
  2759,111448,20220124,   53,    0
  2759,111448,20220125,   40,    0
  2759,111448,20220126,   29,    0
  2759,111448,20220127,   44,    0
  2759,111448,20220128,   49,    0
  2759,111448,20220129,   58,    0
  2759,111448,20220130,   58,    0
  2759,111448,20220131,   29,    0
  2759,111448,20220201,   34,    0
  2759,111448,20220202,   49,    0
  2759,111448,20220203,   45,    0
  2759,111448,20220204,   66,    0
  2759,111448,20220205,   45,    0
  2759,111448,20220206,   54,    0
  2759,111448,20220207,   39,    0
  2759,111448,20220208,   62,    0
  2759,111448,20220209,   90,    0
  2759,111448,20220210,   75,    0
  2759,111448,20220211,   38,    0
  2759,111448,20220212,   11,    0
  2759,111448,20220213,   35,    0
  2759,111448,20220214,   79,    0
  2759,111448,20220215,   74,    0
  2759,111448,20220216,   75,    0
  2759,111448,20220217,   81,    0
  2759,111448,20220218,   68,    0
  2759,111448,20220219,   61,    0
  2759,111448,20220220,   55,    0
  2759,111448,20220221,   57,    0
  2759,111448,20220222,   58,    0
  2759,111448,20220223,   65,    0
  2759,111448,20220224,   59,    0
  2759,111448,20220225,   44,    0
  2759,111448,20220226,   41,    0
  2759,111448,20220227,    5,    0
  2759,111448,20220228,   17,    0
  2759,111448,20220301,   21,    0
  2759,111448,20220302,   21,    0
  2759,111448,20220303,   -4,    0
  2759,111448,20220304,   18,    0
  2759,111448,20220305,    8,    0
  2759,111448,20220306,    9,    0
  2759,111448,20220307,   32,    0
  2759,111448,20220308,   38,    0
  2759,111448,20220309,   50,    0
  2759,111448,20220310,   41,    0
  2759,111448,20220311,   30,    0
  2759,111448,20220312,   48,    0
  2759,111448,20220313,   66,    0
  2759,111448,20220314,   76,    0
  2759,111448,20220315,   85,    0
  2759,111448,20220316,   65,    0
  2759,111448,20220317,   77,    0
  2759,111448,20220318,   86,    0
  2759,111448,20220319,   63,    0
  2759,111448,20220320,   66,    0
  2759,111448,20220321,   76,    0
  2759,111448,20220322,   88,    0
  2759,111448,20220323,   99,    0
  2759,111448,20220324,   86,    0
  2759,111448,20220325,  100,    0
  2759,111448,20220326,   94,    0
  2759,111448,20220327,   97,    0
  2759,111448,20220328,  108,    0
  2759,111448,20220329,   80,    0
  2759,111448,20220330,   53,    0
  2759,111448,20220331,   38,    0
  2759,111448,20220401,   37,    0
  2759,111448,20220402,   21,    0
  2759,111448,20220403,   28,    0
  2759,111448,20220404,   39,    0
  2759,111448,20220405,   70,    0
  2759,111448,20220406,  105,    0
  2759,111448,20220407,  102,    0
  2759,111448,20220408,   70,    0
  2759,111448,20220409,   57,    0
  2759,111448,20220410,   51,    0
  2759,111448,20220411,   71,    0
  2759,111448,20220412,   99,    0
  2759,111448,20220413,  142,    0
  2759,111448,20220414,  125,    0
  2759,111448,20220415,   79,    0
  2759,111448,20220416,   66,    0
  2759,111448,20220417,   84,    0
  2759,111448,20220418,   92,    0
  2759,111448,20220419,   87,    0
  2759,111448,20220420,   95,    0
  2759,111448,20220421,   95,    0
  2759,111448,20220422,   95,    0
  2759,111448,20220423,  115,    0
  2759,111448,20220424,  111,    0
  2759,111448,20220425,   88,    0
  2759,111448,20220426,  115,    0
  2759,111448,20220427,  121,    0
  2759,111448,20220428,  115,    0
  2759,111448,20220429,  129,    0
  2759,111448,20220430,  131,    0
  2759,111448,20220501,  117,    0
  2759,111448,20220502,  134,    0
  2759,111448,20220503,  130,    0
  2759,111448,20220504,  142,    0
  2759,111448,20220505,  143,    0
  2759,111448,20220506,  144,    0
  2759,111448,20220507,  170,    0
  2759,111448,20220508,  149,    0
  2759,111448,20220509,  146,    0
  2759,111448,20220510,  197,    0
  2759,111448,20220511,  217,    0
  2759,111448,20220512,  166,    0
  2759,111448,20220513,  152,    0
  2759,111448,20220514,  157,    0
  2759,111448,20220515,  154,    0
  2759,111448,20220516,  186,    0
  2759,111448,20220517,  173,    0
  2759,111448,20220518,  185,    0
  2759,111448,20220519,  223,    0
  2759,111448,20220520,  205,    0
  2759,111448,20220521,  156,    0
  2759,111448,20220522,  146,    0
  2759,111448,20220523,  177,    0
  2759,111448,20220524,  176,    0
  2759,111448,20220525,  161,    0
  2759,111448,20220526,  172,    0
  2759,111448,20220527,  140,    0
  2759,111448,20220528,  114,    0
  2759,111448,20220529,  120,    0
  2759,111448,20220530,  122,    0
  2759,111448,20220531,  149,    0
  2759,111448,20220601,  152,    0
  2759,111448,20220602,  146,    0
  2759,111448,20220603,  186,    0
  2759,111448,20220604,  190,    0
  2759,111448,20220605,  207,    0
  2759,111448,20220606,  201,    0
  2759,111448,20220607,  192,    0
  2759,111448,20220608,  206,    0
  2759,111448,20220609,  186,    0
  2759,111448,20220610,  198,    0
  2759,111448,20220611,  224,    0
  2759,111448,20220612,  210,    0
  2759,111448,20220613,  169,    0
  2759,111448,20220614,  152,    0
  2759,111448,20220615,  187,    0
  2759,111448,20220616,  192,    0
  2759,111448,20220617,  208,    0
  2759,111448,20220618,  269,    0
  2759,111448,20220619,  251,    0
  2759,111448,20220620,  145,    0
  2759,111448,20220621,  181,    0
  2759,111448,20220622,  213,    0
  2759,111448,20220623,  236,    0
  2759,111448,20220624,  254,    0
  2759,111448,20220625,  239,    0
  2759,111448,20220626,  263,    0
  2759,111448,20220627,  281,    0
  2759,111448,20220628,  214,    0
  2759,111448,20220629,  214,    0
  2759,111448,20220630,  233,    0
  2759,111448,20220701,  195,    0
  2759,111448,20220702,  208,    0
  2759,111448,20220703,  243,    0
  2759,111448,20220704,  212,    0
  2759,111448,20220705,  205,    0
  2759,111448,20220706,  178,    0
  2759,111448,20220707,  156,    0
  2759,111448,20220708,  171,    0
  2759,111448,20220709,  164,    0
  2759,111448,20220710,  161,    0
  2759,111448,20220711,  179,    0
  2759,111448,20220712,  208,    0
  2759,111448,20220713,  241,    0
  2759,111448,20220714,  196,    0
  2759,111448,20220715,  168,    0
  2759,111448,20220716,  179,    0
  2759,111448,20220717,  177,    0
  2759,111448,20220718,  229,    0
  2759,111448,20220719,  271,    0
  2759,111448,20220720,  300,    0
  2759,111448,20220721,  248,    0
  2759,111448,20220722,  212,    0
  2759,111448,20220723,  189,    0
  2759,111448,20220724,  215,    0
  2759,111448,20220725,  260,    0
  2759,111448,20220726,  198,    0
  2759,111448,20220727,  171,    0
  2759,111448,20220728,  181,    0
  2759,111448,20220729,  220,    0
  2759,111448,20220730,  218,    0
  2759,111448,20220731,  229,    0
  2759,111448,20220801,  213,    0
  2759,111448,20220802,  225,    0
  2759,111448,20220803,  270,    0
  2759,111448,20220804,  297,    0
  2759,111448,20220805,  232,    0
  2759,111448,20220806,  180,    0
  2759,111448,20220807,  190,    0
  2759,111448,20220808,  212,    0
  2759,111448,20220809,  223,    0
  2759,111448,20220810,  222,    0
  2759,111448,20220811,  236,    0
  2759,111448,20220812,  239,    0
  2759,111448,20220813,  240,    0
  2759,111448,20220814,  263,    0
  2759,111448,20220815,  238,    0
  2759,111448,20220816,  240,    0
  2759,111448,20220817,  263,    0
  2759,111448,20220818,  257,    0
  2759,111448,20220819,  217,    0
  2759,111448,20220820,  202,    0
  2759,111448,20220821,  198,    0
  2759,111448,20220822,  196,    0
  2759,111448,20220823,  209,    0
  2759,111448,20220824,  215,    0
  2759,111448,20220825,  225,    0
  2759,111448,20220826,  220,    0
  2759,111448,20220827,  205,    0
  2759,111448,20220828,  177,    0
  2759,111448,20220829,  168,    0
  2759,111448,20220830,  175,    0
  2759,111448,20220831,  179,    0
  2759,111448,20220901,  171,    0
  2759,111448,20220902,  170,    0
  2759,111448,20220903,  167,    0
  2759,111448,20220904,  183,    0
  2759,111448,20220905,  185,    0
  2759,111448,20220906,  181,    0
  2759,111448,20220907,  195,    0
  2759,111448,20220908,  165,    0
  2759,111448,20220909,  176,    0
  2759,111448,20220910,  169,    0
  2759,111448,20220911,  157,    0
  2759,111448,20220912,  155,    0
  2759,111448,20220913,  153,    0
  2759,111448,20220914,  152,    0
  2759,111448,20220915,  145,    0
  2759,111448,20220916,  136,    0
  2759,111448,20220917,  124,    0
  2759,111448,20220918,  109,    0
  2759,111448,20220919,  108,    0
  2759,111448,20220920,  105,    0
  2759,111448,20220921,  111,    0
  2759,111448,20220922,  111,    0
  2759,111448,20220923,  114,    0
  2759,111448,20220924,  126,    0
  2759,111448,20220925,  143,    0
  2759,111448,20220926,  136,    0
  2759,111448,20220927,  112,    0
  2759,111448,20220928,   94,    0
  2759,111448,20220929,   96,    0
  2759,111448,20220930,  107,    0
  2759,111448,20221001,  104,    0
  2759,111448,20221002,  125,    0
  2759,111448,20221003,  131,    0
  2759,111448,20221004,  136,    0
  2759,111448,20221005,  145,    0
  2759,111448,20221006,  149,    0
  2759,111448,20221007,  118,    0
  2759,111448,20221008,  116,    0
  2759,111448,20221009,  106,    0
  2759,111448,20221010,  116,    0
  2759,111448,20221011,  102,    0
  2759,111448,20221012,   93,    0
  2759,111448,20221013,  106,    0
  2759,111448,20221014,  123,    0
  2759,111448,20221015,  150,    0
  2759,111448,20221016,  156,    0
  2759,111448,20221017,  179,    0
  2759,111448,20221018,  145,    0
  2759,111448,20221019,  106,    0
  2759,111448,20221020,   86,    0
  2759,111448,20221021,  121,    0
  2759,111448,20221022,  150,    0
  2759,111448,20221023,  145,    0
  2759,111448,20221024,  155,    0
  2759,111448,20221025,  137,    0
  2759,111448,20221026,  126,    0
  2759,111448,20221027,  147,    0
  2759,111448,20221028,  170,    0
  2759,111448,20221029,  169,    0
  2759,111448,20221030,  153,    0
  2759,111448,20221031,  129,    0
  2759,111448,20221101,  134,    0
  2759,111448,20221102,  107,    0
  2759,111448,20221103,   86,    0
  2759,111448,20221104,   95,    0
  2759,111448,20221105,   86,    0
  2759,111448,20221106,   74,    0
  2759,111448,20221107,  109,    0
  2759,111448,20221108,  124,    0
  2759,111448,20221109,  124,    0
  2759,111448,20221110,  121,    0
  2759,111448,20221111,   99,    0
  2759,111448,20221112,   74,    0
  2759,111448,20221113,   89,    0
  2759,111448,20221114,   70,    0
  2759,111448,20221115,   73,    0
  2759,111448,20221116,   57,    0
  2759,111448,20221117,   39,    0
  2759,111448,20221118,  -12,    0
  2759,111448,20221119,  -15,    0
  2759,111448,20221120,   -4,    0
  2759,111448,20221121,  -18,    0
  2759,111448,20221122,   -1,    0
  2759,111448,20221123,   27,    0
  2759,111448,20221124,   23,    0
  2759,111448,20221125,   49,    0
  2759,111448,20221126,   76,    0
  2759,111448,20221127,   54,    0
  2759,111448,20221128,   38,    0
  2759,111448,20221129,   39,    0
  2759,111448,20221130,   29,    0
  2759,111448,20221201,    5,    0
  2759,111448,20221202,    6,    0
  2759,111448,20221203,  -12,    0
  2759,111448,20221204,   12,    0
  2759,111448,20221205,   32,    0
  2759,111448,20221206,   25,    0
  2759,111448,20221207,   23,    0
  2759,111448,20221208,   16,    0
  2759,111448,20221209,  -17,    0
  2759,111448,20221210,  -17,    0
  2759,111448,20221211,  -20,    0
  2759,111448,20221212,  -12,    0
  2759,111448,20221213,  -22,    0
  2759,111448,20221214,  -64,    0
  2759,111448,20221215,  -68,    0
  2759,111448,20221216,  -48,    0
  2759,111448,20221217,  -35,    0
  2759,111448,20221218,  -58,    0
  2759,111448,20221219,    0,    0
  2759,111448,20221220,   61,    0
  2759,111448,20221221,   65,    0
  2759,111448,20221222,   72,    0
  2759,111448,20221223,   65,    0
  2759,111448,20221224,   65,    0
  2759,111448,20221225,   49,    0
  2759,111448,20221226,   95,    0
  2759,111448,20221227,   42,    0
  2759,111448,20221228,   63,    0
  2759,111448,20221229,  100,    0
  2759,111448,20221230,   76,    0
  2759,111448,20221231,  148,    0
  2759,111448,20230101,  145,    0
  2759,111448,20230102,  131,    0
  2759,111448,20230103,   56,    0
  2759,111448,20230104,   71,    0
  2759,111448,20230105,   82,    0
  2759,111448,20230106,   70,    0
  2759,111448,20230107,   83,    0
  2759,111448,20230108,   69,    0
  2759,111448,20230109,   63,    0
  2759,111448,20230110,   63,    0
  2759,111448,20230111,   68,    0
  2759,111448,20230112,   87,    0
  2759,111448,20230113,   92,    0
  2759,111448,20230114,   74,    0
  2759,111448,20230115,   66,    0
  2759,111448,20230116,   49,    0
  2759,111448,20230117,   29,    0
  2759,111448,20230118,    0,    0
  2759,111448,20230119,  -10,    0
  2759,111448,20230120,    5,    0
  2759,111448,20230121,   11,    0
  2759,111448,20230122,   16,    0
  2759,111448,20230123,   16,    0
  2759,111448,20230124,    8,    0
  2759,111448,20230125,    8,    0
  2759,111448,20230126,   -7,    0
  2759,111448,20230127,   16,    0
  2759,111448,20230128,    1,    0
  2759,111448,20230129,   11,    0
  2759,111448,20230130,   38,    0
  2759,111448,20230131,   43,    0
  2759,111448,20230201,   46,    0
  2759,111448,20230202,   41,    0
  2759,111448,20230203,   56,    0
  2759,111448,20230204,   11,    0
  2759,111448,20230205,  -21,    0
  2759,111448,20230206,  -26,    0
  2759,111448,20230207,  -27,    0
  2759,111448,20230208,  -20,    0
  2759,111448,20230209,  -10,    0
  2759,111448,20230210,   29,    0
  2759,111448,20230211,   58,    0
  2759,111448,20230212,   73,    0
  2759,111448,20230213,   68,    0
  2759,111448,20230214,   53,    0
  2759,111448,20230215,   27,    0
  2759,111448,20230216,   64,    0
  2759,111448,20230217,   92,    0
  2759,111448,20230218,   72,    0
  2759,111448,20230219,   43,    0
  2759,111448,20230220,   71,    0
  2759,111448,20230221,   92,    0
  2759,111448,20230222,   72,    0
  2759,111448,20230223,   64,    0
  2759,111448,20230224,   36,    0
  2759,111448,20230225,   15,    0
  2759,111448,20230226,    8,    0
  2759,111448,20230227,    5,    0
  2759,111448,20230228,   12,    0
  2759,111448,20230301,   15,    0
  2759,111448,20230302,    1,    0
  2759,111448,20230303,   11,    0
  2759,111448,20230304,   43,    0
  2759,111448,20230305,   22,    0
  2759,111448,20230306,    8,    0
  2759,111448,20230307,   15,    0
  2759,111448,20230308,   10,    0
  2759,111448,20230309,    6,    0
  2759,111448,20230310,   33,    0
  2759,111448,20230311,   12,    0
  2759,111448,20230312,   30,    0
  2759,111448,20230313,  112,    0
  2759,111448,20230314,   91,    0
  2759,111448,20230315,   27,    0
  2759,111448,20230316,   45,    0
  2759,111448,20230317,   86,    0
  2759,111448,20230318,  120,    0
  2759,111448,20230319,  112,    0
  2759,111448,20230320,  101,    0
  2759,111448,20230321,   97,    0
  2759,111448,20230322,  127,    0
  2759,111448,20230323,  126,    0
  2759,111448,20230324,  126,    0
  2759,111448,20230325,   98,    0
  2759,111448,20230326,   80,    0
  2759,111448,20230327,   34,    0
  2759,111448,20230328,   35,    0
  2759,111448,20230329,   66,    0
  2759,111448,20230330,  117,    0
  2759,111448,20230331,  108,    0
  2759,111448,20230401,   75,    0
  2759,111448,20230402,   42,    0
  2759,111448,20230403,   18,    0
  2759,111448,20230404,   21,    0
  2759,111448,20230405,   41,    0
  2759,111448,20230406,   61,    0
  2759,111448,20230407,   43,    0
  2759,111448,20230408,   77,    0
  2759,111448,20230409,   70,    0
  2759,111448,20230410,  105,    0
  2759,111448,20230411,   89,    0
  2759,111448,20230412,   87,    0
  2759,111448,20230413,   93,    0
  2759,111448,20230414,   80,    0
  2759,111448,20230415,   97,    0
  2759,111448,20230416,   93,    0
  2759,111448,20230417,   71,    0
  2759,111448,20230418,   86,    0
  2759,111448,20230419,   72,    0
  2759,111448,20230420,  100,    0
  2759,111448,20230421,  143,    0
  2759,111448,20230422,  158,    0
  2759,111448,20230423,  139,    0
  2759,111448,20230424,  129,    0
  2759,111448,20230425,   82,    0
  2759,111448,20230426,   65,    0
  2759,111448,20230427,   75,    0
  2759,111448,20230428,  104,    0
  2759,111448,20230429,  114,    0
  2759,111448,20230430,   93,    0
  2759,111448,20230501,  127,    0
  2759,111448,20230502,  110,    0
  2759,111448,20230503,  101,    0
  2759,111448,20230504,  127,    0
  2759,111448,20230505,  141,    0
  2759,111448,20230506,   82,    0
  2759,111448,20230507,  113,    0
  2759,111448,20230508,  119,    0
  2759,111448,20230509,  140,    0
  2759,111448,20230510,  159,    0
  2759,111448,20230511,  171,    0
  2759,111448,20230512,  169,    0
  2759,111448,20230513,  162,    0
  2759,111448,20230514,  151,    0
  2759,111448,20230515,  143,    0
  2759,111448,20230516,  120,    0
  2759,111448,20230517,  108,    0
  2759,111448,20230518,  114,    0
  2759,111448,20230519,  132,    0
  2759,111448,20230520,  148,    0
  2759,111448,20230521,  208,    0
  2759,111448,20230522,  206,    0
  2759,111448,20230523,  153,    0
  2759,111448,20230524,  119,    0
  2759,111448,20230525,  148,    0
  2759,111448,20230526,  145,    0
  2759,111448,20230527,  153,    0
  2759,111448,20230528,  171,    0
  2759,111448,20230529,  166,    0
  2759,111448,20230530,  167,    0
  2759,111448,20230531,  184,    0
  2759,111448,20230601,  166,    0
  2759,111448,20230602,  140,    0
  2759,111448,20230603,  141,    0
  2759,111448,20230604,  170,    0
  2759,111448,20230605,  199,    0
  2759,111448,20230606,  196,    0
  2759,111448,20230607,  231,    0
  2759,111448,20230608,  232,    0
  2759,111448,20230609,  223,    0
  2759,111448,20230610,  216,    0
  2759,111448,20230611,  216,    0
  2759,111448,20230612,  208,    0
  2759,111448,20230613,  184,    0
  2759,111448,20230614,  180,    0
  2759,111448,20230615,  181,    0
  2759,111448,20230616,  160,    0
  2759,111448,20230617,  170,    0
  2759,111448,20230618,  204,    0
  2759,111448,20230619,  228,    0
  2759,111448,20230620,  219,    0
  2759,111448,20230621,  239,    0
  2759,111448,20230622,  235,    0
  2759,111448,20230623,  173,    0
  2759,111448,20230624,  200,    0
  2759,111448,20230625,  223,    0
  2759,111448,20230626,  223,    0
  2759,111448,20230627,  169,    0
  2759,111448,20230628,  183,    0
  2759,111448,20230629,  207,    0
  2759,111448,20230630,  191,    0
  2759,111448,20230701,  199,    0
  2759,111448,20230702,  190,    0
  2759,111448,20230703,  184,    0
  2759,111448,20230704,  189,    0
  2759,111448,20230705,  195,    0
  2759,111448,20230706,  183,    0
  2759,111448,20230707,  211,    0
  2759,111448,20230708,  240,    0
  2759,111448,20230709,  250,    0
  2759,111448,20230710,  234,    0
  2759,111448,20230711,  241,    0
  2759,111448,20230712,  239,    0
  2759,111448,20230713,  204,    0
  2759,111448,20230714,  210,    0
  2759,111448,20230715,  261,    0
  2759,111448,20230716,  239,    0
  2759,111448,20230717,  224,    0
  2759,111448,20230718,  197,    0
  2759,111448,20230719,  204,    0
  2759,111448,20230720,  178,    0
  2759,111448,20230721,  162,    0
  2759,111448,20230722,  177,    0
  2759,111448,20230723,  205,    0
  2759,111448,20230724,  215,    0
  2759,111448,20230725,  179,    0
  2759,111448,20230726,  164,    0
  2759,111448,20230727,  159,    0
  2759,111448,20230728,  193,    0
  2759,111448,20230729,  197,    0
  2759,111448,20230730,  190,    0
  2759,111448,20230731,  181,    0
  2759,111448,20230801,  182,    0
  2759,111448,20230802,  190,    0
  2759,111448,20230803,  190,    0
  2759,111448,20230804,  188,    0
  2759,111448,20230805,  178,    0
  2759,111448,20230806,  162,    0
  2759,111448,20230807,  165,    0
  2759,111448,20230808,  149,    0
  2759,111448,20230809,  159,    0
  2759,111448,20230810,  162,    0
  2759,111448,20230811,  190,    0
  2759,111448,20230812,  222,    0
  2759,111448,20230813,  223,    0
  2759,111448,20230814,  234,    0
  2759,111448,20230815,  244,    0
  2759,111448,20230816,  232,    0
  2759,111448,20230817,  219,    0
  2759,111448,20230818,  244,    0
  2759,111448,20230819,  257,    0
  2759,111448,20230820,  247,    0
  2759,111448,20230821,  231,    0
  2759,111448,20230822,  211,    0
  2759,111448,20230823,  210,    0
  2759,111448,20230824,  228,    0
  2759,111448,20230825,  239,    0
  2759,111448,20230826,  204,    0
  2759,111448,20230827,  174,    0
  2759,111448,20230828,  166,    0
  2759,111448,20230829,  154,    0
  2759,111448,20230830,  166,    0
  2759,111448,20230831,  146,    0
  2759,111448,20230901,  155,    0
  2759,111448,20230902,  166,    0
  2759,111448,20230903,  173,    0
  2759,111448,20230904,  190,    0
  2759,111448,20230905,  215,    0
  2759,111448,20230906,  212,    0
  2759,111448,20230907,  218,    0
  2759,111448,20230908,  216,    0
  2759,111448,20230909,  221,    0
  2759,111448,20230910,  222,    0
  2759,111448,20230911,  230,    0
  2759,111448,20230912,  227,    0
  2759,111448,20230913,  187,    0
  2759,111448,20230914,  153,    0
  2759,111448,20230915,  168,    0
  2759,111448,20230916,  184,    0
  2759,111448,20230917,  204,    0
  2759,111448,20230918,  210,    0
  2759,111448,20230919,  184,    0
  2759,111448,20230920,  193,    0
  2759,111448,20230921,  215,    0
  2759,111448,20230922,  168,    0
  2759,111448,20230923,  151,    0
  2759,111448,20230924,  144,    0
  2759,111448,20230925,  152,    0
  2759,111448,20230926,  174,    0
  2759,111448,20230927,  192,    0
  2759,111448,20230928,  197,    0
  2759,111448,20230929,  191,    0
  2759,111448,20230930,  155,    0
  2759,111448,20231001,  161,    0
  2759,111448,20231002,  201,    0
  2759,111448,20231003,  181,    0
  2759,111448,20231004,  144,    0
  2759,111448,20231005,  129,    0
  2759,111448,20231006,  153,    0
  2759,111448,20231007,  157,    0
  2759,111448,20231008,  121,    0
  2759,111448,20231009,  102,    0
  2759,111448,20231010,  142,    0
  2759,111448,20231011,  190,    0
  2759,111448,20231012,  152,    0
  2759,111448,20231013,  178,    0
  2759,111448,20231014,  145,    0
  2759,111448,20231015,   86,    0
  2759,111448,20231016,   73,    0
  2759,111448,20231017,   68,    0
  2759,111448,20231018,   65,    0
  2759,111448,20231019,   68,    0
  2759,111448,20231020,   60,    0
  2759,111448,20231021,  112,    0
  2759,111448,20231022,  131,    0
  2759,111448,20231023,  109,    0
  2759,111448,20231024,  114,    0
  2759,111448,20231025,  112,    0
  2759,111448,20231026,  100,    0
  2759,111448,20231027,   95,    0
  2759,111448,20231028,  102,    0
  2759,111448,20231029,  121,    0
  2759,111448,20231030,  131,    0
  2759,111448,20231031,  111,    0
  2759,111448,20231101,  107,    0
  2759,111448,20231102,  114,    0
  2759,111448,20231103,   99,    0
  2759,111448,20231104,   89,    0
  2759,111448,20231105,  104,    0
  2759,111448,20231106,  114,    0
  2759,111448,20231107,   99,    0
  2759,111448,20231108,   90,    0
  2759,111448,20231109,   97,    0
  2759,111448,20231110,   90,    0
  2759,111448,20231111,   61,    0
  2759,111448,20231112,   67,    0
  2759,111448,20231113,   72,    0
  2759,111448,20231114,  111,    0
  2759,111448,20231115,   78,    0
  2759,111448,20231116,   66,    0
  2759,111448,20231117,   42,    0
  2759,111448,20231118,   46,    0
  2759,111448,20231119,   81,    0
  2759,111448,20231120,   97,    0
  2759,111448,20231121,   35,    0
  2759,111448,20231122,   -2,    0
  2759,111448,20231123,   72,    0
  2759,111448,20231124,   43,    0
  2759,111448,20231125,   13,    0
  2759,111448,20231126,    0,    0
  2759,111448,20231127,    1,    0
  2759,111448,20231128,  -17,    0
  2759,111448,20231129,  -11,    0
  2759,111448,20231130,  -30,    0
  2759,111448,20231201,  -50,    0
  2759,111448,20231202,  -44,    0
  2759,111448,20231203,  -22,    0
  2759,111448,20231204,  -27,    0
  2759,111448,20231205,  -12,    0
  2759,111448,20231206,    7,    0
  2759,111448,20231207,   13,    0
  2759,111448,20231208,   11,    0
  2759,111448,20231209,   31,    0
  2759,111448,20231210,   56,    0
  2759,111448,20231211,   80,    0
  2759,111448,20231212,   61,    0
  2759,111448,20231213,   46,    0
  2759,111448,20231214,   31,    0
  2759,111448,20231215,   37,    0
  2759,111448,20231216,   78,    0
  2759,111448,20231217,   81,    0
  2759,111448,20231218,   64,    0
  2759,111448,20231219,   64,    0
  2759,111448,20231220,   56,    0
  2759,111448,20231221,   72,    0
  2759,111448,20231222,   36,    0
  2759,111448,20231223,   19,    0
  2759,111448,20231224,   69,    0
  2759,111448,20231225,  103,    0
  2759,111448,20231226,   86,    0
  2759,111448,20231227,   43,    0
  2759,111448,20231228,   86,    0
  2759,111448,20231229,   97,    0
  2759,111448,20231230,   67,    0
  2759,111448,20231231,   63,    0
  2759,111448,20240101,   66,    0
  2759,111448,20240102,   51,    0
  2759,111448,20240103,   98,    0
  2759,111448,20240104,   43,    0
  2759,111448,20240105,    5,    0
  2759,111448,20240106,   -3,    0
  2759,111448,20240107,  -23,    0
  2759,111448,20240108,  -68,    0
  2759,111448,20240109,  -77,    0
  2759,111448,20240110,  -61,    0
  2759,111448,20240111,  -30,    0
  2759,111448,20240112,    1,    0
  2759,111448,20240113,   22,    0
  2759,111448,20240114,   26,    0
  2759,111448,20240115,   15,    0
  2759,111448,20240116,   -8,    0
  2759,111448,20240117,  -23,    0
  2759,111448,20240118,  -20,    0
  2759,111448,20240119,   -6,    0
  2759,111448,20240120,    8,    0
  2759,111448,20240121,   -3,    0
  2759,111448,20240122,   69,    0
  2759,111448,20240123,   61,    0
  2759,111448,20240124,   91,    0
  2759,111448,20240125,   74,    0
  2759,111448,20240126,   52,    0
  2759,111448,20240127,   52,    0
  2759,111448,20240128,   29,    0
  2759,111448,20240129,   42,    0
  2759,111448,20240130,   52,    0
  2759,111448,20240131,   60,    0
  2759,111448,20240201,   64,    0
  2759,111448,20240202,   64,    0
  2759,111448,20240203,   97,    0
  2759,111448,20240204,   76,    0
  2759,111448,20240205,  100,    0
  2759,111448,20240206,  104,    0
  2759,111448,20240207,   46,    0
  2759,111448,20240208,   11,    0
  2759,111448,20240209,   36,    0
  2759,111448,20240210,   99,    0
  2759,111448,20240211,   81,    0
  2759,111448,20240212,   73,    0
  2759,111448,20240213,   58,    0
  2759,111448,20240214,   63,    0
  2759,111448,20240215,  113,    0
  2759,111448,20240216,  121,    0
  2759,111448,20240217,   89,    0
  2759,111448,20240218,   72,    0
  2759,111448,20240219,   81,    0
  2759,111448,20240220,   83,    0
  2759,111448,20240221,   87,    0
  2759,111448,20240222,   99,    0
  2759,111448,20240223,   83,    0
  2759,111448,20240224,   61,    0
  2759,111448,20240225,   61,    0
  2759,111448,20240226,   62,    0
  2759,111448,20240227,   48,    0
  2759,111448,20240228,   30,    0
  2759,111448,20240229,   47,    0
  2759,111448,20240301,   78,    0
  2759,111448,20240302,   94,    0
  2759,111448,20240303,  104,    0
  2759,111448,20240304,   94,    0
  2759,111448,20240305,   46,    0
  2759,111448,20240306,   42,    0
  2759,111448,20240307,   49,    0
  2759,111448,20240308,   37,    0
  2759,111448,20240309,   56,    0
  2759,111448,20240310,   84,    0
  2759,111448,20240311,  104,    0
  2759,111448,20240312,   98,    0
  2759,111448,20240313,  102,    0
  2759,111448,20240314,  112,    0
  2759,111448,20240315,  128,    0
  2759,111448,20240316,   96,    0
  2759,111448,20240317,   47,    0
  2759,111448,20240318,   23,    0
  2759,111448,20240319,   46,    0
  2759,111448,20240320,  109,    0
  2759,111448,20240321,  105,    0
  2759,111448,20240322,   96,    0
  2759,111448,20240323,   60,    0
  2759,111448,20240324,   52,    0
  2759,111448,20240325,   63,    0
  2759,111448,20240326,   82,    0
  2759,111448,20240327,  120,    0
  2759,111448,20240328,  102,    0
  2759,111448,20240329,  108,    0
  2759,111448,20240330,  146,    0
  2759,111448,20240331,  139,    0
  2759,111448,20240401,  133,    0
  2759,111448,20240402,  117,    0
  2759,111448,20240403,  105,    0
  2759,111448,20240404,  122,    0
  2759,111448,20240405,  149,    0
  2759,111448,20240406,  178,    0
  2759,111448,20240407,  191,    0
  2759,111448,20240408,  201,    0
  2759,111448,20240409,  178,    0
  2759,111448,20240410,  119,    0
  2759,111448,20240411,  129,    0
  2759,111448,20240412,  161,    0
  2759,111448,20240413,  178,    0
  2759,111448,20240414,  148,    0
  2759,111448,20240415,  106,    0
  2759,111448,20240416,   69,    0
  2759,111448,20240417,   63,    0
  2759,111448,20240418,   69,    0
  2759,111448,20240419,   65,    0
  2759,111448,20240420,   59,    0
  2759,111448,20240421,   40,    0
  2759,111448,20240422,   26,    0
  2759,111448,20240423,   55,    0
  2759,111448,20240424,   67,    0
  2759,111448,20240425,   61,    0
  2759,111448,20240426,   97,    0
  2759,111448,20240427,  137,    0
  2759,111448,20240428,  171,    0
  2759,111448,20240429,  169,    0
  2759,111448,20240430,  203,    0
  2759,111448,20240501,  211,    0
  2759,111448,20240502,  209,    0
  2759,111448,20240503,  188,    0
  2759,111448,20240504,  162,    0
  2759,111448,20240505,  163,    0
  2759,111448,20240506,  139,    0
  2759,111448,20240507,  117,    0
  2759,111448,20240508,  127,    0
  2759,111448,20240509,  142,    0
  2759,111448,20240510,  170,    0
  2759,111448,20240511,  149,    0
  2759,111448,20240512,  155,    0
  2759,111448,20240513,  174,    0
  2759,111448,20240514,  191,    0
  2759,111448,20240515,  202,    0
  2759,111448,20240516,  203,    0
  2759,111448,20240517,  195,    0
  2759,111448,20240518,  165,    0
  2759,111448,20240519,  167,    0
  2759,111448,20240520,  172,    0
  2759,111448,20240521,  215,    0
  2759,111448,20240522,  203,    0
  2759,111448,20240523,  190,    0
  2759,111448,20240524,  192,    0
  2759,111448,20240525,  187,    0
  2759,111448,20240526,  205,    0
  2759,111448,20240527,  200,    0
  2759,111448,20240528,  165,    0
  2759,111448,20240529,  176,    0
  2759,111448,20240530,  169,    0
  2759,111448,20240531,  182,    0
  2759,111448,20240601,  211,    0
  2759,111448,20240602,  198,    0
  2759,111448,20240603,  145,    0
  2759,111448,20240604,  167,    0
  2759,111448,20240605,  164,    0
  2759,111448,20240606,  160,    0
  2759,111448,20240607,  164,    0
  2759,111448,20240608,  189,    0
  2759,111448,20240609,  160,    0
  2759,111448,20240610,  151,    0
  2759,111448,20240611,  138,    0
  2759,111448,20240612,  135,    0
  2759,111448,20240613,  145,    0
  2759,111448,20240614,  149,    0
  2759,111448,20240615,  175,    0
  2759,111448,20240616,  195,    0
  2759,111448,20240617,  199,    0
  2759,111448,20240618,  205,    0
  2759,111448,20240619,  165,    0
  2759,111448,20240620,  181,    0
  2759,111448,20240621,  211,    0
  2759,111448,20240622,  195,    0
  2759,111448,20240623,  192,    0
  2759,111448,20240624,  199,    0
  2759,111448,20240625,  214,    0
  2759,111448,20240626,  251,    0
  2759,111448,20240627,  250,    0
  2759,111448,20240628,  234,    0
  2759,111448,20240629,  236,    0
  2759,111448,20240630,  220,    0
  2759,111448,20240701,  175,    0
  2759,111448,20240702,  150,    0
  2759,111448,20240703,  154,    0
  2759,111448,20240704,  158,    0
  2759,111448,20240705,  173,    0
  2759,111448,20240706,  221,    0
  2759,111448,20240707,  192,    0
  2759,111448,20240708,  210,    0
  2759,111448,20240709,  258,    0
  2759,111448,20240710,  246,    0
  2759,111448,20240711,  228,    0
  2759,111448,20240712,  208,    0
  2759,111448,20240713,  184,    0
  2759,111448,20240714,  196,    0
  2759,111448,20240715,  231,    0
  2759,111448,20240716,  220,    0
  2759,111448,20240717,  199,    0
  2759,111448,20240718,  209,    0
  2759,111448,20240719,  230,    0
  2759,111448,20240720,  247,    0
  2759,111448,20240721,  253,    0
  2759,111448,20240722,  208,    0
  2759,111448,20240723,  199,    0
  2759,111448,20240724,  196,    0
  2759,111448,20240725,  183,    0
  2759,111448,20240726,  207,    0
  2759,111448,20240727,  201,    0
  2759,111448,20240728,  190,    0
  2759,111448,20240729,  189,    0
  2759,111448,20240730,  208,    0
  2759,111448,20240731,  235,    0
  2759,111448,20240801,  230,    0
  2759,111448,20240802,  197,    0
  2759,111448,20240803,  208,    0
  2759,111448,20240804,  199,    0
  2759,111448,20240805,  185,    0
  2759,111448,20240806,  204,    0
  2759,111448,20240807,  228,    0
  2759,111448,20240808,  202,    0
  2759,111448,20240809,  204,    0
  2759,111448,20240810,  215,    0
  2759,111448,20240811,  213,    0
  2759,111448,20240812,  214,    0
  2759,111448,20240813,  230,    0
  2759,111448,20240814,  247,    0
  2759,111448,20240815,  241,    0
  2759,111448,20240816,  242,    0
  2759,111448,20240817,  235,    0
  2759,111448,20240818,  202,    0
  2759,111448,20240819,  194,    0
  2759,111448,20240820,  210,    0
  2759,111448,20240821,  205,    0
  2759,111448,20240822,  192,    0
  2759,111448,20240823,  238,    0
  2759,111448,20240824,  259,    0
  2759,111448,20240825,  212,    0
  2759,111448,20240826,  190,    0
  2759,111448,20240827,  207,    0
  2759,111448,20240828,  234,    0
  2759,111448,20240829,  270,    0
  2759,111448,20240830,  232,    0
  2759,111448,20240831,  193,    0
  2759,111448,20240901,  197,    0
  2759,111448,20240902,  203,    0
  2759,111448,20240903,  248,    0
  2759,111448,20240904,  267,    0
  2759,111448,20240905,  258,    0
  2759,111448,20240906,  237,    0
  2759,111448,20240907,  240,    0
  2759,111448,20240908,  257,    0
  2759,111448,20240909,  187,    0
  2759,111448,20240910,  168,    0
  2759,111448,20240911,  148,    0
  2759,111448,20240912,  121,    0
  2759,111448,20240913,  124,    0
  2759,111448,20240914,  143,    0
  2759,111448,20240915,  140,    0
  2759,111448,20240916,  154,    0
  2759,111448,20240917,  193,    0
  2759,111448,20240918,  187,    0
  2759,111448,20240919,  186,    0
  2759,111448,20240920,  180,    0
  2759,111448,20240921,  170,    0
  2759,111448,20240922,  170,    0
  2759,111448,20240923,  180,    0
  2759,111448,20240924,  150,    0
  2759,111448,20240925,  154,    0
  2759,111448,20240926,  169,    0
  2759,111448,20240927,  169,    0
  2759,111448,20240928,  125,    0
  2759,111448,20240929,   96,    0
  2759,111448,20240930,  105,    0
  2759,111448,20241001,   97,    0
  2759,111448,20241002,   99,    0
  2759,111448,20241003,  116,    0
  2759,111448,20241004,  116,    0
  2759,111448,20241005,  108,    0
  2759,111448,20241006,   96,    0
  2759,111448,20241007,  118,    0
  2759,111448,20241008,  162,    0
  2759,111448,20241009,  166,    0
  2759,111448,20241010,  153,    0
  2759,111448,20241011,   95,    0
  2759,111448,20241012,   88,    0
  2759,111448,20241013,  105,    0
  2759,111448,20241014,   95,    0
  2759,111448,20241015,   81,    0
  2759,111448,20241016,   96,    0
  2759,111448,20241017,  120,    0
  2759,111448,20241018,  129,    0
  2759,111448,20241019,  140,    0
  2759,111448,20241020,  134,    0
  2759,111448,20241021,  162,    0
  2759,111448,20241022,  131,    0
  2759,111448,20241023,  100,    0
  2759,111448,20241024,   99,    0
  2759,111448,20241025,  117,    0
  2759,111448,20241026,  122,    0
  2759,111448,20241027,  115,    0
  2759,111448,20241028,  118,    0
  2759,111448,20241029,  136,    0
  2759,111448,20241030,  138,    0
  2759,111448,20241031,  122,    0
  2759,111448,20241101,  113,    0
  2759,111448,20241102,   71,    0
  2759,111448,20241103,   50,    0
  2759,111448,20241104,   89,    0
  2759,111448,20241105,   70,    0
  2759,111448,20241106,   40,    0
  2759,111448,20241107,   49,    0
  2759,111448,20241108,   54,    0
  2759,111448,20241109,   39,    0
  2759,111448,20241110,   13,    0
  2759,111448,20241111,   40,    0
  2759,111448,20241112,   42,    0
  2759,111448,20241113,   56,    0
  2759,111448,20241114,   62,    0
  2759,111448,20241115,   78,    0
  2759,111448,20241116,   74,    0
  2759,111448,20241117,   62,    0
  2759,111448,20241118,   51,    0
  2759,111448,20241119,   38,    0
  2759,111448,20241120,   24,    0
  2759,111448,20241121,   13,    0
  2759,111448,20241122,   18,    0
  2759,111448,20241123,   24,    0
  2759,111448,20241124,   89,    0
  2759,111448,20241125,  120,    0
  2759,111448,20241126,   94,    0
  2759,111448,20241127,   71,    0
  2759,111448,20241128,   64,    0
  2759,111448,20241129,   48,    0
  2759,111448,20241130,   30,    0
  2759,111448,20241201,    9,    0
  2759,111448,20241202,   37,    0
  2759,111448,20241203,   61,    0
  2759,111448,20241204,   46,    0
  2759,111448,20241205,   39,    0
  2759,111448,20241206,   51,    0
  2759,111448,20241207,   56,    0
  2759,111448,20241208,   45,    0
  2759,111448,20241209,   36,    0
  2759,111448,20241210,   31,    0
  2759,111448,20241211,   25,    0
  2759,111448,20241212,   21,    0
  2759,111448,20241213,   15,    0
  2759,111448,20241214,    6,    0
  2759,111448,20241215,   58,    0
  2759,111448,20241216,  101,    0
  2759,111448,20241217,   94,    0
  2759,111448,20241218,   92,    0
  2759,111448,20241219,  108,    0
  2759,111448,20241220,   55,    0
  2759,111448,20241221,   48,    0
  2759,111448,20241222,   59,    0
  2759,111448,20241223,   42,    0
  2759,111448,20241224,   35,    0
  2759,111448,20241225,   33,    0
  2759,111448,20241226,   54,    0
  2759,111448,20241227,   18,    0
  2759,111448,20241228,  -13,    0
  2759,111448,20241229,   -9,    0
  2759,111448,20241230,   21,    0
  2759,111448,20241231,   17,    0
  2759,111448,20250101,   55,    0
  2759,111448,20250102,   46,    0
  2759,111448,20250103,   14,    0
  2759,111448,20250104,    0,    0
  2759,111448,20250105,   -8,    0
  2759,111448,20250106,   82,    0
  2759,111448,20250107,   62,    0
  2759,111448,20250108,   21,    0
  2759,111448,20250109,    8,    0
  2759,111448,20250110,   13,    0
  2759,111448,20250111,    7,    0
  2759,111448,20250112,    9,    0
  2759,111448,20250113,  -10,    0
  2759,111448,20250114,    1,    0
  2759,111448,20250115,   45,    0
  2759,111448,20250116,   30,    0
  2759,111448,20250117,    5,    0
  2759,111448,20250118,  -17,    0
  2759,111448,20250119,    3,    0
  2759,111448,20250120,   19,    0
  2759,111448,20250121,  -12,    0
  2759,111448,20250122,    1,    0
  2759,111448,20250123,   26,    0
  2759,111448,20250124,   56,    0
  2759,111448,20250125,   99,    0
  2759,111448,20250126,   69,    0
  2759,111448,20250127,   80,    0
  2759,111448,20250128,   70,    0
  2759,111448,20250129,   71,    0
  2759,111448,20250130,   62,    0
  2759,111448,20250131,   46,    0
  2759,111448,20250201,   31,    0
  2759,111448,20250202,   29,    0
  2759,111448,20250203,   12,    0
  2759,111448,20250204,    1,    0
  2759,111448,20250205,   12,    0
  2759,111448,20250206,   39,    0
  2759,111448,20250207,   24,    0
  2759,111448,20250208,   20,    0
  2759,111448,20250209,    1,    0
  2759,111448,20250210,    3,    0
  2759,111448,20250211,   -4,    0
  2759,111448,20250212,  -27,    0
  2759,111448,20250213,  -13,    0
  2759,111448,20250214,    0,    0
  2759,111448,20250215,  -12,    0
  2759,111448,20250216,  -24,    0
  2759,111448,20250217,  -48,    0
  2759,111448,20250218,  -46,    0
  2759,111448,20250219,  -34,    0
  2759,111448,20250220,   -8,    0
  2759,111448,20250221,   41,    0
  2759,111448,20250222,   54,    0
  2759,111448,20250223,   73,    0
  2759,111448,20250224,   79,    0
  2759,111448,20250225,   95,    0
  2759,111448,20250226,   70,    0
  2759,111448,20250227,   70,    0
  2759,111448,20250228,   39,    0
  2759,111448,20250301,   41,    0
  2759,111448,20250302,   44,    0
  2759,111448,20250303,   67,    0
  2759,111448,20250304,   64,    0
  2759,111448,20250305,   89,    0
  2759,111448,20250306,   92,    0
  2759,111448,20250307,   98,    0
  2759,111448,20250308,  102,    0
  2759,111448,20250309,   94,    0
  2759,111448,20250310,   92,    0
  2759,111448,20250311,   36,    0
  2759,111448,20250312,   56,    0
  2759,111448,20250313,   50,    0
  2759,111448,20250314,   55,    0
  2759,111448,20250315,   41,    0
  2759,111448,20250316,   45,    0
  2759,111448,20250317,   28,    0
  2759,111448,20250318,   29,    0
  2759,111448,20250319,   55,    0
  2759,111448,20250320,   84,    0
  2759,111448,20250321,  104,    0
  2759,111448,20250322,   99,    0
  2759,111448,20250323,  100,    0
  2759,111448,20250324,  109,    0
  2759,111448,20250325,   86,    0
  2759,111448,20250326,   81,    0
  2759,111448,20250327,   53,    0
  2759,111448,20250328,   82,    0
  2759,111448,20250329,   90,    0
  2759,111448,20250330,   62,    0
  2759,111448,20250331,   75,    0
  2759,111448,20250401,   88,    0
  2759,111448,20250402,   86,    0
  2759,111448,20250403,  117,    0
  2759,111448,20250404,  139,    0
  2759,111448,20250405,   66,    0
  2759,111448,20250406,   47,    0
  2759,111448,20250407,   84,    0
  2759,111448,20250408,   89,    0
  2759,111448,20250409,   94,    0
  2759,111448,20250410,   96,    0
  2759,111448,20250411,   99,    0
  2759,111448,20250412,  116,    0
  2759,111448,20250413,  156,    0
  2759,111448,20250414,  157,    0
  2759,111448,20250415,  169,    0
  2759,111448,20250416,  191,    0
  2759,111448,20250417,  189,    0
  2759,111448,20250418,  118,    0
  2759,111448,20250419,   89,    0
  2759,111448,20250420,  125,    0
  2759,111448,20250421,  147,    0
  2759,111448,20250422,  138,    0
  2759,111448,20250423,  138,    0
  2759,111448,20250424,  130,    0
  2759,111448,20250425,  116,    0
  2759,111448,20250426,  102,    0
  2759,111448,20250427,  110,    0
  2759,111448,20250428,  132,    0
  2759,111448,20250429,  157,    0
  2759,111448,20250430,  165,    0
  2759,111448,20250501,  179,    0
  2759,111448,20250502,  194,    0
  2759,111448,20250503,  139,    0
  2759,111448,20250504,  104,    0
  2759,111448,20250505,   86,    0
  2759,111448,20250506,  100,    0
  2759,111448,20250507,  110,    0
  2759,111448,20250508,  110,    0
  2759,111448,20250509,  135,    0
  2759,111448,20250510,  137,    0
  2759,111448,20250511,  121,    0
  2759,111448,20250512,  116,    0
  2759,111448,20250513,  142,    0
  2759,111448,20250514,  170,    0
  2759,111448,20250515,  114,    0
  2759,111448,20250516,  118,    0
  2759,111448,20250517,  115,    0
  2759,111448,20250518,  112,    0
  2759,111448,20250519,  125,    0
  2759,111448,20250520,  176,    0
  2759,111448,20250521,  175,    0
  2759,111448,20250522,  111,    0
  2759,111448,20250523,   90,    0
  2759,111448,20250524,  125,    0
  2759,111448,20250525,  138,    0
  2759,111448,20250526,  156,    0
  2759,111448,20250527,  169,    0
  2759,111448,20250528,  160,    0
  2759,111448,20250529,  153,    0
  2759,111448,20250530,  193,    0
  2759,111448,20250531,  203,    0
  2759,111448,20250601,  207,    0
  2759,111448,20250602,  181,    0
  2759,111448,20250603,  194,    0
  2759,111448,20250604,  206,    0
  2759,111448,20250605,  188,    0
  2759,111448,20250606,  186,    0
  2759,111448,20250607,  173,    0
  2759,111448,20250608,  151,    0
  2759,111448,20250609,  146,    0
  2759,111448,20250610,  151,    0
  2759,111448,20250611,  159,    0
  2759,111448,20250612,  174,    0
  2759,111448,20250613,  188,    0
  2759,111448,20250614,  224,    0
  2759,111448,20250615,  226,    0
  2759,111448,20250616,  185,    0
  2759,111448,20250617,  206,    0
  2759,111448,20250618,  225,    0
  2759,111448,20250619,  185,    0
  2759,111448,20250620,  179,    0
  2759,111448,20250621,  218,    0
  2759,111448,20250622,  265,    0
  2759,111448,20250623,  219,    0
  2759,111448,20250624,  189,    0
  2759,111448,20250625,  208,    0
  2759,111448,20250626,  226,    0
  2759,111448,20250627,  192,    0
  2759,111448,20250628,  228,    0
  2759,111448,20250629,  239,    0
  2759,111448,20250630,  200,    0
  2759,111448,20250701,  246,    0
  2759,111448,20250702,  292,    0
  2759,111448,20250703,  217,    0
  2759,111448,20250704,  189,    0
  2759,111448,20250705,  224,    0
  2759,111448,20250706,  235,    0
  2759,111448,20250707,  188,    0
  2759,111448,20250708,  174,    0
  2759,111448,20250709,  177,    0
  2759,111448,20250710,  176,    0
  2759,111448,20250711,  176,    0
  2759,111448,20250712,  162,    0
  2759,111448,20250713,  190,    0
  2759,111448,20250714,  219,    0
  2759,111448,20250715,  184,    0
  2759,111448,20250716,  175,    0
  2759,111448,20250717,  167,    0
  2759,111448,20250718,  203,    0
  2759,111448,20250719,  229,    0
  2759,111448,20250720,  249,    0
  2759,111448,20250721,  198,    0
  2759,111448,20250722,  180,    0
  2759,111448,20250723,  182,    0
  2759,111448,20250724,  196,    0
  2759,111448,20250725,  202,    0
  2759,111448,20250726,  187,    0
  2759,111448,20250727,  205,    0
  2759,111448,20250728,  198,    0
  2759,111448,20250729,  176,    0
  2759,111448,20250730,  182,    0
  2759,111448,20250731,  166,    0
  2759,111448,20250801,  179,    0
  2759,111448,20250802,  187,    0
  2759,111448,20250803,  166,    0
  2759,111448,20250804,  186,    0
  2759,111448,20250805,  178,    0
  2759,111448,20250806,  170,    0
  2759,111448,20250807,  196,    0
  2759,111448,20250808,  221,    0
  2759,111448,20250809,  230,    0
  2759,111448,20250810,  196,    0
  2759,111448,20250811,  194,    0
  2759,111448,20250812,  222,    0
  2759,111448,20250813,  238,    0
  2759,111448,20250814,  257,    0
  2759,111448,20250815,  266,    0
  2759,111448,20250816,  201,    0
  2759,111448,20250817,  173,    0
  2759,111448,20250818,  186,    0
  2759,111448,20250819,  203,    0
  2759,111448,20250820,  190,    0
  2759,111448,20250821,  175,    0
  2759,111448,20250822,  153,    0
  2759,111448,20250823,  137,    0
  2759,111448,20250824,  147,    0
  2759,111448,20250825,  146,    0
  2759,111448,20250826,  167,    0
  2759,111448,20250827,  216,    0
  2759,111448,20250828,  190,    0
  2759,111448,20250829,  184,    0
  2759,111448,20250830,  187,    0
  2759,111448,20250831,  191,    0
  2759,111448,20250901,  211,    0
  2759,111448,20250902,  181,    0
  2759,111448,20250903,  195,    0
  2759,111448,20250904,  218,    0
  2759,111448,20250905,  185,    0
  2759,111448,20250906,  170,    0
  2759,111448,20250907,  166,    0
  2759,111448,20250908,  174,    0
  2759,111448,20250909,  190,    0
  2759,111448,20250910,  189,    0
  2759,111448,20250911,  171,    0
  2759,111448,20250912,  157,    0
  2759,111448,20250913,  155,    0
  2759,111448,20250914,  156,    0
  2759,111448,20250915,  164,    0
  2759,111448,20250916,  158,    0
  2759,111448,20250917,  154,    0
  2759,111448,20250918,  177,    0
  2759,111448,20250919,  200,    0
  2759,111448,20250920,  215,    0
  2759,111448,20250921,  197,    0
  2759,111448,20250922,  128,    0
  2759,111448,20250923,  111,    0
  2759,111448,20250924,  119,    0
  2759,111448,20250925,  120,    0
  2759,111448,20250926,  131,    0
  2759,111448,20250927,  139,    0
  2759,111448,20250928,  126,    0
  2759,111448,20250929,  112,    0
  2759,111448,20250930,   89,    0
  2759,111448,20251001,   87,    0
  2759,111448,20251002,   84,    0
  2759,111448,20251003,   90,    0
  2759,111448,20251004,   94,    0
  2759,111448,20251005,  118,    0
  2759,111448,20251006,  123,    0
  2759,111448,20251007,  127,    0
  2759,111448,20251008,  141,    0
  2759,111448,20251009,  134,    0
  2759,111448,20251010,  136,    0
  2759,111448,20251011,  146,    0
  2759,111448,20251012,  128,    0
  2759,111448,20251013,  115,    0
  2759,111448,20251014,  101,    0
  2759,111448,20251015,  117,    0
  2759,111448,20251016,  116,    0
  2759,111448,20251017,  110,    0
  2759,111448,20251018,   64,    0
  2759,111448,20251019,   53,    0
  2759,111448,20251020,   86,    0
  2759,111448,20251021,  128,    0
  2759,111448,20251022,  124,    0
  2759,111448,20251023,  129,    0
  2759,111448,20251024,  109,    0
  2759,111448,20251025,   95,    0
  2759,111448,20251026,   78,    0
  2759,111448,20251027,   77,    0
  2759,111448,20251028,   89,    0
  2759,111448,20251029,  104,    0
  2759,111448,20251030,  103,    0
  2759,111448,20251031,   85,    0
  2759,111448,20251101,  109,    0
  2759,111448,20251102,  115,    0
  2759,111448,20251103,  103,    0
  2759,111448,20251104,  107,    0
  2759,111448,20251105,  102,    0
  2759,111448,20251106,   93,    0
  2759,111448,20251107,   79,    0
  2759,111448,20251108,   40,    0
  2759,111448,20251109,   54,    0
  2759,111448,20251110,   81,    0
  2759,111448,20251111,   72,    0
  2759,111448,20251112,   80,    0
  2759,111448,20251113,  117,    0
  2759,111448,20251114,  103,    0
  2759,111448,20251115,   55,    0
  2759,111448,20251116,   67,    0
  2759,111448,20251117,   35,    0
  2759,111448,20251118,   37,    0
  2759,111448,20251119,   33,    0
  2759,111448,20251120,   20,    0
  2759,111448,20251121,   -9,    0
  2759,111448,20251122,  -15,    0
  2759,111448,20251123,  -29,    0
  2759,111448,20251124,    4,    0
  2759,111448,20251125,   23,    0
  2759,111448,20251126,   22,    0
  2759,111448,20251127,   33,    0
  2759,111448,20251128,   55,    0
  2759,111448,20251129,   62,    0
  2759,111448,20251130,   66,    0
  2759,111448,20251201,   38,    0
  2759,111448,20251202,   15,    0
  2759,111448,20251203,   25,    0
  2759,111448,20251204,   24,    0
  2759,111448,20251205,   34,    0
  2759,111448,20251206,   30,    0
  2759,111448,20251207,   65,    0
  2759,111448,20251208,  106,    0
  2759,111448,20251209,  112,    0
  2759,111448,20251210,  109,    0
  2759,111448,20251211,   95,    0
  2759,111448,20251212,   47,    0
  2759,111448,20251213,   65,    0
  2759,111448,20251214,   59,    0
  2759,111448,20251215,   55,    0
  2759,111448,20251216,   24,    0
  2759,111448,20251217,   16,    0
  2759,111448,20251218,   64,    0
  2759,111448,20251219,   67,    0
  2759,111448,20251220,   67,    0
  2759,111448,20251221,   61,    0
  2759,111448,20251222,   25,    0
  2759,111448,20251223,   20,    0
  2759,111448,20251224,  -29,    0
  2759,111448,20251225,  -72,    0
  2759,111448,20251226,  -39,    0
  2759,111448,20251227,    7,    0
  2759,111448,20251228,    1,    0
  2759,111448,20251229,   25,    0
  2759,111448,20251230,   -1,    0
  2759,111448,20251231,    6,    0
  2759,111448,20260101,   34,    0
  2759,111448,20260102,   20,    0
  2759,111448,20260103,    0,    0
  2759,111448,20260104,  -13,    0
  2759,111448,20260105,  -14,    0
  2759,111448,20260106,  -52,    0
  2759,111448,20260107,  -53,    0
  2759,111448,20260108,  -62,    0
  2759,111448,20260109,  -59,    0
  2759,111448,20260110,  -45,    0
  2759,111448,20260111,  -56,    0
  2759,111448,20260112,  -60,    0
  2759,111448,20260113,   16,    0
  2759,111448,20260114,   36,    0
  2759,111448,20260115,   30,    0
  2759,111448,20260116,   44,    0
  2759,111448,20260117,   15,    0
  2759,111448,20260118,   15,    0
  2759,111448,20260119,    4,    0
  2759,111448,20260120,  -15,    0
  2759,111448,20260121,  -31,    0
  2759,111448,20260122,  -40,    0
  2759,111448,20260123,  -61,    0
  2759,111448,20260124,  -32,    0
  2759,111448,20260125,  -26,    0
  2759,111448,20260126,   -5,    0
  2759,111448,20260127,   -6,    0
  2759,111448,20260128,   -7,    0
  2759,111448,20260129,  -16,    0
  2759,111448,20260130,  -28,    0
  2759,111448,20260131,  -49,    0
  2759,111448,20260201,  -69,    0
  2759,111448,20260202,  -81,    0
  2759,111448,20260203,  -62,    0
  2759,111448,20260204,  -57,    0
  2759,111448,20260205,  -30,    0
  2759,111448,20260206,    4,    0
  2759,111448,20260207,   14,    0
  2759,111448,20260208,    4,    0
  2759,111448,20260209,    1,    0
  2759,111448,20260210,   15,    0
  2759,111448,20260211,   47,    0
  2759,111448,20260212,   63,    0
  2759,111448,20260213,   12,    0
  2759,111448,20260214,    0,    0
  2759,111448,20260215,  -18,    0
  2759,111448,20260216,  -39,    0
  2759,111448,20260217,  -25,    0
  2759,111448,20260218,  -26,    0
  2759,111448,20260219,  -42,    0
  2759,111448,20260220,  -30,    0
  2759,111448,20260221,   52,    0
  2759,111448,20260222,   89,    0
  2759,111448,20260223,   78,    0
  2759,111448,20260224,   63,    0
  2759,111448,20260225,   49,    0
  2759,111448,20260226,   81,    0
  2759,111448,20260227,  123,    0
  2759,111448,20260228,  132,    0
  2759,111448,20260301,   83,    0
  2759,111448,20260302,   81,    0
  2759,111448,20260303,   82,    0
  2759,111448,20260304,   65,    0
  2759,111448,20260305,   62,    0
  2759,111448,20260306,   77,    0
  2759,111448,20260307,   90,    0
  2759,111448,20260308,   93,    0
  2759,111448,20260309,   90,    0
  2759,111448,20260310,   98,    0
  2759,111448,20260311,  116,    0
  2759,111448,20260312,   98,    0
  2759,111448,20260313,  107,    0
  2759,111448,20260314,   99,    0
  2759,111448,20260315,   59,    0
  2759,111448,20260316,   46,    0
  2759,111448,20260317,   57,    0
  2759,111448,20260318,   71,    0
  2759,111448,20260319,   86,    0
  2759,111448,20260320,   79,    0
  2759,111448,20260321,   67,    0
  2759,111448,20260322,   79,    0
  2759,111448,20260323,   94,    0
  2759,111448,20260324,  108,    0
  2759,111448,20260325,   96,    0
  2759,111448,20260326,   47,    0
  2759,111448,20260327,   40,    0
  2759,111448,20260328,   51,    0
  2759,111448,20260329,   58,    0
  2759,111448,20260330,   51,    0
  2759,111448,20260331,   55,    0
  2759,111448,20260401,   56,    0
  2759,111448,20260402,   71,    0
  2759,111448,20260403,   78,    0
  2759,111448,20260404,  115,    0
  2759,111448,20260405,  121,    0
  2759,111448,20260406,   89,    0
  2759,111448,20260407,   69,    0
  2759,111448,20260408,   77,    0
  2759,111448,20260409,   52,    0
  2759,111448,20260410,   45,    0
  2759,111448,20260411,   74,    0
  2759,111448,20260412,   83,    0
  2759,111448,20260413,  112,    0
  2759,111448,20260414,  105,    0
  2759,111448,20260415,  104,    0
  2759,111448,20260416,  137,    0
  2759,111448,20260417,  139,    0
  2759,111448,20260418,  149,    0
  2759,111448,20260419,  106,    0
  2759,111448,20260420,   71,    0
  2759,111448,20260421,   78,    0
  2759,111448,20260422,  104,    0
  2759,111448,20260423,  105,    0
  2759,111448,20260424,  101,    0
  2759,111448,20260425,  103,    0
  2759,111448,20260426,   93,    0
  2759,111448,20260427,  106,    0
  2759,111448,20260428,   95,    0
  2759,111448,20260429,   86,    0
  2759,111448,20260430,  118,    0
  2759,111448,20260501,  153,    0
  2759,111448,20260502,  181,    0
  2759,111448,20260503,  212,    0
  2759,111448,20260504,  190,    0
  2759,111448,20260505,  156,    0
  2759,111448,20260506,  114,    0
  2759,111448,20260507,   84,    0
  2759,111448,20260508,  105,    0
  2759,111448,20260509,  121,    0
  2759,111448,20260510,  144,    0
  2759,111448,20260511,  123,    0
  2759,111448,20260512,   80,    0
  2759,111448,20260513,   89,    0
  2759,111448,20260514,   98,    0
  2759,111448,20260515,  108,    0
  2759,111448,20260516,  106,    0
  2759,111448,20260517,  127,    0
  2759,111448,20260518,  140,    0
  2759,111448,20260519,  147,    0
  2759,111448,20260520,  159,    0
  2759,111448,20260521,  164,    0
  2759,111448,20260522,  178,    0
  2759,111448,20260523,  207,    0
  2759,111448,20260524,  217,    0
  2759,111448,20260525,  198,    0
  2759,111448,20260526,  232,    0
  2759,111448,20260527,  185,    0
  2759,111448,20260528,  157,    0
  2759,111448,20260529,  197,    0
  2759,111448,20260530,  198,    0
  2759,111448,20260531,  173,    0
  2759,111448,20260601,  173,    0
  2759,111448,20260602,  209,    0
  2759,111448,20260603,  182,    0
  2759,111448,20260604,  186,    0
  2759,111448,20260605,  173,    0
  2759,111448,20260606,  189,    0
  2759,111448,20260607,  179,    0
  2759,111448,20260608,  199,    0
  2759,111448,20260609,  180,    0
  2759,111448,20260610,  155,    0
  2759,111448,20260611,  155,    0
  2759,111448,20260612,  148,    0
  2759,111448,20260613,  158,    0
  2759,111448,20260614,  141,    0
  2759,111448,20260615,  150,    0
  2759,111448,20260616,  164,    0
  2759,111448,20260617,  192,    0
  2759,111448,20260618,  240,    0
  2759,111448,20260619,  263,    0
  2759,111448,20260620,  244,    0
  2759,111448,20260621,  232,    0
  2759,111448,20260622,  226,    0
  2759,111448,20260623,  222,    0
  2759,111448,20260624,  253,    0
  2759,111448,20260625,  279,    0
  2759,111448,20260626,  269,    0
  2759,111448,20260627,  314,    0
  2759,111448,20260628,  317,    0
  2759,111448,20260629,  237,    0
  2759,111448,20260630,  230,    0
  2759,111448,20260701,  210,    0
  2759,111448,20260702,  210,    0
  2759,111448,20260703,  181,    0
  2759,111448,20260704,  157,    0
  2759,111448,20260705,  189,    0
  2759,111448,20260706,  172,    0
  2759,111448,20260707,  190,    0
  2759,111448,20260708,  175,    0
  2759,111448,20260709,  180,    0
  2759,111448,20260710,  208,    0
  2759,111448,20260711,  213,    0
  2759,111448,20260712,  241,    0
  2759,111448,20260713,  229,    0
  2759,111448,20260714,  206,    0
  2759,111448,20260715,  215,    0
  2759,111448,20260716,  235,    0
  2759,111448,20260717,  226,    0
  2759,111448,20260718,  201,    0
  2759,111448,20260719,  168,    0
  2759,111448,20260720,  161,    0
  2759,111448,20260721,  184,    0
  2759,111448,20260722,  164,    0
  2759,111448,20260723,  164,    0
  2759,111448,20260724,  170,    0
  2759,111448,20260725,  212,    0
  2759,111448,20260726,  206,    0
  2759,111448,20260727,  183,    0
  2759,111448,20260728,  187,    0
  2759,111448,20260729,  235,    0
  2759,111448,20260730,  284,    0
  2759,111448,20260731,  247,    0
