EUROPEAN CLIMATE ASSESSMENT & DATASET (ECA&D), file created on 13-08-2026
THESE DATA CAN BE USED FREELY PROVIDED THAT THE FOLLOWING SOURCE IS ACKNOWLEDGED:

Klein Tank, A.M.G. and Coauthors, 2002. Daily dataset of 20th-century surface
air temperature and precipitation series for the European Climate Assessment.
Int. J. of Climatol., 22, 1441-1453.
Data and metadata available at http://www.ecad.eu

FILE FORMAT (MISSING VALUE CODE IS -9999):

01-06 STAID: Station identifier
08-13 SOUID: Source identifier
15-22 DATE : Date YYYYMMDD
24-28 TN   : minimum temperature in 0.1 &#176;C
30-34 Q_TN : Quality code for TN (0='valid'; 1='suspect'; 9='missing')

This is the series (SOUID: 111449) of GERMANY, BERLIN-TEMPELHOF (STAID: 2759)
See file sources.txt for more info.



 STAID, SOUID,    DATE,   TN, Q_TN
  2759,111449,20150101,   23,    0
  2759,111449,20150102,   30,    0
  2759,111449,20150103,   34,    0
  2759,111449,20150104,   16,    0
  2759,111449,20150105,   21,    0
  2759,111449,20150106,   -6,    0
  2759,111449,20150107,   -8,    0
  2759,111449,20150108,    7,    0
  2759,111449,20150109,   51,    0
  2759,111449,20150110,   51,    0
  2759,111449,20150111,   19,    0
  2759,111449,20150112,   37,    0
  2759,111449,20150113,   77,    0
  2759,111449,20150114,   38,    0
  2759,111449,20150115,    8,    0
  2759,111449,20150116,   53,    0
  2759,111449,20150117,  -11,    0
  2759,111449,20150118,  -23,    0
  2759,111449,20150119,  -37,    0
  2759,111449,20150120,    6,    0
  2759,111449,20150121,  -13,    0
  2759,111449,20150122,  -21,    0
  2759,111449,20150123,   -3,    0
  2759,111449,20150124,  -13,    0
  2759,111449,20150125,    5,    0
  2759,111449,20150126,    8,    0
  2759,111449,20150127,    4,    0
  2759,111449,20150128,    5,    0
  2759,111449,20150129,    3,    0
  2759,111449,20150130,    2,    0
  2759,111449,20150131,   -5,    0
  2759,111449,20150201,   -8,    0
  2759,111449,20150202,   -5,    0
  2759,111449,20150203,  -15,    0
  2759,111449,20150204,  -20,    0
  2759,111449,20150205,  -33,    0
  2759,111449,20150206,  -50,    0
  2759,111449,20150207,  -56,    0
  2759,111449,20150208,   -3,    0
  2759,111449,20150209,    2,    0
  2759,111449,20150210,   49,    0
  2759,111449,20150211,   32,    0
  2759,111449,20150212,  -27,    0
  2759,111449,20150213,  -28,    0
  2759,111449,20150214,  -29,    0
  2759,111449,20150215,  -20,    0
  2759,111449,20150216,  -16,    0
  2759,111449,20150217,  -27,    0
  2759,111449,20150218,   12,    0
  2759,111449,20150219,   -4,    0
  2759,111449,20150220,  -27,    0
  2759,111449,20150221,   16,    0
  2759,111449,20150222,   -7,    0
  2759,111449,20150223,  -11,    0
  2759,111449,20150224,    5,    0
  2759,111449,20150225,  -12,    0
  2759,111449,20150226,  -29,    0
  2759,111449,20150227,  -13,    0
  2759,111449,20150228,    1,    0
  2759,111449,20150301,   -3,    0
  2759,111449,20150302,   11,    0
  2759,111449,20150303,   16,    0
  2759,111449,20150304,   10,    0
  2759,111449,20150305,   20,    0
  2759,111449,20150306,    6,    0
  2759,111449,20150307,   35,    0
  2759,111449,20150308,   54,    0
  2759,111449,20150309,   53,    0
  2759,111449,20150310,   25,    0
  2759,111449,20150311,   21,    0
  2759,111449,20150312,   -1,    0
  2759,111449,20150313,  -22,    0
  2759,111449,20150314,   28,    0
  2759,111449,20150315,   40,    0
  2759,111449,20150316,   38,    0
  2759,111449,20150317,   60,    0
  2759,111449,20150318,   33,    0
  2759,111449,20150319,   14,    0
  2759,111449,20150320,   -9,    0
  2759,111449,20150321,    7,    0
  2759,111449,20150322,  -19,    0
  2759,111449,20150323,   -9,    0
  2759,111449,20150324,   31,    0
  2759,111449,20150325,   14,    0
  2759,111449,20150326,   61,    0
  2759,111449,20150327,   58,    0
  2759,111449,20150328,   59,    0
  2759,111449,20150329,   59,    0
  2759,111449,20150330,   40,    0
  2759,111449,20150331,    5,    0
  2759,111449,20150401,   23,    0
  2759,111449,20150402,    8,    0
  2759,111449,20150403,   16,    0
  2759,111449,20150404,    1,    0
  2759,111449,20150405,  -11,    0
  2759,111449,20150406,   14,    0
  2759,111449,20150407,   -5,    0
  2759,111449,20150408,   57,    0
  2759,111449,20150409,   29,    0
  2759,111449,20150410,   45,    0
  2759,111449,20150411,   85,    0
  2759,111449,20150412,   60,    0
  2759,111449,20150413,   47,    0
  2759,111449,20150414,   26,    0
  2759,111449,20150415,  104,    0
  2759,111449,20150416,   55,    0
  2759,111449,20150417,   39,    0
  2759,111449,20150418,   10,    0
  2759,111449,20150419,   20,    0
  2759,111449,20150420,   43,    0
  2759,111449,20150421,   62,    0
  2759,111449,20150422,   56,    0
  2759,111449,20150423,   39,    0
  2759,111449,20150424,   63,    0
  2759,111449,20150425,   92,    0
  2759,111449,20150426,   84,    0
  2759,111449,20150427,   70,    0
  2759,111449,20150428,   53,    0
  2759,111449,20150429,   30,    0
  2759,111449,20150430,   58,    0
  2759,111449,20150501,   53,    0
  2759,111449,20150502,   35,    0
  2759,111449,20150503,   31,    0
  2759,111449,20150504,  136,    0
  2759,111449,20150505,  139,    0
  2759,111449,20150506,   94,    0
  2759,111449,20150507,   78,    0
  2759,111449,20150508,   66,    0
  2759,111449,20150509,  113,    0
  2759,111449,20150510,   64,    0
  2759,111449,20150511,   41,    0
  2759,111449,20150512,  100,    0
  2759,111449,20150513,   82,    0
  2759,111449,20150514,   61,    0
  2759,111449,20150515,   45,    0
  2759,111449,20150516,   54,    0
  2759,111449,20150517,   69,    0
  2759,111449,20150518,   68,    0
  2759,111449,20150519,   99,    0
  2759,111449,20150520,   86,    0
  2759,111449,20150521,   72,    0
  2759,111449,20150522,   62,    0
  2759,111449,20150523,   85,    0
  2759,111449,20150524,   60,    0
  2759,111449,20150525,  103,    0
  2759,111449,20150526,   90,    0
  2759,111449,20150527,   69,    0
  2759,111449,20150528,   70,    0
  2759,111449,20150529,  105,    0
  2759,111449,20150530,   84,    0
  2759,111449,20150531,   59,    0
  2759,111449,20150601,  108,    0
  2759,111449,20150602,  113,    0
  2759,111449,20150603,  112,    0
  2759,111449,20150604,   90,    0
  2759,111449,20150605,  106,    0
  2759,111449,20150606,  172,    0
  2759,111449,20150607,  144,    0
  2759,111449,20150608,  112,    0
  2759,111449,20150609,   90,    0
  2759,111449,20150610,  119,    0
  2759,111449,20150611,   98,    0
  2759,111449,20150612,  139,    0
  2759,111449,20150613,  155,    0
  2759,111449,20150614,  151,    0
  2759,111449,20150615,  100,    0
  2759,111449,20150616,   68,    0
  2759,111449,20150617,   73,    0
  2759,111449,20150618,  124,    0
  2759,111449,20150619,  113,    0
  2759,111449,20150620,  110,    0
  2759,111449,20150621,  113,    0
  2759,111449,20150622,  122,    0
  2759,111449,20150623,  107,    0
  2759,111449,20150624,  103,    0
  2759,111449,20150625,  116,    0
  2759,111449,20150626,  157,    0
  2759,111449,20150627,  159,    0
  2759,111449,20150628,  140,    0
  2759,111449,20150629,  153,    0
  2759,111449,20150630,  161,    0
  2759,111449,20150701,  134,    0
  2759,111449,20150702,  163,    0
  2759,111449,20150703,  178,    0
  2759,111449,20150704,  215,    0
  2759,111449,20150705,  208,    0
  2759,111449,20150706,  169,    0
  2759,111449,20150707,  148,    0
  2759,111449,20150708,  171,    0
  2759,111449,20150709,  124,    0
  2759,111449,20150710,  115,    0
  2759,111449,20150711,  101,    0
  2759,111449,20150712,  134,    0
  2759,111449,20150713,  152,    0
  2759,111449,20150714,  154,    0
  2759,111449,20150715,  151,    0
  2759,111449,20150716,  160,    0
  2759,111449,20150717,  154,    0
  2759,111449,20150718,  180,    0
  2759,111449,20150719,  154,    0
  2759,111449,20150720,  148,    0
  2759,111449,20150721,  176,    0
  2759,111449,20150722,  185,    0
  2759,111449,20150723,  158,    0
  2759,111449,20150724,  148,    0
  2759,111449,20150725,  131,    0
  2759,111449,20150726,  131,    0
  2759,111449,20150727,  138,    0
  2759,111449,20150728,  150,    0
  2759,111449,20150729,  134,    0
  2759,111449,20150730,  127,    0
  2759,111449,20150731,   87,    0
  2759,111449,20150801,   78,    0
  2759,111449,20150802,  144,    0
  2759,111449,20150803,  147,    0
  2759,111449,20150804,  179,    0
  2759,111449,20150805,  175,    0
  2759,111449,20150806,  164,    0
  2759,111449,20150807,  194,    0
  2759,111449,20150808,  198,    0
  2759,111449,20150809,  174,    0
  2759,111449,20150810,  171,    0
  2759,111449,20150811,  204,    0
  2759,111449,20150812,  188,    0
  2759,111449,20150813,  186,    0
  2759,111449,20150814,  198,    0
  2759,111449,20150815,  206,    0
  2759,111449,20150816,  191,    0
  2759,111449,20150817,  198,    0
  2759,111449,20150818,  166,    0
  2759,111449,20150819,  150,    0
  2759,111449,20150820,  117,    0
  2759,111449,20150821,  126,    0
  2759,111449,20150822,  139,    0
  2759,111449,20150823,  145,    0
  2759,111449,20150824,  160,    0
  2759,111449,20150825,  152,    0
  2759,111449,20150826,  139,    0
  2759,111449,20150827,  166,    0
  2759,111449,20150828,  143,    0
  2759,111449,20150829,  118,    0
  2759,111449,20150830,  144,    0
  2759,111449,20150831,  186,    0
  2759,111449,20150901,  157,    0
  2759,111449,20150902,  115,    0
  2759,111449,20150903,  106,    0
  2759,111449,20150904,  107,    0
  2759,111449,20150905,  114,    0
  2759,111449,20150906,  112,    0
  2759,111449,20150907,  102,    0
  2759,111449,20150908,   87,    0
  2759,111449,20150909,   75,    0
  2759,111449,20150910,   95,    0
  2759,111449,20150911,  114,    0
  2759,111449,20150912,  118,    0
  2759,111449,20150913,  148,    0
  2759,111449,20150914,  141,    0
  2759,111449,20150915,  121,    0
  2759,111449,20150916,   95,    0
  2759,111449,20150917,  140,    0
  2759,111449,20150918,  115,    0
  2759,111449,20150919,  104,    0
  2759,111449,20150920,  104,    0
  2759,111449,20150921,   94,    0
  2759,111449,20150922,  104,    0
  2759,111449,20150923,  108,    0
  2759,111449,20150924,   84,    0
  2759,111449,20150925,   92,    0
  2759,111449,20150926,   79,    0
  2759,111449,20150927,   65,    0
  2759,111449,20150928,   57,    0
  2759,111449,20150929,   53,    0
  2759,111449,20150930,   54,    0
  2759,111449,20151001,   39,    0
  2759,111449,20151002,   31,    0
  2759,111449,20151003,   48,    0
  2759,111449,20151004,  109,    0
  2759,111449,20151005,   75,    0
  2759,111449,20151006,  104,    0
  2759,111449,20151007,   89,    0
  2759,111449,20151008,   69,    0
  2759,111449,20151009,   52,    0
  2759,111449,20151010,   24,    0
  2759,111449,20151011,    8,    0
  2759,111449,20151012,    0,    0
  2759,111449,20151013,   35,    0
  2759,111449,20151014,   34,    0
  2759,111449,20151015,   55,    0
  2759,111449,20151016,   72,    0
  2759,111449,20151017,   76,    0
  2759,111449,20151018,   66,    0
  2759,111449,20151019,   76,    0
  2759,111449,20151020,   85,    0
  2759,111449,20151021,   80,    0
  2759,111449,20151022,   70,    0
  2759,111449,20151023,   72,    0
  2759,111449,20151024,   37,    0
  2759,111449,20151025,   66,    0
  2759,111449,20151026,   19,    0
  2759,111449,20151027,   33,    0
  2759,111449,20151028,   45,    0
  2759,111449,20151029,   35,    0
  2759,111449,20151030,   44,    0
  2759,111449,20151031,   79,    0
  2759,111449,20151101,   40,    0
  2759,111449,20151102,    5,    0
  2759,111449,20151103,    1,    0
  2759,111449,20151104,  -16,    0
  2759,111449,20151105,   52,    0
  2759,111449,20151106,   69,    0
  2759,111449,20151107,  124,    0
  2759,111449,20151108,   90,    0
  2759,111449,20151109,   96,    0
  2759,111449,20151110,  126,    0
  2759,111449,20151111,  120,    0
  2759,111449,20151112,   83,    0
  2759,111449,20151113,   67,    0
  2759,111449,20151114,   65,    0
  2759,111449,20151115,   63,    0
  2759,111449,20151116,   85,    0
  2759,111449,20151117,   99,    0
  2759,111449,20151118,   98,    0
  2759,111449,20151119,   85,    0
  2759,111449,20151120,   55,    0
  2759,111449,20151121,   29,    0
  2759,111449,20151122,  -15,    0
  2759,111449,20151123,  -10,    0
  2759,111449,20151124,  -10,    0
  2759,111449,20151125,   18,    0
  2759,111449,20151126,   22,    0
  2759,111449,20151127,   -9,    0
  2759,111449,20151128,  -18,    0
  2759,111449,20151129,   16,    0
  2759,111449,20151130,   31,    0
  2759,111449,20151201,   43,    0
  2759,111449,20151202,   51,    0
  2759,111449,20151203,   42,    0
  2759,111449,20151204,   41,    0
  2759,111449,20151205,   45,    0
  2759,111449,20151206,   68,    0
  2759,111449,20151207,   92,    0
  2759,111449,20151208,   43,    0
  2759,111449,20151209,   35,    0
  2759,111449,20151210,   10,    0
  2759,111449,20151211,   20,    0
  2759,111449,20151212,   39,    0
  2759,111449,20151213,    9,    0
  2759,111449,20151214,  -16,    0
  2759,111449,20151215,   32,    0
  2759,111449,20151216,   46,    0
  2759,111449,20151217,   76,    0
  2759,111449,20151218,   93,    0
  2759,111449,20151219,   76,    0
  2759,111449,20151220,   66,    0
  2759,111449,20151221,   89,    0
  2759,111449,20151222,   90,    0
  2759,111449,20151223,   60,    0
  2759,111449,20151224,   32,    0
  2759,111449,20151225,   79,    0
  2759,111449,20151226,   91,    0
  2759,111449,20151227,   91,    0
  2759,111449,20151228,   45,    0
  2759,111449,20151229,   18,    0
  2759,111449,20151230,  -16,    0
  2759,111449,20151231,  -25,    0
  2759,111449,20160101,    6,    0
  2759,111449,20160102,  -79,    0
  2759,111449,20160103, -114,    0
  2759,111449,20160104, -113,    0
  2759,111449,20160105,  -93,    0
  2759,111449,20160106,  -88,    0
  2759,111449,20160107,  -80,    0
  2759,111449,20160108,  -16,    0
  2759,111449,20160109,  -20,    0
  2759,111449,20160110,  -23,    0
  2759,111449,20160111,   16,    0
  2759,111449,20160112,   14,    0
  2759,111449,20160113,    5,    0
  2759,111449,20160114,   -8,    0
  2759,111449,20160115,  -12,    0
  2759,111449,20160116,  -13,    0
  2759,111449,20160117,  -22,    0
  2759,111449,20160118,  -71,    0
  2759,111449,20160119, -102,    0
  2759,111449,20160120,  -49,    0
  2759,111449,20160121,  -72,    0
  2759,111449,20160122, -104,    0
  2759,111449,20160123,  -73,    0
  2759,111449,20160124,   25,    0
  2759,111449,20160125,   36,    0
  2759,111449,20160126,   58,    0
  2759,111449,20160127,   81,    0
  2759,111449,20160128,   21,    0
  2759,111449,20160129,   11,    0
  2759,111449,20160130,   38,    0
  2759,111449,20160131,   26,    0
  2759,111449,20160201,   44,    0
  2759,111449,20160202,   60,    0
  2759,111449,20160203,   38,    0
  2759,111449,20160204,   20,    0
  2759,111449,20160205,   10,    0
  2759,111449,20160206,   57,    0
  2759,111449,20160207,   37,    0
  2759,111449,20160208,   58,    0
  2759,111449,20160209,   64,    0
  2759,111449,20160210,   37,    0
  2759,111449,20160211,   15,    0
  2759,111449,20160212,  -11,    0
  2759,111449,20160213,  -33,    0
  2759,111449,20160214,   12,    0
  2759,111449,20160215,   12,    0
  2759,111449,20160216,  -30,    0
  2759,111449,20160217,  -35,    0
  2759,111449,20160218,   -3,    0
  2759,111449,20160219,   12,    0
  2759,111449,20160220,    0,    0
  2759,111449,20160221,   52,    0
  2759,111449,20160222,   39,    0
  2759,111449,20160223,   28,    0
  2759,111449,20160224,   -4,    0
  2759,111449,20160225,  -11,    0
  2759,111449,20160226,  -24,    0
  2759,111449,20160227,  -40,    0
  2759,111449,20160228,    3,    0
  2759,111449,20160229,   -4,    0
  2759,111449,20160301,   -8,    0
  2759,111449,20160302,    1,    0
  2759,111449,20160303,    8,    0
  2759,111449,20160304,  -13,    0
  2759,111449,20160305,   38,    0
  2759,111449,20160306,    9,    0
  2759,111449,20160307,  -12,    0
  2759,111449,20160308,  -32,    0
  2759,111449,20160309,  -17,    0
  2759,111449,20160310,   30,    0
  2759,111449,20160311,   31,    0
  2759,111449,20160312,   10,    0
  2759,111449,20160313,  -11,    0
  2759,111449,20160314,    0,    0
  2759,111449,20160315,   33,    0
  2759,111449,20160316,    5,    0
  2759,111449,20160317,  -20,    0
  2759,111449,20160318,   22,    0
  2759,111449,20160319,   34,    0
  2759,111449,20160320,   39,    0
  2759,111449,20160321,   32,    0
  2759,111449,20160322,   46,    0
  2759,111449,20160323,   33,    0
  2759,111449,20160324,    9,    0
  2759,111449,20160325,   46,    0
  2759,111449,20160326,   54,    0
  2759,111449,20160327,   37,    0
  2759,111449,20160328,   44,    0
  2759,111449,20160329,   46,    0
  2759,111449,20160330,   38,    0
  2759,111449,20160331,   51,    0
  2759,111449,20160401,   50,    0
  2759,111449,20160402,   13,    0
  2759,111449,20160403,   61,    0
  2759,111449,20160404,   95,    0
  2759,111449,20160405,   84,    0
  2759,111449,20160406,   94,    0
  2759,111449,20160407,   51,    0
  2759,111449,20160408,   33,    0
  2759,111449,20160409,   20,    0
  2759,111449,20160410,   57,    0
  2759,111449,20160411,   59,    0
  2759,111449,20160412,   61,    0
  2759,111449,20160413,   65,    0
  2759,111449,20160414,   49,    0
  2759,111449,20160415,   40,    0
  2759,111449,20160416,   68,    0
  2759,111449,20160417,   52,    0
  2759,111449,20160418,   29,    0
  2759,111449,20160419,   72,    0
  2759,111449,20160420,   50,    0
  2759,111449,20160421,   32,    0
  2759,111449,20160422,   46,    0
  2759,111449,20160423,   32,    0
  2759,111449,20160424,   18,    0
  2759,111449,20160425,   19,    0
  2759,111449,20160426,   28,    0
  2759,111449,20160427,   24,    0
  2759,111449,20160428,   22,    0
  2759,111449,20160429,   12,    0
  2759,111449,20160430,   57,    0
  2759,111449,20160501,   58,    0
  2759,111449,20160502,   60,    0
  2759,111449,20160503,   64,    0
  2759,111449,20160504,   73,    0
  2759,111449,20160505,   74,    0
  2759,111449,20160506,   81,    0
  2759,111449,20160507,  101,    0
  2759,111449,20160508,  108,    0
  2759,111449,20160509,  113,    0
  2759,111449,20160510,  119,    0
  2759,111449,20160511,  114,    0
  2759,111449,20160512,  135,    0
  2759,111449,20160513,   97,    0
  2759,111449,20160514,   70,    0
  2759,111449,20160515,   62,    0
  2759,111449,20160516,   64,    0
  2759,111449,20160517,   72,    0
  2759,111449,20160518,   80,    0
  2759,111449,20160519,  127,    0
  2759,111449,20160520,  131,    0
  2759,111449,20160521,  149,    0
  2759,111449,20160522,  142,    0
  2759,111449,20160523,  151,    0
  2759,111449,20160524,  132,    0
  2759,111449,20160525,  126,    0
  2759,111449,20160526,  114,    0
  2759,111449,20160527,   94,    0
  2759,111449,20160528,  107,    0
  2759,111449,20160529,  149,    0
  2759,111449,20160530,  152,    0
  2759,111449,20160531,  141,    0
  2759,111449,20160601,  174,    0
  2759,111449,20160602,  145,    0
  2759,111449,20160603,  168,    0
  2759,111449,20160604,  159,    0
  2759,111449,20160605,  155,    0
  2759,111449,20160606,  134,    0
  2759,111449,20160607,  109,    0
  2759,111449,20160608,  135,    0
  2759,111449,20160609,  151,    0
  2759,111449,20160610,  111,    0
  2759,111449,20160611,  108,    0
  2759,111449,20160612,  111,    0
  2759,111449,20160613,  127,    0
  2759,111449,20160614,  143,    0
  2759,111449,20160615,  130,    0
  2759,111449,20160616,  119,    0
  2759,111449,20160617,  142,    0
  2759,111449,20160618,  128,    0
  2759,111449,20160619,  125,    0
  2759,111449,20160620,  111,    0
  2759,111449,20160621,  150,    0
  2759,111449,20160622,  154,    0
  2759,111449,20160623,  163,    0
  2759,111449,20160624,  214,    0
  2759,111449,20160625,  205,    0
  2759,111449,20160626,  148,    0
  2759,111449,20160627,  127,    0
  2759,111449,20160628,  140,    0
  2759,111449,20160629,  137,    0
  2759,111449,20160630,  134,    0
  2759,111449,20160701,  164,    0
  2759,111449,20160702,  143,    0
  2759,111449,20160703,  110,    0
  2759,111449,20160704,  100,    0
  2759,111449,20160705,  150,    0
  2759,111449,20160706,  129,    0
  2759,111449,20160707,  111,    0
  2759,111449,20160708,  155,    0
  2759,111449,20160709,  156,    0
  2759,111449,20160710,  182,    0
  2759,111449,20160711,  193,    0
  2759,111449,20160712,  179,    0
  2759,111449,20160713,  155,    0
  2759,111449,20160714,  141,    0
  2759,111449,20160715,  128,    0
  2759,111449,20160716,  107,    0
  2759,111449,20160717,  180,    0
  2759,111449,20160718,  170,    0
  2759,111449,20160719,  168,    0
  2759,111449,20160720,  172,    0
  2759,111449,20160721,  176,    0
  2759,111449,20160722,  166,    0
  2759,111449,20160723,  153,    0
  2759,111449,20160724,  171,    0
  2759,111449,20160725,  172,    0
  2759,111449,20160726,  189,    0
  2759,111449,20160727,  167,    0
  2759,111449,20160728,  172,    0
  2759,111449,20160729,  171,    0
  2759,111449,20160730,  174,    0
  2759,111449,20160731,  155,    0
  2759,111449,20160801,  144,    0
  2759,111449,20160802,  124,    0
  2759,111449,20160803,  150,    0
  2759,111449,20160804,  174,    0
  2759,111449,20160805,  153,    0
  2759,111449,20160806,  149,    0
  2759,111449,20160807,  134,    0
  2759,111449,20160808,  165,    0
  2759,111449,20160809,  131,    0
  2759,111449,20160810,  107,    0
  2759,111449,20160811,   90,    0
  2759,111449,20160812,  134,    0
  2759,111449,20160813,  170,    0
  2759,111449,20160814,  151,    0
  2759,111449,20160815,  118,    0
  2759,111449,20160816,   91,    0
  2759,111449,20160817,   88,    0
  2759,111449,20160818,  110,    0
  2759,111449,20160819,  119,    0
  2759,111449,20160820,  163,    0
  2759,111449,20160821,  144,    0
  2759,111449,20160822,  133,    0
  2759,111449,20160823,  164,    0
  2759,111449,20160824,  164,    0
  2759,111449,20160825,  158,    0
  2759,111449,20160826,  173,    0
  2759,111449,20160827,  161,    0
  2759,111449,20160828,  180,    0
  2759,111449,20160829,  148,    0
  2759,111449,20160830,  121,    0
  2759,111449,20160831,  114,    0
  2759,111449,20160901,  127,    0
  2759,111449,20160902,  140,    0
  2759,111449,20160903,  170,    0
  2759,111449,20160904,  158,    0
  2759,111449,20160905,  142,    0
  2759,111449,20160906,  108,    0
  2759,111449,20160907,  105,    0
  2759,111449,20160908,  150,    0
  2759,111449,20160909,  165,    0
  2759,111449,20160910,  150,    0
  2759,111449,20160911,  165,    0
  2759,111449,20160912,  169,    0
  2759,111449,20160913,  163,    0
  2759,111449,20160914,  180,    0
  2759,111449,20160915,  154,    0
  2759,111449,20160916,  141,    0
  2759,111449,20160917,  151,    0
  2759,111449,20160918,  122,    0
  2759,111449,20160919,  105,    0
  2759,111449,20160920,   87,    0
  2759,111449,20160921,  116,    0
  2759,111449,20160922,   71,    0
  2759,111449,20160923,   95,    0
  2759,111449,20160924,  112,    0
  2759,111449,20160925,   88,    0
  2759,111449,20160926,   88,    0
  2759,111449,20160927,   80,    0
  2759,111449,20160928,  125,    0
  2759,111449,20160929,  157,    0
  2759,111449,20160930,   99,    0
  2759,111449,20161001,   80,    0
  2759,111449,20161002,   84,    0
  2759,111449,20161003,   51,    0
  2759,111449,20161004,   76,    0
  2759,111449,20161005,   67,    0
  2759,111449,20161006,   95,    0
  2759,111449,20161007,   80,    0
  2759,111449,20161008,   75,    0
  2759,111449,20161009,   64,    0
  2759,111449,20161010,   63,    0
  2759,111449,20161011,   66,    0
  2759,111449,20161012,   66,    0
  2759,111449,20161013,   65,    0
  2759,111449,20161014,   35,    0
  2759,111449,20161015,   67,    0
  2759,111449,20161016,   77,    0
  2759,111449,20161017,   68,    0
  2759,111449,20161018,   72,    0
  2759,111449,20161019,   84,    0
  2759,111449,20161020,   53,    0
  2759,111449,20161021,   62,    0
  2759,111449,20161022,   55,    0
  2759,111449,20161023,   56,    0
  2759,111449,20161024,   54,    0
  2759,111449,20161025,   54,    0
  2759,111449,20161026,   36,    0
  2759,111449,20161027,   53,    0
  2759,111449,20161028,   85,    0
  2759,111449,20161029,   74,    0
  2759,111449,20161030,   35,    0
  2759,111449,20161031,   20,    0
  2759,111449,20161101,   70,    0
  2759,111449,20161102,   35,    0
  2759,111449,20161103,   11,    0
  2759,111449,20161104,   29,    0
  2759,111449,20161105,   39,    0
  2759,111449,20161106,   45,    0
  2759,111449,20161107,   24,    0
  2759,111449,20161108,   14,    0
  2759,111449,20161109,   -9,    0
  2759,111449,20161110,  -19,    0
  2759,111449,20161111,  -19,    0
  2759,111449,20161112,  -50,    0
  2759,111449,20161113,  -64,    0
  2759,111449,20161114,  -63,    0
  2759,111449,20161115,    7,    0
  2759,111449,20161116,   67,    0
  2759,111449,20161117,   84,    0
  2759,111449,20161118,   61,    0
  2759,111449,20161119,   35,    0
  2759,111449,20161120,   23,    0
  2759,111449,20161121,   68,    0
  2759,111449,20161122,   58,    0
  2759,111449,20161123,   31,    0
  2759,111449,20161124,   10,    0
  2759,111449,20161125,   -5,    0
  2759,111449,20161126,   -2,    0
  2759,111449,20161127,    8,    0
  2759,111449,20161128,  -34,    0
  2759,111449,20161129,  -45,    0
  2759,111449,20161130,  -29,    0
  2759,111449,20161201,   47,    0
  2759,111449,20161202,   -2,    0
  2759,111449,20161203,  -34,    0
  2759,111449,20161204,  -32,    0
  2759,111449,20161205,  -48,    0
  2759,111449,20161206,   -9,    0
  2759,111449,20161207,    5,    0
  2759,111449,20161208,   44,    0
  2759,111449,20161209,   53,    0
  2759,111449,20161210,   83,    0
  2759,111449,20161211,   67,    0
  2759,111449,20161212,  -15,    0
  2759,111449,20161213,  -26,    0
  2759,111449,20161214,    5,    0
  2759,111449,20161215,   16,    0
  2759,111449,20161216,  -20,    0
  2759,111449,20161217,  -24,    0
  2759,111449,20161218,   15,    0
  2759,111449,20161219,   23,    0
  2759,111449,20161220,  -19,    0
  2759,111449,20161221,  -21,    0
  2759,111449,20161222,  -20,    0
  2759,111449,20161223,    9,    0
  2759,111449,20161224,    8,    0
  2759,111449,20161225,   39,    0
  2759,111449,20161226,   44,    0
  2759,111449,20161227,   52,    0
  2759,111449,20161228,   52,    0
  2759,111449,20161229,   -3,    0
  2759,111449,20161230,  -23,    0
  2759,111449,20161231,  -26,    0
  2759,111449,20170101,    4,    0
  2759,111449,20170102,   -4,    0
  2759,111449,20170103,    7,    0
  2759,111449,20170104,   -4,    0
  2759,111449,20170105,  -65,    0
  2759,111449,20170106,  -83,    0
  2759,111449,20170107,  -82,    0
  2759,111449,20170108,  -30,    0
  2759,111449,20170109,  -26,    0
  2759,111449,20170110,  -66,    0
  2759,111449,20170111,  -74,    0
  2759,111449,20170112,   22,    0
  2759,111449,20170113,   -5,    0
  2759,111449,20170114,  -18,    0
  2759,111449,20170115,  -10,    0
  2759,111449,20170116,  -53,    0
  2759,111449,20170117,  -58,    0
  2759,111449,20170118,  -62,    0
  2759,111449,20170119,  -44,    0
  2759,111449,20170120,  -13,    0
  2759,111449,20170121,   13,    0
  2759,111449,20170122,  -31,    0
  2759,111449,20170123,  -45,    0
  2759,111449,20170124,  -15,    0
  2759,111449,20170125,   -1,    0
  2759,111449,20170126,  -22,    0
  2759,111449,20170127,  -39,    0
  2759,111449,20170128,  -56,    0
  2759,111449,20170129,  -47,    0
  2759,111449,20170130,  -14,    0
  2759,111449,20170131,   -4,    0
  2759,111449,20170201,  -31,    0
  2759,111449,20170202,  -53,    0
  2759,111449,20170203,   -8,    0
  2759,111449,20170204,   10,    0
  2759,111449,20170205,    3,    0
  2759,111449,20170206,  -28,    0
  2759,111449,20170207,  -23,    0
  2759,111449,20170208,  -48,    0
  2759,111449,20170209,  -53,    0
  2759,111449,20170210,  -57,    0
  2759,111449,20170211,  -36,    0
  2759,111449,20170212,  -49,    0
  2759,111449,20170213,  -70,    0
  2759,111449,20170214,  -85,    0
  2759,111449,20170215,  -27,    0
  2759,111449,20170216,  -14,    0
  2759,111449,20170217,   38,    0
  2759,111449,20170218,   34,    0
  2759,111449,20170219,   10,    0
  2759,111449,20170220,   50,    0
  2759,111449,20170221,   44,    0
  2759,111449,20170222,   39,    0
  2759,111449,20170223,   51,    0
  2759,111449,20170224,   13,    0
  2759,111449,20170225,    3,    0
  2759,111449,20170226,   56,    0
  2759,111449,20170227,   71,    0
  2759,111449,20170228,   50,    0
  2759,111449,20170301,   24,    0
  2759,111449,20170302,   28,    0
  2759,111449,20170303,   24,    0
  2759,111449,20170304,   39,    0
  2759,111449,20170305,   67,    0
  2759,111449,20170306,   30,    0
  2759,111449,20170307,   19,    0
  2759,111449,20170308,   30,    0
  2759,111449,20170309,   52,    0
  2759,111449,20170310,   52,    0
  2759,111449,20170311,   12,    0
  2759,111449,20170312,  -14,    0
  2759,111449,20170313,  -20,    0
  2759,111449,20170314,   11,    0
  2759,111449,20170315,   56,    0
  2759,111449,20170316,   41,    0
  2759,111449,20170317,   44,    0
  2759,111449,20170318,   29,    0
  2759,111449,20170319,    9,    0
  2759,111449,20170320,   97,    0
  2759,111449,20170321,   58,    0
  2759,111449,20170322,   27,    0
  2759,111449,20170323,   57,    0
  2759,111449,20170324,   11,    0
  2759,111449,20170325,   24,    0
  2759,111449,20170326,   15,    0
  2759,111449,20170327,   27,    0
  2759,111449,20170328,   45,    0
  2759,111449,20170329,   90,    0
  2759,111449,20170330,   99,    0
  2759,111449,20170331,   97,    0
  2759,111449,20170401,   93,    0
  2759,111449,20170402,   94,    0
  2759,111449,20170403,   61,    0
  2759,111449,20170404,   76,    0
  2759,111449,20170405,   64,    0
  2759,111449,20170406,   51,    0
  2759,111449,20170407,   64,    0
  2759,111449,20170408,   79,    0
  2759,111449,20170409,   84,    0
  2759,111449,20170410,   67,    0
  2759,111449,20170411,   48,    0
  2759,111449,20170412,   68,    0
  2759,111449,20170413,   63,    0
  2759,111449,20170414,   45,    0
  2759,111449,20170415,   53,    0
  2759,111449,20170416,   38,    0
  2759,111449,20170417,   25,    0
  2759,111449,20170418,   24,    0
  2759,111449,20170419,  -10,    0
  2759,111449,20170420,  -31,    0
  2759,111449,20170421,   47,    0
  2759,111449,20170422,   43,    0
  2759,111449,20170423,   34,    0
  2759,111449,20170424,   13,    0
  2759,111449,20170425,   36,    0
  2759,111449,20170426,   17,    0
  2759,111449,20170427,    9,    0
  2759,111449,20170428,   19,    0
  2759,111449,20170429,   18,    0
  2759,111449,20170430,    1,    0
  2759,111449,20170501,   44,    0
  2759,111449,20170502,   85,    0
  2759,111449,20170503,   80,    0
  2759,111449,20170504,   74,    0
  2759,111449,20170505,   86,    0
  2759,111449,20170506,   89,    0
  2759,111449,20170507,   91,    0
  2759,111449,20170508,   14,    0
  2759,111449,20170509,    9,    0
  2759,111449,20170510,   52,    0
  2759,111449,20170511,   34,    0
  2759,111449,20170512,   77,    0
  2759,111449,20170513,  115,    0
  2759,111449,20170514,   93,    0
  2759,111449,20170515,  112,    0
  2759,111449,20170516,   95,    0
  2759,111449,20170517,  146,    0
  2759,111449,20170518,  146,    0
  2759,111449,20170519,  151,    0
  2759,111449,20170520,  122,    0
  2759,111449,20170521,  106,    0
  2759,111449,20170522,   96,    0
  2759,111449,20170523,  103,    0
  2759,111449,20170524,  108,    0
  2759,111449,20170525,   97,    0
  2759,111449,20170526,  119,    0
  2759,111449,20170527,  124,    0
  2759,111449,20170528,  142,    0
  2759,111449,20170529,  185,    0
  2759,111449,20170530,  182,    0
  2759,111449,20170531,  120,    0
  2759,111449,20170601,   95,    0
  2759,111449,20170602,   97,    0
  2759,111449,20170603,  117,    0
  2759,111449,20170604,  126,    0
  2759,111449,20170605,  123,    0
  2759,111449,20170606,  136,    0
  2759,111449,20170607,  116,    0
  2759,111449,20170608,  122,    0
  2759,111449,20170609,  144,    0
  2759,111449,20170610,  141,    0
  2759,111449,20170611,  150,    0
  2759,111449,20170612,  162,    0
  2759,111449,20170613,  135,    0
  2759,111449,20170614,  115,    0
  2759,111449,20170615,  115,    0
  2759,111449,20170616,  135,    0
  2759,111449,20170617,  127,    0
  2759,111449,20170618,  123,    0
  2759,111449,20170619,  153,    0
  2759,111449,20170620,  165,    0
  2759,111449,20170621,  126,    0
  2759,111449,20170622,  137,    0
  2759,111449,20170623,  167,    0
  2759,111449,20170624,  175,    0
  2759,111449,20170625,  156,    0
  2759,111449,20170626,  131,    0
  2759,111449,20170627,  112,    0
  2759,111449,20170628,  138,    0
  2759,111449,20170629,  162,    0
  2759,111449,20170630,  144,    0
  2759,111449,20170701,  143,    0
  2759,111449,20170702,  128,    0
  2759,111449,20170703,  112,    0
  2759,111449,20170704,  145,    0
  2759,111449,20170705,  135,    0
  2759,111449,20170706,  128,    0
  2759,111449,20170707,  165,    0
  2759,111449,20170708,  170,    0
  2759,111449,20170709,  147,    0
  2759,111449,20170710,  156,    0
  2759,111449,20170711,  142,    0
  2759,111449,20170712,  130,    0
  2759,111449,20170713,  116,    0
  2759,111449,20170714,  117,    0
  2759,111449,20170715,  135,    0
  2759,111449,20170716,  130,    0
  2759,111449,20170717,  144,    0
  2759,111449,20170718,  125,    0
  2759,111449,20170719,  143,    0
  2759,111449,20170720,  193,    0
  2759,111449,20170721,  184,    0
  2759,111449,20170722,  171,    0
  2759,111449,20170723,  170,    0
  2759,111449,20170724,  164,    0
  2759,111449,20170725,  147,    0
  2759,111449,20170726,  154,    0
  2759,111449,20170727,  150,    0
  2759,111449,20170728,  153,    0
  2759,111449,20170729,  158,    0
  2759,111449,20170730,  182,    0
  2759,111449,20170731,  199,    0
  2759,111449,20170801,  188,    0
  2759,111449,20170802,  194,    0
  2759,111449,20170803,  189,    0
  2759,111449,20170804,  185,    0
  2759,111449,20170805,  162,    0
  2759,111449,20170806,  135,    0
  2759,111449,20170807,  115,    0
  2759,111449,20170808,  140,    0
  2759,111449,20170809,  190,    0
  2759,111449,20170810,  160,    0
  2759,111449,20170811,  141,    0
  2759,111449,20170812,  135,    0
  2759,111449,20170813,  144,    0
  2759,111449,20170814,  139,    0
  2759,111449,20170815,  148,    0
  2759,111449,20170816,  160,    0
  2759,111449,20170817,  137,    0
  2759,111449,20170818,  169,    0
  2759,111449,20170819,  152,    0
  2759,111449,20170820,  121,    0
  2759,111449,20170821,  132,    0
  2759,111449,20170822,  108,    0
  2759,111449,20170823,   95,    0
  2759,111449,20170824,  103,    0
  2759,111449,20170825,  142,    0
  2759,111449,20170826,  119,    0
  2759,111449,20170827,  157,    0
  2759,111449,20170828,  136,    0
  2759,111449,20170829,  130,    0
  2759,111449,20170830,  149,    0
  2759,111449,20170831,  151,    0
  2759,111449,20170901,  124,    0
  2759,111449,20170902,  103,    0
  2759,111449,20170903,   90,    0
  2759,111449,20170904,   85,    0
  2759,111449,20170905,   99,    0
  2759,111449,20170906,  133,    0
  2759,111449,20170907,  119,    0
  2759,111449,20170908,  117,    0
  2759,111449,20170909,  148,    0
  2759,111449,20170910,  123,    0
  2759,111449,20170911,  112,    0
  2759,111449,20170912,  105,    0
  2759,111449,20170913,   97,    0
  2759,111449,20170914,  104,    0
  2759,111449,20170915,  100,    0
  2759,111449,20170916,   65,    0
  2759,111449,20170917,   51,    0
  2759,111449,20170918,   84,    0
  2759,111449,20170919,   64,    0
  2759,111449,20170920,   73,    0
  2759,111449,20170921,  114,    0
  2759,111449,20170922,   84,    0
  2759,111449,20170923,   58,    0
  2759,111449,20170924,  127,    0
  2759,111449,20170925,  128,    0
  2759,111449,20170926,  122,    0
  2759,111449,20170927,  128,    0
  2759,111449,20170928,  120,    0
  2759,111449,20170929,  111,    0
  2759,111449,20170930,   83,    0
  2759,111449,20171001,  106,    0
  2759,111449,20171002,   97,    0
  2759,111449,20171003,  107,    0
  2759,111449,20171004,  103,    0
  2759,111449,20171005,   93,    0
  2759,111449,20171006,   90,    0
  2759,111449,20171007,   89,    0
  2759,111449,20171008,   61,    0
  2759,111449,20171009,   49,    0
  2759,111449,20171010,   96,    0
  2759,111449,20171011,  132,    0
  2759,111449,20171012,  108,    0
  2759,111449,20171013,  100,    0
  2759,111449,20171014,  119,    0
  2759,111449,20171015,  109,    0
  2759,111449,20171016,  113,    0
  2759,111449,20171017,  117,    0
  2759,111449,20171018,   88,    0
  2759,111449,20171019,   75,    0
  2759,111449,20171020,   91,    0
  2759,111449,20171021,  104,    0
  2759,111449,20171022,  103,    0
  2759,111449,20171023,   76,    0
  2759,111449,20171024,   64,    0
  2759,111449,20171025,  122,    0
  2759,111449,20171026,  111,    0
  2759,111449,20171027,   87,    0
  2759,111449,20171028,   88,    0
  2759,111449,20171029,   52,    0
  2759,111449,20171030,   41,    0
  2759,111449,20171031,   46,    0
  2759,111449,20171101,   80,    0
  2759,111449,20171102,   84,    0
  2759,111449,20171103,   51,    0
  2759,111449,20171104,   43,    0
  2759,111449,20171105,   69,    0
  2759,111449,20171106,   24,    0
  2759,111449,20171107,    7,    0
  2759,111449,20171108,   55,    0
  2759,111449,20171109,   55,    0
  2759,111449,20171110,   56,    0
  2759,111449,20171111,   41,    0
  2759,111449,20171112,   20,    0
  2759,111449,20171113,   20,    0
  2759,111449,20171114,  -12,    0
  2759,111449,20171115,   63,    0
  2759,111449,20171116,   52,    0
  2759,111449,20171117,   18,    0
  2759,111449,20171118,   18,    0
  2759,111449,20171119,   28,    0
  2759,111449,20171120,   15,    0
  2759,111449,20171121,   31,    0
  2759,111449,20171122,   55,    0
  2759,111449,20171123,   50,    0
  2759,111449,20171124,   58,    0
  2759,111449,20171125,   23,    0
  2759,111449,20171126,   10,    0
  2759,111449,20171127,   22,    0
  2759,111449,20171128,   48,    0
  2759,111449,20171129,    3,    0
  2759,111449,20171130,   -5,    0
  2759,111449,20171201,   -4,    0
  2759,111449,20171202,    1,    0
  2759,111449,20171203,  -16,    0
  2759,111449,20171204,   14,    0
  2759,111449,20171205,   32,    0
  2759,111449,20171206,   69,    0
  2759,111449,20171207,   46,    0
  2759,111449,20171208,    8,    0
  2759,111449,20171209,   -4,    0
  2759,111449,20171210,  -16,    0
  2759,111449,20171211,    4,    0
  2759,111449,20171212,   15,    0
  2759,111449,20171213,   -1,    0
  2759,111449,20171214,   14,    0
  2759,111449,20171215,    6,    0
  2759,111449,20171216,   21,    0
  2759,111449,20171217,    7,    0
  2759,111449,20171218,  -23,    0
  2759,111449,20171219,  -14,    0
  2759,111449,20171220,   21,    0
  2759,111449,20171221,   46,    0
  2759,111449,20171222,   46,    0
  2759,111449,20171223,   44,    0
  2759,111449,20171224,   95,    0
  2759,111449,20171225,   35,    0
  2759,111449,20171226,   19,    0
  2759,111449,20171227,   10,    0
  2759,111449,20171228,   12,    0
  2759,111449,20171229,  -14,    0
  2759,111449,20171230,  -17,    0
  2759,111449,20171231,   62,    0
  2759,111449,20180101,   41,    0
  2759,111449,20180102,   25,    0
  2759,111449,20180103,   21,    0
  2759,111449,20180104,   58,    0
  2759,111449,20180105,   42,    0
  2759,111449,20180106,   34,    0
  2759,111449,20180107,  -22,    0
  2759,111449,20180108,  -50,    0
  2759,111449,20180109,  -25,    0
  2759,111449,20180110,   14,    0
  2759,111449,20180111,   15,    0
  2759,111449,20180112,    8,    0
  2759,111449,20180113,   -3,    0
  2759,111449,20180114,  -31,    0
  2759,111449,20180115,  -26,    0
  2759,111449,20180116,    5,    0
  2759,111449,20180117,    4,    0
  2759,111449,20180118,    6,    0
  2759,111449,20180119,   14,    0
  2759,111449,20180120,  -16,    0
  2759,111449,20180121,  -19,    0
  2759,111449,20180122,   -3,    0
  2759,111449,20180123,   -1,    0
  2759,111449,20180124,   51,    0
  2759,111449,20180125,   75,    0
  2759,111449,20180126,   53,    0
  2759,111449,20180127,   45,    0
  2759,111449,20180128,   59,    0
  2759,111449,20180129,   53,    0
  2759,111449,20180130,   23,    0
  2759,111449,20180131,    3,    0
  2759,111449,20180201,   16,    0
  2759,111449,20180202,   -1,    0
  2759,111449,20180203,  -11,    0
  2759,111449,20180204,  -35,    0
  2759,111449,20180205,  -51,    0
  2759,111449,20180206,  -73,    0
  2759,111449,20180207,  -48,    0
  2759,111449,20180208,  -67,    0
  2759,111449,20180209,  -72,    0
  2759,111449,20180210,  -15,    0
  2759,111449,20180211,    2,    0
  2759,111449,20180212,  -11,    0
  2759,111449,20180213,  -28,    0
  2759,111449,20180214,  -51,    0
  2759,111449,20180215,  -33,    0
  2759,111449,20180216,    8,    0
  2759,111449,20180217,    0,    0
  2759,111449,20180218,   12,    0
  2759,111449,20180219,   -9,    0
  2759,111449,20180220,  -23,    0
  2759,111449,20180221,  -41,    0
  2759,111449,20180222,  -40,    0
  2759,111449,20180223,  -61,    0
  2759,111449,20180224,  -67,    0
  2759,111449,20180225,  -94,    0
  2759,111449,20180226,  -99,    0
  2759,111449,20180227, -119,    0
  2759,111449,20180228, -118,    0
  2759,111449,20180301, -119,    0
  2759,111449,20180302, -128,    0
  2759,111449,20180303, -120,    0
  2759,111449,20180304,  -91,    0
  2759,111449,20180305,  -26,    0
  2759,111449,20180306,  -29,    0
  2759,111449,20180307,    5,    0
  2759,111449,20180308,   15,    0
  2759,111449,20180309,    7,    0
  2759,111449,20180310,   -7,    0
  2759,111449,20180311,   52,    0
  2759,111449,20180312,   62,    0
  2759,111449,20180313,   43,    0
  2759,111449,20180314,   25,    0
  2759,111449,20180315,   16,    0
  2759,111449,20180316,  -28,    0
  2759,111449,20180317,  -54,    0
  2759,111449,20180318,  -59,    0
  2759,111449,20180319,  -63,    0
  2759,111449,20180320,  -58,    0
  2759,111449,20180321,  -39,    0
  2759,111449,20180322,    5,    0
  2759,111449,20180323,   18,    0
  2759,111449,20180324,    5,    0
  2759,111449,20180325,  -25,    0
  2759,111449,20180326,   27,    0
  2759,111449,20180327,    6,    0
  2759,111449,20180328,    7,    0
  2759,111449,20180329,   23,    0
  2759,111449,20180330,   -4,    0
  2759,111449,20180331,   11,    0
  2759,111449,20180401,    9,    0
  2759,111449,20180402,   -5,    0
  2759,111449,20180403,   53,    0
  2759,111449,20180404,  109,    0
  2759,111449,20180405,   36,    0
  2759,111449,20180406,   17,    0
  2759,111449,20180407,   46,    0
  2759,111449,20180408,   79,    0
  2759,111449,20180409,   63,    0
  2759,111449,20180410,  114,    0
  2759,111449,20180411,  116,    0
  2759,111449,20180412,  102,    0
  2759,111449,20180413,  113,    0
  2759,111449,20180414,   93,    0
  2759,111449,20180415,   84,    0
  2759,111449,20180416,  102,    0
  2759,111449,20180417,   72,    0
  2759,111449,20180418,   82,    0
  2759,111449,20180419,   95,    0
  2759,111449,20180420,  114,    0
  2759,111449,20180421,  114,    0
  2759,111449,20180422,   76,    0
  2759,111449,20180423,  118,    0
  2759,111449,20180424,   97,    0
  2759,111449,20180425,   88,    0
  2759,111449,20180426,   70,    0
  2759,111449,20180427,   50,    0
  2759,111449,20180428,   58,    0
  2759,111449,20180429,  116,    0
  2759,111449,20180430,  120,    0
  2759,111449,20180501,   64,    0
  2759,111449,20180502,   39,    0
  2759,111449,20180503,   74,    0
  2759,111449,20180504,   49,    0
  2759,111449,20180505,   41,    0
  2759,111449,20180506,   81,    0
  2759,111449,20180507,   94,    0
  2759,111449,20180508,  113,    0
  2759,111449,20180509,  133,    0
  2759,111449,20180510,  150,    0
  2759,111449,20180511,  105,    0
  2759,111449,20180512,   97,    0
  2759,111449,20180513,  143,    0
  2759,111449,20180514,  132,    0
  2759,111449,20180515,  109,    0
  2759,111449,20180516,  112,    0
  2759,111449,20180517,  111,    0
  2759,111449,20180518,   95,    0
  2759,111449,20180519,  115,    0
  2759,111449,20180520,   80,    0
  2759,111449,20180521,   97,    0
  2759,111449,20180522,  111,    0
  2759,111449,20180523,  114,    0
  2759,111449,20180524,  144,    0
  2759,111449,20180525,  149,    0
  2759,111449,20180526,  124,    0
  2759,111449,20180527,  137,    0
  2759,111449,20180528,  164,    0
  2759,111449,20180529,  186,    0
  2759,111449,20180530,  181,    0
  2759,111449,20180531,  169,    0
  2759,111449,20180601,  189,    0
  2759,111449,20180602,  184,    0
  2759,111449,20180603,  178,    0
  2759,111449,20180604,  157,    0
  2759,111449,20180605,  136,    0
  2759,111449,20180606,  123,    0
  2759,111449,20180607,  123,    0
  2759,111449,20180608,  134,    0
  2759,111449,20180609,  170,    0
  2759,111449,20180610,  170,    0
  2759,111449,20180611,  165,    0
  2759,111449,20180612,  140,    0
  2759,111449,20180613,  145,    0
  2759,111449,20180614,  123,    0
  2759,111449,20180615,  160,    0
  2759,111449,20180616,  171,    0
  2759,111449,20180617,  172,    0
  2759,111449,20180618,  149,    0
  2759,111449,20180619,  181,    0
  2759,111449,20180620,  162,    0
  2759,111449,20180621,  113,    0
  2759,111449,20180622,  104,    0
  2759,111449,20180623,  116,    0
  2759,111449,20180624,  118,    0
  2759,111449,20180625,  124,    0
  2759,111449,20180626,  124,    0
  2759,111449,20180627,  133,    0
  2759,111449,20180628,  148,    0
  2759,111449,20180629,  142,    0
  2759,111449,20180630,  115,    0
  2759,111449,20180701,   97,    0
  2759,111449,20180702,   86,    0
  2759,111449,20180703,  132,    0
  2759,111449,20180704,  149,    0
  2759,111449,20180705,  168,    0
  2759,111449,20180706,  153,    0
  2759,111449,20180707,  120,    0
  2759,111449,20180708,  148,    0
  2759,111449,20180709,  159,    0
  2759,111449,20180710,  140,    0
  2759,111449,20180711,  143,    0
  2759,111449,20180712,  147,    0
  2759,111449,20180713,  157,    0
  2759,111449,20180714,  145,    0
  2759,111449,20180715,  130,    0
  2759,111449,20180716,  152,    0
  2759,111449,20180717,  179,    0
  2759,111449,20180718,  194,    0
  2759,111449,20180719,  164,    0
  2759,111449,20180720,  133,    0
  2759,111449,20180721,  146,    0
  2759,111449,20180722,  169,    0
  2759,111449,20180723,  180,    0
  2759,111449,20180724,  166,    0
  2759,111449,20180725,  194,    0
  2759,111449,20180726,  181,    0
  2759,111449,20180727,  193,    0
  2759,111449,20180728,  198,    0
  2759,111449,20180729,  178,    0
  2759,111449,20180730,  214,    0
  2759,111449,20180731,  200,    0
  2759,111449,20180801,  239,    0
  2759,111449,20180802,  227,    0
  2759,111449,20180803,  212,    0
  2759,111449,20180804,  194,    0
  2759,111449,20180805,  181,    0
  2759,111449,20180806,  156,    0
  2759,111449,20180807,  171,    0
  2759,111449,20180808,  224,    0
  2759,111449,20180809,  214,    0
  2759,111449,20180810,  173,    0
  2759,111449,20180811,  153,    0
  2759,111449,20180812,  128,    0
  2759,111449,20180813,  140,    0
  2759,111449,20180814,  178,    0
  2759,111449,20180815,  161,    0
  2759,111449,20180816,  141,    0
  2759,111449,20180817,  178,    0
  2759,111449,20180818,  173,    0
  2759,111449,20180819,  149,    0
  2759,111449,20180820,  186,    0
  2759,111449,20180821,  146,    0
  2759,111449,20180822,  118,    0
  2759,111449,20180823,  156,    0
  2759,111449,20180824,  169,    0
  2759,111449,20180825,  122,    0
  2759,111449,20180826,  106,    0
  2759,111449,20180827,  117,    0
  2759,111449,20180828,  121,    0
  2759,111449,20180829,  112,    0
  2759,111449,20180830,  148,    0
  2759,111449,20180831,  118,    0
  2759,111449,20180901,  102,    0
  2759,111449,20180902,  144,    0
  2759,111449,20180903,  178,    0
  2759,111449,20180904,  155,    0
  2759,111449,20180905,  143,    0
  2759,111449,20180906,  155,    0
  2759,111449,20180907,  142,    0
  2759,111449,20180908,  120,    0
  2759,111449,20180909,  133,    0
  2759,111449,20180910,  132,    0
  2759,111449,20180911,  171,    0
  2759,111449,20180912,  155,    0
  2759,111449,20180913,  136,    0
  2759,111449,20180914,  134,    0
  2759,111449,20180915,  117,    0
  2759,111449,20180916,  101,    0
  2759,111449,20180917,  101,    0
  2759,111449,20180918,  124,    0
  2759,111449,20180919,  164,    0
  2759,111449,20180920,  167,    0
  2759,111449,20180921,  119,    0
  2759,111449,20180922,  104,    0
  2759,111449,20180923,   86,    0
  2759,111449,20180924,   67,    0
  2759,111449,20180925,   51,    0
  2759,111449,20180926,   54,    0
  2759,111449,20180927,  142,    0
  2759,111449,20180928,   81,    0
  2759,111449,20180929,   46,    0
  2759,111449,20180930,   38,    0
  2759,111449,20181001,   40,    0
  2759,111449,20181002,   50,    0
  2759,111449,20181003,   88,    0
  2759,111449,20181004,   84,    0
  2759,111449,20181005,  108,    0
  2759,111449,20181006,   85,    0
  2759,111449,20181007,   35,    0
  2759,111449,20181008,   24,    0
  2759,111449,20181009,   40,    0
  2759,111449,20181010,   74,    0
  2759,111449,20181011,  116,    0
  2759,111449,20181012,  116,    0
  2759,111449,20181013,  101,    0
  2759,111449,20181014,  125,    0
  2759,111449,20181015,   99,    0
  2759,111449,20181016,   75,    0
  2759,111449,20181017,   67,    0
  2759,111449,20181018,   63,    0
  2759,111449,20181019,   40,    0
  2759,111449,20181020,   41,    0
  2759,111449,20181021,   38,    0
  2759,111449,20181022,   54,    0
  2759,111449,20181023,   50,    0
  2759,111449,20181024,   70,    0
  2759,111449,20181025,   95,    0
  2759,111449,20181026,   80,    0
  2759,111449,20181027,   43,    0
  2759,111449,20181028,   38,    0
  2759,111449,20181029,   39,    0
  2759,111449,20181030,   65,    0
  2759,111449,20181031,   54,    0
  2759,111449,20181101,   36,    0
  2759,111449,20181102,   61,    0
  2759,111449,20181103,   49,    0
  2759,111449,20181104,   50,    0
  2759,111449,20181105,  103,    0
  2759,111449,20181106,   91,    0
  2759,111449,20181107,   63,    0
  2759,111449,20181108,   48,    0
  2759,111449,20181109,   75,    0
  2759,111449,20181110,   58,    0
  2759,111449,20181111,   61,    0
  2759,111449,20181112,   80,    0
  2759,111449,20181113,   71,    0
  2759,111449,20181114,   55,    0
  2759,111449,20181115,   44,    0
  2759,111449,20181116,   17,    0
  2759,111449,20181117,  -25,    0
  2759,111449,20181118,  -44,    0
  2759,111449,20181119,   25,    0
  2759,111449,20181120,   18,    0
  2759,111449,20181121,    5,    0
  2759,111449,20181122,    6,    0
  2759,111449,20181123,    5,    0
  2759,111449,20181124,    1,    0
  2759,111449,20181125,   26,    0
  2759,111449,20181126,  -12,    0
  2759,111449,20181127,  -29,    0
  2759,111449,20181128,  -19,    0
  2759,111449,20181129,  -15,    0
  2759,111449,20181130,    4,    0
  2759,111449,20181201,    7,    0
  2759,111449,20181202,   35,    0
  2759,111449,20181203,   85,    0
  2759,111449,20181204,   28,    0
  2759,111449,20181205,    8,    0
  2759,111449,20181206,   16,    0
  2759,111449,20181207,   95,    0
  2759,111449,20181208,   55,    0
  2759,111449,20181209,   61,    0
  2759,111449,20181210,   38,    0
  2759,111449,20181211,   25,    0
  2759,111449,20181212,    9,    0
  2759,111449,20181213,   10,    0
  2759,111449,20181214,   -4,    0
  2759,111449,20181215,   -5,    0
  2759,111449,20181216,  -15,    0
  2759,111449,20181217,  -13,    0
  2759,111449,20181218,    7,    0
  2759,111449,20181219,    2,    0
  2759,111449,20181220,   26,    0
  2759,111449,20181221,   45,    0
  2759,111449,20181222,   35,    0
  2759,111449,20181223,   37,    0
  2759,111449,20181224,    3,    0
  2759,111449,20181225,   34,    0
  2759,111449,20181226,   49,    0
  2759,111449,20181227,   43,    0
  2759,111449,20181228,   54,    0
  2759,111449,20181229,   46,    0
  2759,111449,20181230,   35,    0
  2759,111449,20181231,   36,    0
  2759,111449,20190101,   32,    0
  2759,111449,20190102,  -18,    0
  2759,111449,20190103,  -29,    0
  2759,111449,20190104,   -5,    0
  2759,111449,20190105,   21,    0
  2759,111449,20190106,   11,    0
  2759,111449,20190107,    4,    0
  2759,111449,20190108,   23,    0
  2759,111449,20190109,   10,    0
  2759,111449,20190110,    3,    0
  2759,111449,20190111,    1,    0
  2759,111449,20190112,   42,    0
  2759,111449,20190113,   53,    0
  2759,111449,20190114,    4,    0
  2759,111449,20190115,   14,    0
  2759,111449,20190116,   32,    0
  2759,111449,20190117,   18,    0
  2759,111449,20190118,  -14,    0
  2759,111449,20190119,  -38,    0
  2759,111449,20190120,  -63,    0
  2759,111449,20190121,  -47,    0
  2759,111449,20190122,  -61,    0
  2759,111449,20190123,  -69,    0
  2759,111449,20190124,  -47,    0
  2759,111449,20190125,  -44,    0
  2759,111449,20190126,  -32,    0
  2759,111449,20190127,   25,    0
  2759,111449,20190128,   17,    0
  2759,111449,20190129,  -12,    0
  2759,111449,20190130,  -22,    0
  2759,111449,20190131,  -16,    0
  2759,111449,20190201,  -36,    0
  2759,111449,20190202,    5,    0
  2759,111449,20190203,   -3,    0
  2759,111449,20190204,  -14,    0
  2759,111449,20190205,    0,    0
  2759,111449,20190206,    7,    0
  2759,111449,20190207,   -7,    0
  2759,111449,20190208,   26,    0
  2759,111449,20190209,   53,    0
  2759,111449,20190210,   43,    0
  2759,111449,20190211,   13,    0
  2759,111449,20190212,   20,    0
  2759,111449,20190213,   40,    0
  2759,111449,20190214,   31,    0
  2759,111449,20190215,    3,    0
  2759,111449,20190216,   -6,    0
  2759,111449,20190217,    7,    0
  2759,111449,20190218,   -1,    0
  2759,111449,20190219,   44,    0
  2759,111449,20190220,   59,    0
  2759,111449,20190221,   62,    0
  2759,111449,20190222,  -20,    0
  2759,111449,20190223,  -38,    0
  2759,111449,20190224,  -26,    0
  2759,111449,20190225,   10,    0
  2759,111449,20190226,   36,    0
  2759,111449,20190227,    7,    0
  2759,111449,20190228,   33,    0
  2759,111449,20190301,   33,    0
  2759,111449,20190302,   28,    0
  2759,111449,20190303,   44,    0
  2759,111449,20190304,   65,    0
  2759,111449,20190305,   30,    0
  2759,111449,20190306,   12,    0
  2759,111449,20190307,   79,    0
  2759,111449,20190308,   47,    0
  2759,111449,20190309,   47,    0
  2759,111449,20190310,    6,    0
  2759,111449,20190311,   17,    0
  2759,111449,20190312,   17,    0
  2759,111449,20190313,   51,    0
  2759,111449,20190314,   40,    0
  2759,111449,20190315,   58,    0
  2759,111449,20190316,   48,    0
  2759,111449,20190317,   43,    0
  2759,111449,20190318,   33,    0
  2759,111449,20190319,   24,    0
  2759,111449,20190320,   -6,    0
  2759,111449,20190321,   68,    0
  2759,111449,20190322,   61,    0
  2759,111449,20190323,   44,    0
  2759,111449,20190324,   31,    0
  2759,111449,20190325,   15,    0
  2759,111449,20190326,   20,    0
  2759,111449,20190327,   41,    0
  2759,111449,20190328,   82,    0
  2759,111449,20190329,   66,    0
  2759,111449,20190330,   38,    0
  2759,111449,20190331,   15,    0
  2759,111449,20190401,  -18,    0
  2759,111449,20190402,   17,    0
  2759,111449,20190403,   68,    0
  2759,111449,20190404,   80,    0
  2759,111449,20190405,   61,    0
  2759,111449,20190406,   75,    0
  2759,111449,20190407,   72,    0
  2759,111449,20190408,   45,    0
  2759,111449,20190409,   27,    0
  2759,111449,20190410,    3,    0
  2759,111449,20190411,    2,    0
  2759,111449,20190412,   20,    0
  2759,111449,20190413,   21,    0
  2759,111449,20190414,   25,    0
  2759,111449,20190415,   12,    0
  2759,111449,20190416,   15,    0
  2759,111449,20190417,   24,    0
  2759,111449,20190418,   59,    0
  2759,111449,20190419,   82,    0
  2759,111449,20190420,   50,    0
  2759,111449,20190421,   60,    0
  2759,111449,20190422,   72,    0
  2759,111449,20190423,   97,    0
  2759,111449,20190424,  123,    0
  2759,111449,20190425,  136,    0
  2759,111449,20190426,  107,    0
  2759,111449,20190427,   98,    0
  2759,111449,20190428,   84,    0
  2759,111449,20190429,   56,    0
  2759,111449,20190430,   35,    0
  2759,111449,20190501,   81,    0
  2759,111449,20190502,   73,    0
  2759,111449,20190503,   55,    0
  2759,111449,20190504,   25,    0
  2759,111449,20190505,   11,    0
  2759,111449,20190506,   35,    0
  2759,111449,20190507,   43,    0
  2759,111449,20190508,   28,    0
  2759,111449,20190509,  104,    0
  2759,111449,20190510,   85,    0
  2759,111449,20190511,   68,    0
  2759,111449,20190512,   59,    0
  2759,111449,20190513,   49,    0
  2759,111449,20190514,   41,    0
  2759,111449,20190515,   12,    0
  2759,111449,20190516,   64,    0
  2759,111449,20190517,   60,    0
  2759,111449,20190518,  102,    0
  2759,111449,20190519,  112,    0
  2759,111449,20190520,  132,    0
  2759,111449,20190521,  114,    0
  2759,111449,20190522,  116,    0
  2759,111449,20190523,   84,    0
  2759,111449,20190524,  106,    0
  2759,111449,20190525,  109,    0
  2759,111449,20190526,   86,    0
  2759,111449,20190527,  156,    0
  2759,111449,20190528,   90,    0
  2759,111449,20190529,   82,    0
  2759,111449,20190530,   69,    0
  2759,111449,20190531,  140,    0
  2759,111449,20190601,  154,    0
  2759,111449,20190602,  149,    0
  2759,111449,20190603,  187,    0
  2759,111449,20190604,  184,    0
  2759,111449,20190605,  173,    0
  2759,111449,20190606,  151,    0
  2759,111449,20190607,  137,    0
  2759,111449,20190608,  144,    0
  2759,111449,20190609,  124,    0
  2759,111449,20190610,  152,    0
  2759,111449,20190611,  175,    0
  2759,111449,20190612,  171,    0
  2759,111449,20190613,  155,    0
  2759,111449,20190614,  143,    0
  2759,111449,20190615,  179,    0
  2759,111449,20190616,  150,    0
  2759,111449,20190617,  160,    0
  2759,111449,20190618,  157,    0
  2759,111449,20190619,  167,    0
  2759,111449,20190620,  183,    0
  2759,111449,20190621,  162,    0
  2759,111449,20190622,  144,    0
  2759,111449,20190623,  137,    0
  2759,111449,20190624,  149,    0
  2759,111449,20190625,  193,    0
  2759,111449,20190626,  200,    0
  2759,111449,20190627,  150,    0
  2759,111449,20190628,  132,    0
  2759,111449,20190629,  139,    0
  2759,111449,20190630,  164,    0
  2759,111449,20190701,  169,    0
  2759,111449,20190702,  138,    0
  2759,111449,20190703,  112,    0
  2759,111449,20190704,  107,    0
  2759,111449,20190705,  157,    0
  2759,111449,20190706,  136,    0
  2759,111449,20190707,  120,    0
  2759,111449,20190708,  117,    0
  2759,111449,20190709,  101,    0
  2759,111449,20190710,  104,    0
  2759,111449,20190711,  104,    0
  2759,111449,20190712,  163,    0
  2759,111449,20190713,  153,    0
  2759,111449,20190714,  150,    0
  2759,111449,20190715,  136,    0
  2759,111449,20190716,  134,    0
  2759,111449,20190717,  122,    0
  2759,111449,20190718,  128,    0
  2759,111449,20190719,  162,    0
  2759,111449,20190720,  142,    0
  2759,111449,20190721,  169,    0
  2759,111449,20190722,  159,    0
  2759,111449,20190723,  181,    0
  2759,111449,20190724,  182,    0
  2759,111449,20190725,  185,    0
  2759,111449,20190726,  190,    0
  2759,111449,20190727,  191,    0
  2759,111449,20190728,  180,    0
  2759,111449,20190729,  213,    0
  2759,111449,20190730,  196,    0
  2759,111449,20190731,  155,    0
  2759,111449,20190801,  152,    0
  2759,111449,20190802,  136,    0
  2759,111449,20190803,  146,    0
  2759,111449,20190804,  153,    0
  2759,111449,20190805,  138,    0
  2759,111449,20190806,  176,    0
  2759,111449,20190807,  174,    0
  2759,111449,20190808,  158,    0
  2759,111449,20190809,  142,    0
  2759,111449,20190810,  203,    0
  2759,111449,20190811,  175,    0
  2759,111449,20190812,  179,    0
  2759,111449,20190813,  140,    0
  2759,111449,20190814,  136,    0
  2759,111449,20190815,  122,    0
  2759,111449,20190816,  150,    0
  2759,111449,20190817,  146,    0
  2759,111449,20190818,  174,    0
  2759,111449,20190819,  145,    0
  2759,111449,20190820,  116,    0
  2759,111449,20190821,  130,    0
  2759,111449,20190822,  115,    0
  2759,111449,20190823,  125,    0
  2759,111449,20190824,  139,    0
  2759,111449,20190825,  190,    0
  2759,111449,20190826,  184,    0
  2759,111449,20190827,  187,    0
  2759,111449,20190828,  193,    0
  2759,111449,20190829,  185,    0
  2759,111449,20190830,  200,    0
  2759,111449,20190831,  197,    0
  2759,111449,20190901,  169,    0
  2759,111449,20190902,  128,    0
  2759,111449,20190903,  101,    0
  2759,111449,20190904,  147,    0
  2759,111449,20190905,  123,    0
  2759,111449,20190906,   97,    0
  2759,111449,20190907,   78,    0
  2759,111449,20190908,  115,    0
  2759,111449,20190909,  120,    0
  2759,111449,20190910,  115,    0
  2759,111449,20190911,   83,    0
  2759,111449,20190912,  147,    0
  2759,111449,20190913,  116,    0
  2759,111449,20190914,   82,    0
  2759,111449,20190915,   99,    0
  2759,111449,20190916,  127,    0
  2759,111449,20190917,   91,    0
  2759,111449,20190918,   75,    0
  2759,111449,20190919,   71,    0
  2759,111449,20190920,   69,    0
  2759,111449,20190921,   73,    0
  2759,111449,20190922,   80,    0
  2759,111449,20190923,   85,    0
  2759,111449,20190924,  128,    0
  2759,111449,20190925,  110,    0
  2759,111449,20190926,  101,    0
  2759,111449,20190927,  120,    0
  2759,111449,20190928,  117,    0
  2759,111449,20190929,  128,    0
  2759,111449,20190930,  109,    0
  2759,111449,20191001,  107,    0
  2759,111449,20191002,   73,    0
  2759,111449,20191003,   73,    0
  2759,111449,20191004,   46,    0
  2759,111449,20191005,   44,    0
  2759,111449,20191006,   23,    0
  2759,111449,20191007,    3,    0
  2759,111449,20191008,   53,    0
  2759,111449,20191009,  100,    0
  2759,111449,20191010,   96,    0
  2759,111449,20191011,   95,    0
  2759,111449,20191012,  145,    0
  2759,111449,20191013,  147,    0
  2759,111449,20191014,  149,    0
  2759,111449,20191015,  116,    0
  2759,111449,20191016,  101,    0
  2759,111449,20191017,  121,    0
  2759,111449,20191018,  102,    0
  2759,111449,20191019,   92,    0
  2759,111449,20191020,  115,    0
  2759,111449,20191021,  100,    0
  2759,111449,20191022,   84,    0
  2759,111449,20191023,   60,    0
  2759,111449,20191024,  115,    0
  2759,111449,20191025,  117,    0
  2759,111449,20191026,  111,    0
  2759,111449,20191027,   62,    0
  2759,111449,20191028,   55,    0
  2759,111449,20191029,   14,    0
  2759,111449,20191030,  -17,    0
  2759,111449,20191031,  -31,    0
  2759,111449,20191101,  -19,    0
  2759,111449,20191102,   68,    0
  2759,111449,20191103,   79,    0
  2759,111449,20191104,   85,    0
  2759,111449,20191105,   82,    0
  2759,111449,20191106,   61,    0
  2759,111449,20191107,   59,    0
  2759,111449,20191108,   27,    0
  2759,111449,20191109,   47,    0
  2759,111449,20191110,   22,    0
  2759,111449,20191111,    4,    0
  2759,111449,20191112,    9,    0
  2759,111449,20191113,   35,    0
  2759,111449,20191114,   34,    0
  2759,111449,20191115,   39,    0
  2759,111449,20191116,   20,    0
  2759,111449,20191117,  -10,    0
  2759,111449,20191118,   40,    0
  2759,111449,20191119,   42,    0
  2759,111449,20191120,   50,    0
  2759,111449,20191121,   60,    0
  2759,111449,20191122,   68,    0
  2759,111449,20191123,   28,    0
  2759,111449,20191124,   28,    0
  2759,111449,20191125,   36,    0
  2759,111449,20191126,   39,    0
  2759,111449,20191127,   49,    0
  2759,111449,20191128,   74,    0
  2759,111449,20191129,    0,    0
  2759,111449,20191130,  -13,    0
  2759,111449,20191201,   12,    0
  2759,111449,20191202,   16,    0
  2759,111449,20191203,   -8,    0
  2759,111449,20191204,    1,    0
  2759,111449,20191205,  -13,    0
  2759,111449,20191206,   -4,    0
  2759,111449,20191207,   57,    0
  2759,111449,20191208,   77,    0
  2759,111449,20191209,   46,    0
  2759,111449,20191210,   10,    0
  2759,111449,20191211,    7,    0
  2759,111449,20191212,    9,    0
  2759,111449,20191213,   -5,    0
  2759,111449,20191214,   21,    0
  2759,111449,20191215,   25,    0
  2759,111449,20191216,   43,    0
  2759,111449,20191217,   47,    0
  2759,111449,20191218,    2,    0
  2759,111449,20191219,    5,    0
  2759,111449,20191220,   23,    0
  2759,111449,20191221,   23,    0
  2759,111449,20191222,    4,    0
  2759,111449,20191223,   50,    0
  2759,111449,20191224,   47,    0
  2759,111449,20191225,   39,    0
  2759,111449,20191226,   39,    0
  2759,111449,20191227,    8,    0
  2759,111449,20191228,  -14,    0
  2759,111449,20191229,  -36,    0
  2759,111449,20191230,   16,    0
  2759,111449,20191231,   42,    0
  2759,111449,20200101,  -17,    0
  2759,111449,20200102,  -38,    0
  2759,111449,20200103,   15,    0
  2759,111449,20200104,   16,    0
  2759,111449,20200105,   -6,    0
  2759,111449,20200106,   23,    0
  2759,111449,20200107,   -5,    0
  2759,111449,20200108,   32,    0
  2759,111449,20200109,   72,    0
  2759,111449,20200110,   46,    0
  2759,111449,20200111,   25,    0
  2759,111449,20200112,   13,    0
  2759,111449,20200113,   21,    0
  2759,111449,20200114,   20,    0
  2759,111449,20200115,   82,    0
  2759,111449,20200116,   38,    0
  2759,111449,20200117,   12,    0
  2759,111449,20200118,   38,    0
  2759,111449,20200119,   34,    0
  2759,111449,20200120,    1,    0
  2759,111449,20200121,   -5,    0
  2759,111449,20200122,   26,    0
  2759,111449,20200123,   -1,    0
  2759,111449,20200124,  -25,    0
  2759,111449,20200125,   -2,    0
  2759,111449,20200126,  -18,    0
  2759,111449,20200127,    6,    0
  2759,111449,20200128,   26,    0
  2759,111449,20200129,   31,    0
  2759,111449,20200130,   23,    0
  2759,111449,20200131,   61,    0
  2759,111449,20200201,   80,    0
  2759,111449,20200202,   57,    0
  2759,111449,20200203,   56,    0
  2759,111449,20200204,   35,    0
  2759,111449,20200205,   17,    0
  2759,111449,20200206,   26,    0
  2759,111449,20200207,   50,    0
  2759,111449,20200208,   11,    0
  2759,111449,20200209,   54,    0
  2759,111449,20200210,   37,    0
  2759,111449,20200211,   34,    0
  2759,111449,20200212,   31,    0
  2759,111449,20200213,   14,    0
  2759,111449,20200214,   19,    0
  2759,111449,20200215,    9,    0
  2759,111449,20200216,   73,    0
  2759,111449,20200217,   70,    0
  2759,111449,20200218,   50,    0
  2759,111449,20200219,   34,    0
  2759,111449,20200220,   17,    0
  2759,111449,20200221,   42,    0
  2759,111449,20200222,   57,    0
  2759,111449,20200223,   38,    0
  2759,111449,20200224,   37,    0
  2759,111449,20200225,   41,    0
  2759,111449,20200226,   12,    0
  2759,111449,20200227,   17,    0
  2759,111449,20200228,   14,    0
  2759,111449,20200229,   10,    0
  2759,111449,20200301,   44,    0
  2759,111449,20200302,   31,    0
  2759,111449,20200303,   31,    0
  2759,111449,20200304,   18,    0
  2759,111449,20200305,    7,    0
  2759,111449,20200306,   37,    0
  2759,111449,20200307,   23,    0
  2759,111449,20200308,    5,    0
  2759,111449,20200309,   48,    0
  2759,111449,20200310,   30,    0
  2759,111449,20200311,   79,    0
  2759,111449,20200312,   59,    0
  2759,111449,20200313,   26,    0
  2759,111449,20200314,  -12,    0
  2759,111449,20200315,   -9,    0
  2759,111449,20200316,   26,    0
  2759,111449,20200317,   38,    0
  2759,111449,20200318,   66,    0
  2759,111449,20200319,   75,    0
  2759,111449,20200320,   50,    0
  2759,111449,20200321,   -2,    0
  2759,111449,20200322,  -31,    0
  2759,111449,20200323,  -46,    0
  2759,111449,20200324,  -37,    0
  2759,111449,20200325,  -32,    0
  2759,111449,20200326,  -10,    0
  2759,111449,20200327,   35,    0
  2759,111449,20200328,   12,    0
  2759,111449,20200329,  -35,    0
  2759,111449,20200330,  -38,    0
  2759,111449,20200331,  -22,    0
  2759,111449,20200401,  -18,    0
  2759,111449,20200402,   50,    0
  2759,111449,20200403,   49,    0
  2759,111449,20200404,   25,    0
  2759,111449,20200405,   24,    0
  2759,111449,20200406,   49,    0
  2759,111449,20200407,   70,    0
  2759,111449,20200408,   54,    0
  2759,111449,20200409,   62,    0
  2759,111449,20200410,   27,    0
  2759,111449,20200411,   24,    0
  2759,111449,20200412,   29,    0
  2759,111449,20200413,   36,    0
  2759,111449,20200414,    6,    0
  2759,111449,20200415,   48,    0
  2759,111449,20200416,   53,    0
  2759,111449,20200417,   56,    0
  2759,111449,20200418,   34,    0
  2759,111449,20200419,   53,    0
  2759,111449,20200420,   33,    0
  2759,111449,20200421,   47,    0
  2759,111449,20200422,   51,    0
  2759,111449,20200423,   64,    0
  2759,111449,20200424,   72,    0
  2759,111449,20200425,   75,    0
  2759,111449,20200426,   44,    0
  2759,111449,20200427,   43,    0
  2759,111449,20200428,   90,    0
  2759,111449,20200429,   80,    0
  2759,111449,20200430,   97,    0
  2759,111449,20200501,   93,    0
  2759,111449,20200502,   67,    0
  2759,111449,20200503,   63,    0
  2759,111449,20200504,   46,    0
  2759,111449,20200505,   36,    0
  2759,111449,20200506,   60,    0
  2759,111449,20200507,   63,    0
  2759,111449,20200508,   64,    0
  2759,111449,20200509,   80,    0
  2759,111449,20200510,   98,    0
  2759,111449,20200511,   23,    0
  2759,111449,20200512,    7,    0
  2759,111449,20200513,   56,    0
  2759,111449,20200514,   44,    0
  2759,111449,20200515,   15,    0
  2759,111449,20200516,   84,    0
  2759,111449,20200517,   91,    0
  2759,111449,20200518,  109,    0
  2759,111449,20200519,  109,    0
  2759,111449,20200520,   91,    0
  2759,111449,20200521,   70,    0
  2759,111449,20200522,   99,    0
  2759,111449,20200523,  107,    0
  2759,111449,20200524,  102,    0
  2759,111449,20200525,   96,    0
  2759,111449,20200526,   76,    0
  2759,111449,20200527,   74,    0
  2759,111449,20200528,   91,    0
  2759,111449,20200529,   74,    0
  2759,111449,20200530,   76,    0
  2759,111449,20200531,   94,    0
  2759,111449,20200601,   81,    0
  2759,111449,20200602,  100,    0
  2759,111449,20200603,  122,    0
  2759,111449,20200604,  135,    0
  2759,111449,20200605,  112,    0
  2759,111449,20200606,   89,    0
  2759,111449,20200607,  100,    0
  2759,111449,20200608,  106,    0
  2759,111449,20200609,  122,    0
  2759,111449,20200610,  113,    0
  2759,111449,20200611,  144,    0
  2759,111449,20200612,  139,    0
  2759,111449,20200613,  176,    0
  2759,111449,20200614,  164,    0
  2759,111449,20200615,  147,    0
  2759,111449,20200616,  129,    0
  2759,111449,20200617,  148,    0
  2759,111449,20200618,  177,    0
  2759,111449,20200619,  163,    0
  2759,111449,20200620,  147,    0
  2759,111449,20200621,  143,    0
  2759,111449,20200622,  129,    0
  2759,111449,20200623,  123,    0
  2759,111449,20200624,  132,    0
  2759,111449,20200625,  192,    0
  2759,111449,20200626,  176,    0
  2759,111449,20200627,  162,    0
  2759,111449,20200628,  184,    0
  2759,111449,20200629,  155,    0
  2759,111449,20200630,  153,    0
  2759,111449,20200701,  174,    0
  2759,111449,20200702,  160,    0
  2759,111449,20200703,  158,    0
  2759,111449,20200704,  153,    0
  2759,111449,20200705,  191,    0
  2759,111449,20200706,  125,    0
  2759,111449,20200707,  118,    0
  2759,111449,20200708,  130,    0
  2759,111449,20200709,  143,    0
  2759,111449,20200710,  123,    0
  2759,111449,20200711,  114,    0
  2759,111449,20200712,  104,    0
  2759,111449,20200713,  112,    0
  2759,111449,20200714,  125,    0
  2759,111449,20200715,  145,    0
  2759,111449,20200716,  135,    0
  2759,111449,20200717,  119,    0
  2759,111449,20200718,  117,    0
  2759,111449,20200719,  163,    0
  2759,111449,20200720,  140,    0
  2759,111449,20200721,  126,    0
  2759,111449,20200722,  109,    0
  2759,111449,20200723,  143,    0
  2759,111449,20200724,  130,    0
  2759,111449,20200725,  142,    0
  2759,111449,20200726,  153,    0
  2759,111449,20200727,  139,    0
  2759,111449,20200728,  178,    0
  2759,111449,20200729,  146,    0
  2759,111449,20200730,  124,    0
  2759,111449,20200731,  133,    0
  2759,111449,20200801,  135,    0
  2759,111449,20200802,  172,    0
  2759,111449,20200803,  139,    0
  2759,111449,20200804,  119,    0
  2759,111449,20200805,  107,    0
  2759,111449,20200806,  156,    0
  2759,111449,20200807,  183,    0
  2759,111449,20200808,  202,    0
  2759,111449,20200809,  214,    0
  2759,111449,20200810,  217,    0
  2759,111449,20200811,  196,    0
  2759,111449,20200812,  184,    0
  2759,111449,20200813,  181,    0
  2759,111449,20200814,  191,    0
  2759,111449,20200815,  171,    0
  2759,111449,20200816,  186,    0
  2759,111449,20200817,  164,    0
  2759,111449,20200818,  184,    0
  2759,111449,20200819,  166,    0
  2759,111449,20200820,  171,    0
  2759,111449,20200821,  201,    0
  2759,111449,20200822,  177,    0
  2759,111449,20200823,  162,    0
  2759,111449,20200824,  154,    0
  2759,111449,20200825,  135,    0
  2759,111449,20200826,  155,    0
  2759,111449,20200827,  124,    0
  2759,111449,20200828,  123,    0
  2759,111449,20200829,  150,    0
  2759,111449,20200830,  129,    0
  2759,111449,20200831,  132,    0
  2759,111449,20200901,  104,    0
  2759,111449,20200902,  112,    0
  2759,111449,20200903,  132,    0
  2759,111449,20200904,  153,    0
  2759,111449,20200905,  134,    0
  2759,111449,20200906,  116,    0
  2759,111449,20200907,  124,    0
  2759,111449,20200908,  114,    0
  2759,111449,20200909,  152,    0
  2759,111449,20200910,   97,    0
  2759,111449,20200911,   86,    0
  2759,111449,20200912,   94,    0
  2759,111449,20200913,  116,    0
  2759,111449,20200914,  115,    0
  2759,111449,20200915,  158,    0
  2759,111449,20200916,  151,    0
  2759,111449,20200917,   86,    0
  2759,111449,20200918,   51,    0
  2759,111449,20200919,   61,    0
  2759,111449,20200920,   93,    0
  2759,111449,20200921,   89,    0
  2759,111449,20200922,  114,    0
  2759,111449,20200923,  134,    0
  2759,111449,20200924,  135,    0
  2759,111449,20200925,  106,    0
  2759,111449,20200926,   86,    0
  2759,111449,20200927,   70,    0
  2759,111449,20200928,   91,    0
  2759,111449,20200929,  101,    0
  2759,111449,20200930,   78,    0
  2759,111449,20201001,   81,    0
  2759,111449,20201002,  116,    0
  2759,111449,20201003,  130,    0
  2759,111449,20201004,   87,    0
  2759,111449,20201005,   74,    0
  2759,111449,20201006,   96,    0
  2759,111449,20201007,  108,    0
  2759,111449,20201008,   91,    0
  2759,111449,20201009,  109,    0
  2759,111449,20201010,   61,    0
  2759,111449,20201011,   40,    0
  2759,111449,20201012,   31,    0
  2759,111449,20201013,   13,    0
  2759,111449,20201014,   95,    0
  2759,111449,20201015,   97,    0
  2759,111449,20201016,   77,    0
  2759,111449,20201017,   74,    0
  2759,111449,20201018,   65,    0
  2759,111449,20201019,   60,    0
  2759,111449,20201020,   41,    0
  2759,111449,20201021,   99,    0
  2759,111449,20201022,  144,    0
  2759,111449,20201023,  112,    0
  2759,111449,20201024,  109,    0
  2759,111449,20201025,   89,    0
  2759,111449,20201026,   96,    0
  2759,111449,20201027,   76,    0
  2759,111449,20201028,   85,    0
  2759,111449,20201029,   81,    0
  2759,111449,20201030,   77,    0
  2759,111449,20201031,  125,    0
  2759,111449,20201101,  106,    0
  2759,111449,20201102,  144,    0
  2759,111449,20201103,  104,    0
  2759,111449,20201104,   53,    0
  2759,111449,20201105,   35,    0
  2759,111449,20201106,   86,    0
  2759,111449,20201107,   22,    0
  2759,111449,20201108,   10,    0
  2759,111449,20201109,   52,    0
  2759,111449,20201110,   45,    0
  2759,111449,20201111,   58,    0
  2759,111449,20201112,   60,    0
  2759,111449,20201113,   62,    0
  2759,111449,20201114,   89,    0
  2759,111449,20201115,   71,    0
  2759,111449,20201116,   72,    0
  2759,111449,20201117,   83,    0
  2759,111449,20201118,   83,    0
  2759,111449,20201119,   40,    0
  2759,111449,20201120,    5,    0
  2759,111449,20201121,    2,    0
  2759,111449,20201122,   65,    0
  2759,111449,20201123,   31,    0
  2759,111449,20201124,    4,    0
  2759,111449,20201125,   -4,    0
  2759,111449,20201126,   -3,    0
  2759,111449,20201127,   39,    0
  2759,111449,20201128,   -1,    0
  2759,111449,20201129,  -10,    0
  2759,111449,20201130,  -13,    0
  2759,111449,20201201,  -10,    0
  2759,111449,20201202,  -32,    0
  2759,111449,20201203,  -27,    0
  2759,111449,20201204,  -14,    0
  2759,111449,20201205,    7,    0
  2759,111449,20201206,   37,    0
  2759,111449,20201207,   24,    0
  2759,111449,20201208,   15,    0
  2759,111449,20201209,    5,    0
  2759,111449,20201210,  -12,    0
  2759,111449,20201211,  -12,    0
  2759,111449,20201212,    2,    0
  2759,111449,20201213,   20,    0
  2759,111449,20201214,   33,    0
  2759,111449,20201215,   35,    0
  2759,111449,20201216,   47,    0
  2759,111449,20201217,   26,    0
  2759,111449,20201218,   13,    0
  2759,111449,20201219,    1,    0
  2759,111449,20201220,    9,    0
  2759,111449,20201221,   30,    0
  2759,111449,20201222,   48,    0
  2759,111449,20201223,   64,    0
  2759,111449,20201224,   33,    0
  2759,111449,20201225,   13,    0
  2759,111449,20201226,   -7,    0
  2759,111449,20201227,   10,    0
  2759,111449,20201228,   14,    0
  2759,111449,20201229,    1,    0
  2759,111449,20201230,   -1,    0
  2759,111449,20201231,    8,    0
  2759,111449,20210101,    6,    0
  2759,111449,20210102,   -9,    0
  2759,111449,20210103,   -3,    0
  2759,111449,20210104,    6,    0
  2759,111449,20210105,    7,    0
  2759,111449,20210106,   11,    0
  2759,111449,20210107,    8,    0
  2759,111449,20210108,    6,    0
  2759,111449,20210109,    7,    0
  2759,111449,20210110,  -11,    0
  2759,111449,20210111,   -6,    0
  2759,111449,20210112,    5,    0
  2759,111449,20210113,    2,    0
  2759,111449,20210114,   -2,    0
  2759,111449,20210115,  -29,    0
  2759,111449,20210116,  -25,    0
  2759,111449,20210117,  -41,    0
  2759,111449,20210118,  -48,    0
  2759,111449,20210119,    5,    0
  2759,111449,20210120,   38,    0
  2759,111449,20210121,   53,    0
  2759,111449,20210122,   11,    0
  2759,111449,20210123,    2,    0
  2759,111449,20210124,    2,    0
  2759,111449,20210125,    5,    0
  2759,111449,20210126,  -14,    0
  2759,111449,20210127,   -4,    0
  2759,111449,20210128,  -21,    0
  2759,111449,20210129,  -26,    0
  2759,111449,20210130,  -38,    0
  2759,111449,20210131,  -87,    0
  2759,111449,20210201,  -89,    0
  2759,111449,20210202,  -12,    0
  2759,111449,20210203,   13,    0
  2759,111449,20210204,    2,    0
  2759,111449,20210205,  -12,    0
  2759,111449,20210206,  -44,    0
  2759,111449,20210207,  -74,    0
  2759,111449,20210208, -108,    0
  2759,111449,20210209,  -98,    0
  2759,111449,20210210, -111,    0
  2759,111449,20210211,  -85,    0
  2759,111449,20210212,  -90,    0
  2759,111449,20210213, -107,    0
  2759,111449,20210214,  -88,    0
  2759,111449,20210215, -125,    0
  2759,111449,20210216,  -21,    0
  2759,111449,20210217,   20,    0
  2759,111449,20210218,   37,    0
  2759,111449,20210219,   17,    0
  2759,111449,20210220,    1,    0
  2759,111449,20210221,   34,    0
  2759,111449,20210222,   12,    0
  2759,111449,20210223,   48,    0
  2759,111449,20210224,   89,    0
  2759,111449,20210225,   66,    0
  2759,111449,20210226,   44,    0
  2759,111449,20210227,   24,    0
  2759,111449,20210228,    6,    0
  2759,111449,20210301,    7,    0
  2759,111449,20210302,  -17,    0
  2759,111449,20210303,   -3,    0
  2759,111449,20210304,   22,    0
  2759,111449,20210305,  -29,    0
  2759,111449,20210306,  -22,    0
  2759,111449,20210307,   18,    0
  2759,111449,20210308,  -28,    0
  2759,111449,20210309,  -30,    0
  2759,111449,20210310,  -40,    0
  2759,111449,20210311,   18,    0
  2759,111449,20210312,   44,    0
  2759,111449,20210313,   39,    0
  2759,111449,20210314,   32,    0
  2759,111449,20210315,   28,    0
  2759,111449,20210316,   -2,    0
  2759,111449,20210317,  -16,    0
  2759,111449,20210318,  -16,    0
  2759,111449,20210319,  -36,    0
  2759,111449,20210320,  -29,    0
  2759,111449,20210321,   17,    0
  2759,111449,20210322,    1,    0
  2759,111449,20210323,   46,    0
  2759,111449,20210324,   39,    0
  2759,111449,20210325,   17,    0
  2759,111449,20210326,   50,    0
  2759,111449,20210327,   29,    0
  2759,111449,20210328,   14,    0
  2759,111449,20210329,  101,    0
  2759,111449,20210330,   68,    0
  2759,111449,20210331,   65,    0
  2759,111449,20210401,   50,    0
  2759,111449,20210402,    8,    0
  2759,111449,20210403,    5,    0
  2759,111449,20210404,   -9,    0
  2759,111449,20210405,    2,    0
  2759,111449,20210406,  -10,    0
  2759,111449,20210407,   10,    0
  2759,111449,20210408,   18,    0
  2759,111449,20210409,   14,    0
  2759,111449,20210410,   58,    0
  2759,111449,20210411,   43,    0
  2759,111449,20210412,   25,    0
  2759,111449,20210413,   10,    0
  2759,111449,20210414,    8,    0
  2759,111449,20210415,    0,    0
  2759,111449,20210416,   35,    0
  2759,111449,20210417,   50,    0
  2759,111449,20210418,   49,    0
  2759,111449,20210419,   30,    0
  2759,111449,20210420,   41,    0
  2759,111449,20210421,   43,    0
  2759,111449,20210422,   45,    0
  2759,111449,20210423,   50,    0
  2759,111449,20210424,   30,    0
  2759,111449,20210425,   22,    0
  2759,111449,20210426,   -8,    0
  2759,111449,20210427,   -4,    0
  2759,111449,20210428,   28,    0
  2759,111449,20210429,   88,    0
  2759,111449,20210430,   63,    0
  2759,111449,20210501,   56,    0
  2759,111449,20210502,   66,    0
  2759,111449,20210503,   42,    0
  2759,111449,20210504,   50,    0
  2759,111449,20210505,   59,    0
  2759,111449,20210506,   38,    0
  2759,111449,20210507,   14,    0
  2759,111449,20210508,   30,    0
  2759,111449,20210509,  101,    0
  2759,111449,20210510,  144,    0
  2759,111449,20210511,  147,    0
  2759,111449,20210512,  127,    0
  2759,111449,20210513,  108,    0
  2759,111449,20210514,   92,    0
  2759,111449,20210515,   61,    0
  2759,111449,20210516,   87,    0
  2759,111449,20210517,   91,    0
  2759,111449,20210518,   67,    0
  2759,111449,20210519,   67,    0
  2759,111449,20210520,  101,    0
  2759,111449,20210521,  107,    0
  2759,111449,20210522,  103,    0
  2759,111449,20210523,   88,    0
  2759,111449,20210524,   78,    0
  2759,111449,20210525,   93,    0
  2759,111449,20210526,   89,    0
  2759,111449,20210527,   85,    0
  2759,111449,20210528,   87,    0
  2759,111449,20210529,   71,    0
  2759,111449,20210530,   75,    0
  2759,111449,20210531,   61,    0
  2759,111449,20210601,   94,    0
  2759,111449,20210602,  112,    0
  2759,111449,20210603,  109,    0
  2759,111449,20210604,  152,    0
  2759,111449,20210605,  134,    0
  2759,111449,20210606,  152,    0
  2759,111449,20210607,  125,    0
  2759,111449,20210608,  142,    0
  2759,111449,20210609,  130,    0
  2759,111449,20210610,  158,    0
  2759,111449,20210611,  168,    0
  2759,111449,20210612,  134,    0
  2759,111449,20210613,  116,    0
  2759,111449,20210614,   94,    0
  2759,111449,20210615,  142,    0
  2759,111449,20210616,  118,    0
  2759,111449,20210617,  176,    0
  2759,111449,20210618,  207,    0
  2759,111449,20210619,  211,    0
  2759,111449,20210620,  209,    0
  2759,111449,20210621,  207,    0
  2759,111449,20210622,  145,    0
  2759,111449,20210623,  123,    0
  2759,111449,20210624,  145,    0
  2759,111449,20210625,  167,    0
  2759,111449,20210626,  152,    0
  2759,111449,20210627,  142,    0
  2759,111449,20210628,  154,    0
  2759,111449,20210629,  187,    0
  2759,111449,20210630,  171,    0
  2759,111449,20210701,  144,    0
  2759,111449,20210702,  154,    0
  2759,111449,20210703,  148,    0
  2759,111449,20210704,  173,    0
  2759,111449,20210705,  175,    0
  2759,111449,20210706,  170,    0
  2759,111449,20210707,  174,    0
  2759,111449,20210708,  161,    0
  2759,111449,20210709,  147,    0
  2759,111449,20210710,  147,    0
  2759,111449,20210711,  154,    0
  2759,111449,20210712,  171,    0
  2759,111449,20210713,  165,    0
  2759,111449,20210714,  177,    0
  2759,111449,20210715,  167,    0
  2759,111449,20210716,  175,    0
  2759,111449,20210717,  189,    0
  2759,111449,20210718,  174,    0
  2759,111449,20210719,  147,    0
  2759,111449,20210720,  152,    0
  2759,111449,20210721,  142,    0
  2759,111449,20210722,  172,    0
  2759,111449,20210723,  143,    0
  2759,111449,20210724,  155,    0
  2759,111449,20210725,  188,    0
  2759,111449,20210726,  192,    0
  2759,111449,20210727,  191,    0
  2759,111449,20210728,  188,    0
  2759,111449,20210729,  163,    0
  2759,111449,20210730,  140,    0
  2759,111449,20210731,  177,    0
  2759,111449,20210801,  150,    0
  2759,111449,20210802,  143,    0
  2759,111449,20210803,  116,    0
  2759,111449,20210804,  148,    0
  2759,111449,20210805,  140,    0
  2759,111449,20210806,  154,    0
  2759,111449,20210807,  148,    0
  2759,111449,20210808,  148,    0
  2759,111449,20210809,  124,    0
  2759,111449,20210810,  136,    0
  2759,111449,20210811,  136,    0
  2759,111449,20210812,  122,    0
  2759,111449,20210813,  170,    0
  2759,111449,20210814,  170,    0
  2759,111449,20210815,  143,    0
  2759,111449,20210816,  125,    0
  2759,111449,20210817,  125,    0
  2759,111449,20210818,  141,    0
  2759,111449,20210819,  161,    0
  2759,111449,20210820,  155,    0
  2759,111449,20210821,  141,    0
  2759,111449,20210822,  154,    0
  2759,111449,20210823,  146,    0
  2759,111449,20210824,  104,    0
  2759,111449,20210825,   83,    0
  2759,111449,20210826,  126,    0
  2759,111449,20210827,  124,    0
  2759,111449,20210828,  127,    0
  2759,111449,20210829,  142,    0
  2759,111449,20210830,  138,    0
  2759,111449,20210831,  119,    0
  2759,111449,20210901,  119,    0
  2759,111449,20210902,  118,    0
  2759,111449,20210903,  106,    0
  2759,111449,20210904,  110,    0
  2759,111449,20210905,  100,    0
  2759,111449,20210906,   98,    0
  2759,111449,20210907,  122,    0
  2759,111449,20210908,  111,    0
  2759,111449,20210909,  120,    0
  2759,111449,20210910,  162,    0
  2759,111449,20210911,  168,    0
  2759,111449,20210912,  150,    0
  2759,111449,20210913,  112,    0
  2759,111449,20210914,   94,    0
  2759,111449,20210915,  142,    0
  2759,111449,20210916,  160,    0
  2759,111449,20210917,  133,    0
  2759,111449,20210918,  124,    0
  2759,111449,20210919,  111,    0
  2759,111449,20210920,  106,    0
  2759,111449,20210921,  110,    0
  2759,111449,20210922,  109,    0
  2759,111449,20210923,  100,    0
  2759,111449,20210924,  123,    0
  2759,111449,20210925,  131,    0
  2759,111449,20210926,  125,    0
  2759,111449,20210927,  150,    0
  2759,111449,20210928,  107,    0
  2759,111449,20210929,   98,    0
  2759,111449,20210930,   82,    0
  2759,111449,20211001,   70,    0
  2759,111449,20211002,   97,    0
  2759,111449,20211003,  139,    0
  2759,111449,20211004,  133,    0
  2759,111449,20211005,  112,    0
  2759,111449,20211006,   77,    0
  2759,111449,20211007,   51,    0
  2759,111449,20211008,   61,    0
  2759,111449,20211009,   41,    0
  2759,111449,20211010,   14,    0
  2759,111449,20211011,   26,    0
  2759,111449,20211012,   53,    0
  2759,111449,20211013,   41,    0
  2759,111449,20211014,   86,    0
  2759,111449,20211015,   72,    0
  2759,111449,20211016,   59,    0
  2759,111449,20211017,   67,    0
  2759,111449,20211018,   92,    0
  2759,111449,20211019,   84,    0
  2759,111449,20211020,  131,    0
  2759,111449,20211021,   70,    0
  2759,111449,20211022,   60,    0
  2759,111449,20211023,   46,    0
  2759,111449,20211024,   33,    0
  2759,111449,20211025,   19,    0
  2759,111449,20211026,   46,    0
  2759,111449,20211027,  102,    0
  2759,111449,20211028,   71,    0
  2759,111449,20211029,   42,    0
  2759,111449,20211030,   51,    0
  2759,111449,20211031,  102,    0
  2759,111449,20211101,   81,    0
  2759,111449,20211102,   64,    0
  2759,111449,20211103,   22,    0
  2759,111449,20211104,   62,    0
  2759,111449,20211105,   65,    0
  2759,111449,20211106,   69,    0
  2759,111449,20211107,   71,    0
  2759,111449,20211108,   72,    0
  2759,111449,20211109,   44,    0
  2759,111449,20211110,    3,    0
  2759,111449,20211111,    1,    0
  2759,111449,20211112,   30,    0
  2759,111449,20211113,   28,    0
  2759,111449,20211114,   50,    0
  2759,111449,20211115,   53,    0
  2759,111449,20211116,   49,    0
  2759,111449,20211117,   44,    0
  2759,111449,20211118,   60,    0
  2759,111449,20211119,   97,    0
  2759,111449,20211120,   98,    0
  2759,111449,20211121,   36,    0
  2759,111449,20211122,    6,    0
  2759,111449,20211123,    4,    0
  2759,111449,20211124,   59,    0
  2759,111449,20211125,   34,    0
  2759,111449,20211126,   21,    0
  2759,111449,20211127,    5,    0
  2759,111449,20211128,   -2,    0
  2759,111449,20211129,   16,    0
  2759,111449,20211130,   11,    0
  2759,111449,20211201,   23,    0
  2759,111449,20211202,  -15,    0
  2759,111449,20211203,  -20,    0
  2759,111449,20211204,    5,    0
  2759,111449,20211205,    3,    0
  2759,111449,20211206,   -3,    0
  2759,111449,20211207,  -16,    0
  2759,111449,20211208,  -10,    0
  2759,111449,20211209,  -17,    0
  2759,111449,20211210,  -12,    0
  2759,111449,20211211,  -19,    0
  2759,111449,20211212,  -18,    0
  2759,111449,20211213,   52,    0
  2759,111449,20211214,   70,    0
  2759,111449,20211215,   77,    0
  2759,111449,20211216,   54,    0
  2759,111449,20211217,   47,    0
  2759,111449,20211218,   48,    0
  2759,111449,20211219,   15,    0
  2759,111449,20211220,   -7,    0
  2759,111449,20211221,   -5,    0
  2759,111449,20211222,  -31,    0
  2759,111449,20211223,  -36,    0
  2759,111449,20211224,  -53,    0
  2759,111449,20211225,  -89,    0
  2759,111449,20211226, -108,    0
  2759,111449,20211227,  -83,    0
  2759,111449,20211228,  -43,    0
  2759,111449,20211229,   24,    0
  2759,111449,20211230,   46,    0
  2759,111449,20211231,  118,    0
  2759,111449,20220101,   99,    0
  2759,111449,20220102,   79,    0
  2759,111449,20220103,   62,    0
  2759,111449,20220104,   41,    0
  2759,111449,20220105,   25,    0
  2759,111449,20220106,  -14,    0
  2759,111449,20220107,  -15,    0
  2759,111449,20220108,   -6,    0
  2759,111449,20220109,   -9,    0
  2759,111449,20220110,  -24,    0
  2759,111449,20220111,  -34,    0
  2759,111449,20220112,  -24,    0
  2759,111449,20220113,   35,    0
  2759,111449,20220114,   24,    0
  2759,111449,20220115,    6,    0
  2759,111449,20220116,  -10,    0
  2759,111449,20220117,    4,    0
  2759,111449,20220118,   -8,    0
  2759,111449,20220119,   24,    0
  2759,111449,20220120,  -24,    0
  2759,111449,20220121,  -29,    0
  2759,111449,20220122,   13,    0
  2759,111449,20220123,   44,    0
  2759,111449,20220124,   42,    0
  2759,111449,20220125,   30,    0
  2759,111449,20220126,   18,    0
  2759,111449,20220127,   30,    0
  2759,111449,20220128,   33,    0
  2759,111449,20220129,   27,    0
  2759,111449,20220130,   41,    0
  2759,111449,20220131,   -1,    0
  2759,111449,20220201,   13,    0
  2759,111449,20220202,   15,    0
  2759,111449,20220203,   14,    0
  2759,111449,20220204,   32,    0
  2759,111449,20220205,   13,    0
  2759,111449,20220206,   40,    0
  2759,111449,20220207,   21,    0
  2759,111449,20220208,   27,    0
  2759,111449,20220209,   84,    0
  2759,111449,20220210,   31,    0
  2759,111449,20220211,    2,    0
  2759,111449,20220212,  -27,    0
  2759,111449,20220213,   -8,    0
  2759,111449,20220214,   29,    0
  2759,111449,20220215,   50,    0
  2759,111449,20220216,   47,    0
  2759,111449,20220217,   50,    0
  2759,111449,20220218,   40,    0
  2759,111449,20220219,   35,    0
  2759,111449,20220220,   22,    0
  2759,111449,20220221,   32,    0
  2759,111449,20220222,   41,    0
  2759,111449,20220223,   24,    0
  2759,111449,20220224,   12,    0
  2759,111449,20220225,   21,    0
  2759,111449,20220226,   -2,    0
  2759,111449,20220227,  -19,    0
  2759,111449,20220228,   -9,    0
  2759,111449,20220301,  -25,    0
  2759,111449,20220302,  -30,    0
  2759,111449,20220303,  -36,    0
  2759,111449,20220304,   -6,    0
  2759,111449,20220305,  -23,    0
  2759,111449,20220306,   -4,    0
  2759,111449,20220307,  -25,    0
  2759,111449,20220308,  -28,    0
  2759,111449,20220309,  -25,    0
  2759,111449,20220310,   -6,    0
  2759,111449,20220311,  -22,    0
  2759,111449,20220312,  -21,    0
  2759,111449,20220313,  -12,    0
  2759,111449,20220314,   18,    0
  2759,111449,20220315,   25,    0
  2759,111449,20220316,   31,    0
  2759,111449,20220317,   40,    0
  2759,111449,20220318,   55,    0
  2759,111449,20220319,   10,    0
  2759,111449,20220320,    4,    0
  2759,111449,20220321,    9,    0
  2759,111449,20220322,   10,    0
  2759,111449,20220323,    7,    0
  2759,111449,20220324,    7,    0
  2759,111449,20220325,   17,    0
  2759,111449,20220326,   50,    0
  2759,111449,20220327,   16,    0
  2759,111449,20220328,   53,    0
  2759,111449,20220329,   36,    0
  2759,111449,20220330,   14,    0
  2759,111449,20220331,  -10,    0
  2759,111449,20220401,    3,    0
  2759,111449,20220402,  -22,    0
  2759,111449,20220403,  -39,    0
  2759,111449,20220404,   10,    0
  2759,111449,20220405,   48,    0
  2759,111449,20220406,   88,    0
  2759,111449,20220407,   62,    0
  2759,111449,20220408,   28,    0
  2759,111449,20220409,   26,    0
  2759,111449,20220410,   26,    0
  2759,111449,20220411,   19,    0
  2759,111449,20220412,   13,    0
  2759,111449,20220413,   61,    0
  2759,111449,20220414,   81,    0
  2759,111449,20220415,   28,    0
  2759,111449,20220416,   17,    0
  2759,111449,20220417,    7,    0
  2759,111449,20220418,   24,    0
  2759,111449,20220419,   31,    0
  2759,111449,20220420,   56,    0
  2759,111449,20220421,   69,    0
  2759,111449,20220422,   47,    0
  2759,111449,20220423,   44,    0
  2759,111449,20220424,   48,    0
  2759,111449,20220425,   51,    0
  2759,111449,20220426,   37,    0
  2759,111449,20220427,   62,    0
  2759,111449,20220428,   49,    0
  2759,111449,20220429,   53,    0
  2759,111449,20220430,   72,    0
  2759,111449,20220501,   62,    0
  2759,111449,20220502,   66,    0
  2759,111449,20220503,   77,    0
  2759,111449,20220504,   65,    0
  2759,111449,20220505,   94,    0
  2759,111449,20220506,   65,    0
  2759,111449,20220507,  102,    0
  2759,111449,20220508,   85,    0
  2759,111449,20220509,   64,    0
  2759,111449,20220510,  100,    0
  2759,111449,20220511,  157,    0
  2759,111449,20220512,  132,    0
  2759,111449,20220513,   96,    0
  2759,111449,20220514,  109,    0
  2759,111449,20220515,   79,    0
  2759,111449,20220516,   99,    0
  2759,111449,20220517,  129,    0
  2759,111449,20220518,  111,    0
  2759,111449,20220519,  145,    0
  2759,111449,20220520,  167,    0
  2759,111449,20220521,  119,    0
  2759,111449,20220522,  102,    0
  2759,111449,20220523,   99,    0
  2759,111449,20220524,  118,    0
  2759,111449,20220525,   96,    0
  2759,111449,20220526,  139,    0
  2759,111449,20220527,   85,    0
  2759,111449,20220528,   86,    0
  2759,111449,20220529,   96,    0
  2759,111449,20220530,   79,    0
  2759,111449,20220531,   79,    0
  2759,111449,20220601,  119,    0
  2759,111449,20220602,  100,    0
  2759,111449,20220603,   79,    0
  2759,111449,20220604,  122,    0
  2759,111449,20220605,  101,    0
  2759,111449,20220606,  147,    0
  2759,111449,20220607,  131,    0
  2759,111449,20220608,  142,    0
  2759,111449,20220609,  157,    0
  2759,111449,20220610,  128,    0
  2759,111449,20220611,  165,    0
  2759,111449,20220612,  153,    0
  2759,111449,20220613,  122,    0
  2759,111449,20220614,  105,    0
  2759,111449,20220615,   87,    0
  2759,111449,20220616,  130,    0
  2759,111449,20220617,  132,    0
  2759,111449,20220618,  177,    0
  2759,111449,20220619,  147,    0
  2759,111449,20220620,  115,    0
  2759,111449,20220621,  107,    0
  2759,111449,20220622,  117,    0
  2759,111449,20220623,  140,    0
  2759,111449,20220624,  185,    0
  2759,111449,20220625,  190,    0
  2759,111449,20220626,  185,    0
  2759,111449,20220627,  204,    0
  2759,111449,20220628,  170,    0
  2759,111449,20220629,  164,    0
  2759,111449,20220630,  189,    0
  2759,111449,20220701,  151,    0
  2759,111449,20220702,  130,    0
  2759,111449,20220703,  158,    0
  2759,111449,20220704,  156,    0
  2759,111449,20220705,  144,    0
  2759,111449,20220706,  147,    0
  2759,111449,20220707,  127,    0
  2759,111449,20220708,  144,    0
  2759,111449,20220709,  125,    0
  2759,111449,20220710,  130,    0
  2759,111449,20220711,  117,    0
  2759,111449,20220712,  122,    0
  2759,111449,20220713,  168,    0
  2759,111449,20220714,  147,    0
  2759,111449,20220715,  122,    0
  2759,111449,20220716,  138,    0
  2759,111449,20220717,  111,    0
  2759,111449,20220718,  140,    0
  2759,111449,20220719,  154,    0
  2759,111449,20220720,  193,    0
  2759,111449,20220721,  200,    0
  2759,111449,20220722,  174,    0
  2759,111449,20220723,  146,    0
  2759,111449,20220724,  128,    0
  2759,111449,20220725,  180,    0
  2759,111449,20220726,  163,    0
  2759,111449,20220727,  126,    0
  2759,111449,20220728,  105,    0
  2759,111449,20220729,  147,    0
  2759,111449,20220730,  166,    0
  2759,111449,20220731,  138,    0
  2759,111449,20220801,  175,    0
  2759,111449,20220802,  165,    0
  2759,111449,20220803,  191,    0
  2759,111449,20220804,  189,    0
  2759,111449,20220805,  160,    0
  2759,111449,20220806,  132,    0
  2759,111449,20220807,  115,    0
  2759,111449,20220808,  131,    0
  2759,111449,20220809,  166,    0
  2759,111449,20220810,  143,    0
  2759,111449,20220811,  149,    0
  2759,111449,20220812,  155,    0
  2759,111449,20220813,  186,    0
  2759,111449,20220814,  202,    0
  2759,111449,20220815,  193,    0
  2759,111449,20220816,  181,    0
  2759,111449,20220817,  181,    0
  2759,111449,20220818,  201,    0
  2759,111449,20220819,  199,    0
  2759,111449,20220820,  193,    0
  2759,111449,20220821,  153,    0
  2759,111449,20220822,  137,    0
  2759,111449,20220823,  175,    0
  2759,111449,20220824,  163,    0
  2759,111449,20220825,  173,    0
  2759,111449,20220826,  191,    0
  2759,111449,20220827,  182,    0
  2759,111449,20220828,  148,    0
  2759,111449,20220829,  129,    0
  2759,111449,20220830,  132,    0
  2759,111449,20220831,  135,    0
  2759,111449,20220901,  130,    0
  2759,111449,20220902,  115,    0
  2759,111449,20220903,  107,    0
  2759,111449,20220904,  128,    0
  2759,111449,20220905,  132,    0
  2759,111449,20220906,  132,    0
  2759,111449,20220907,  136,    0
  2759,111449,20220908,  148,    0
  2759,111449,20220909,  134,    0
  2759,111449,20220910,  125,    0
  2759,111449,20220911,  129,    0
  2759,111449,20220912,  110,    0
  2759,111449,20220913,  138,    0
  2759,111449,20220914,  120,    0
  2759,111449,20220915,  119,    0
  2759,111449,20220916,  105,    0
  2759,111449,20220917,  100,    0
  2759,111449,20220918,   88,    0
  2759,111449,20220919,   85,    0
  2759,111449,20220920,   70,    0
  2759,111449,20220921,   62,    0
  2759,111449,20220922,   54,    0
  2759,111449,20220923,   39,    0
  2759,111449,20220924,   91,    0
  2759,111449,20220925,  109,    0
  2759,111449,20220926,  108,    0
  2759,111449,20220927,   79,    0
  2759,111449,20220928,   71,    0
  2759,111449,20220929,   52,    0
  2759,111449,20220930,   32,    0
  2759,111449,20221001,   70,    0
  2759,111449,20221002,  100,    0
  2759,111449,20221003,  109,    0
  2759,111449,20221004,  107,    0
  2759,111449,20221005,   99,    0
  2759,111449,20221006,   67,    0
  2759,111449,20221007,   50,    0
  2759,111449,20221008,   87,    0
  2759,111449,20221009,   52,    0
  2759,111449,20221010,   58,    0
  2759,111449,20221011,   42,    0
  2759,111449,20221012,   23,    0
  2759,111449,20221013,   49,    0
  2759,111449,20221014,   45,    0
  2759,111449,20221015,  123,    0
  2759,111449,20221016,   98,    0
  2759,111449,20221017,  118,    0
  2759,111449,20221018,  102,    0
  2759,111449,20221019,   51,    0
  2759,111449,20221020,   28,    0
  2759,111449,20221021,   81,    0
  2759,111449,20221022,  126,    0
  2759,111449,20221023,   90,    0
  2759,111449,20221024,  120,    0
  2759,111449,20221025,   86,    0
  2759,111449,20221026,   66,    0
  2759,111449,20221027,   97,    0
  2759,111449,20221028,  108,    0
  2759,111449,20221029,  137,    0
  2759,111449,20221030,   92,    0
  2759,111449,20221031,   87,    0
  2759,111449,20221101,   85,    0
  2759,111449,20221102,   61,    0
  2759,111449,20221103,   43,    0
  2759,111449,20221104,   75,    0
  2759,111449,20221105,   52,    0
  2759,111449,20221106,   44,    0
  2759,111449,20221107,   64,    0
  2759,111449,20221108,   87,    0
  2759,111449,20221109,  105,    0
  2759,111449,20221110,   95,    0
  2759,111449,20221111,   56,    0
  2759,111449,20221112,   18,    0
  2759,111449,20221113,   59,    0
  2759,111449,20221114,   44,    0
  2759,111449,20221115,   22,    0
  2759,111449,20221116,   41,    0
  2759,111449,20221117,   16,    0
  2759,111449,20221118,  -50,    0
  2759,111449,20221119,  -64,    0
  2759,111449,20221120,  -28,    0
  2759,111449,20221121,  -30,    0
  2759,111449,20221122,  -27,    0
  2759,111449,20221123,    2,    0
  2759,111449,20221124,    1,    0
  2759,111449,20221125,   27,    0
  2759,111449,20221126,   72,    0
  2759,111449,20221127,   28,    0
  2759,111449,20221128,   28,    0
  2759,111449,20221129,   28,    0
  2759,111449,20221130,    5,    0
  2759,111449,20221201,   -2,    0
  2759,111449,20221202,  -13,    0
  2759,111449,20221203,  -20,    0
  2759,111449,20221204,   -4,    0
  2759,111449,20221205,   26,    0
  2759,111449,20221206,   18,    0
  2759,111449,20221207,    4,    0
  2759,111449,20221208,  -20,    0
  2759,111449,20221209,  -44,    0
  2759,111449,20221210,  -38,    0
  2759,111449,20221211,  -27,    0
  2759,111449,20221212,  -19,    0
  2759,111449,20221213,  -61,    0
  2759,111449,20221214,  -99,    0
  2759,111449,20221215, -102,    0
  2759,111449,20221216,  -92,    0
  2759,111449,20221217,  -63,    0
  2759,111449,20221218,  -75,    0
  2759,111449,20221219,  -48,    0
  2759,111449,20221220,   41,    0
  2759,111449,20221221,   47,    0
  2759,111449,20221222,   54,    0
  2759,111449,20221223,   52,    0
  2759,111449,20221224,   50,    0
  2759,111449,20221225,    7,    0
  2759,111449,20221226,   55,    0
  2759,111449,20221227,   23,    0
  2759,111449,20221228,   34,    0
  2759,111449,20221229,   80,    0
  2759,111449,20221230,   50,    0
  2759,111449,20221231,   92,    0
  2759,111449,20230101,  105,    0
  2759,111449,20230102,   91,    0
  2759,111449,20230103,   17,    0
  2759,111449,20230104,   28,    0
  2759,111449,20230105,   23,    0
  2759,111449,20230106,   11,    0
  2759,111449,20230107,   58,    0
  2759,111449,20230108,   48,    0
  2759,111449,20230109,   38,    0
  2759,111449,20230110,   38,    0
  2759,111449,20230111,   42,    0
  2759,111449,20230112,   58,    0
  2759,111449,20230113,   69,    0
  2759,111449,20230114,   65,    0
  2759,111449,20230115,   50,    0
  2759,111449,20230116,   29,    0
  2759,111449,20230117,  -45,    0
  2759,111449,20230118,  -49,    0
  2759,111449,20230119,  -46,    0
  2759,111449,20230120,  -11,    0
  2759,111449,20230121,  -12,    0
  2759,111449,20230122,   11,    0
  2759,111449,20230123,    8,    0
  2759,111449,20230124,   -3,    0
  2759,111449,20230125,   -4,    0
  2759,111449,20230126,  -12,    0
  2759,111449,20230127,  -16,    0
  2759,111449,20230128,  -33,    0
  2759,111449,20230129,   -8,    0
  2759,111449,20230130,   10,    0
  2759,111449,20230131,   24,    0
  2759,111449,20230201,   18,    0
  2759,111449,20230202,    4,    0
  2759,111449,20230203,   17,    0
  2759,111449,20230204,  -33,    0
  2759,111449,20230205,  -58,    0
  2759,111449,20230206,  -76,    0
  2759,111449,20230207,  -86,    0
  2759,111449,20230208,  -57,    0
  2759,111449,20230209,  -52,    0
  2759,111449,20230210,    3,    0
  2759,111449,20230211,   25,    0
  2759,111449,20230212,   57,    0
  2759,111449,20230213,   52,    0
  2759,111449,20230214,   31,    0
  2759,111449,20230215,  -14,    0
  2759,111449,20230216,    2,    0
  2759,111449,20230217,   68,    0
  2759,111449,20230218,   53,    0
  2759,111449,20230219,   20,    0
  2759,111449,20230220,   15,    0
  2759,111449,20230221,   74,    0
  2759,111449,20230222,   45,    0
  2759,111449,20230223,   21,    0
  2759,111449,20230224,   19,    0
  2759,111449,20230225,   -7,    0
  2759,111449,20230226,  -25,    0
  2759,111449,20230227,  -42,    0
  2759,111449,20230228,  -38,    0
  2759,111449,20230301,  -58,    0
  2759,111449,20230302,  -27,    0
  2759,111449,20230303,  -17,    0
  2759,111449,20230304,   21,    0
  2759,111449,20230305,    5,    0
  2759,111449,20230306,  -19,    0
  2759,111449,20230307,  -16,    0
  2759,111449,20230308,  -10,    0
  2759,111449,20230309,   -1,    0
  2759,111449,20230310,    7,    0
  2759,111449,20230311,    3,    0
  2759,111449,20230312,   -6,    0
  2759,111449,20230313,   62,    0
  2759,111449,20230314,   10,    0
  2759,111449,20230315,   -1,    0
  2759,111449,20230316,  -11,    0
  2759,111449,20230317,   35,    0
  2759,111449,20230318,   69,    0
  2759,111449,20230319,   64,    0
  2759,111449,20230320,   85,    0
  2759,111449,20230321,   73,    0
  2759,111449,20230322,   85,    0
  2759,111449,20230323,  100,    0
  2759,111449,20230324,   87,    0
  2759,111449,20230325,   75,    0
  2759,111449,20230326,   40,    0
  2759,111449,20230327,    7,    0
  2759,111449,20230328,   -2,    0
  2759,111449,20230329,    9,    0
  2759,111449,20230330,   84,    0
  2759,111449,20230331,   89,    0
  2759,111449,20230401,   31,    0
  2759,111449,20230402,    6,    0
  2759,111449,20230403,  -17,    0
  2759,111449,20230404,  -35,    0
  2759,111449,20230405,  -18,    0
  2759,111449,20230406,   -6,    0
  2759,111449,20230407,   11,    0
  2759,111449,20230408,   28,    0
  2759,111449,20230409,    0,    0
  2759,111449,20230410,    6,    0
  2759,111449,20230411,   35,    0
  2759,111449,20230412,    6,    0
  2759,111449,20230413,   57,    0
  2759,111449,20230414,   67,    0
  2759,111449,20230415,   80,    0
  2759,111449,20230416,   72,    0
  2759,111449,20230417,   53,    0
  2759,111449,20230418,   42,    0
  2759,111449,20230419,   26,    0
  2759,111449,20230420,   50,    0
  2759,111449,20230421,   86,    0
  2759,111449,20230422,   73,    0
  2759,111449,20230423,  102,    0
  2759,111449,20230424,   83,    0
  2759,111449,20230425,   44,    0
  2759,111449,20230426,   28,    0
  2759,111449,20230427,   33,    0
  2759,111449,20230428,   20,    0
  2759,111449,20230429,   73,    0
  2759,111449,20230430,   44,    0
  2759,111449,20230501,   30,    0
  2759,111449,20230502,   80,    0
  2759,111449,20230503,   41,    0
  2759,111449,20230504,   42,    0
  2759,111449,20230505,   82,    0
  2759,111449,20230506,   73,    0
  2759,111449,20230507,   72,    0
  2759,111449,20230508,   43,    0
  2759,111449,20230509,   80,    0
  2759,111449,20230510,   89,    0
  2759,111449,20230511,   98,    0
  2759,111449,20230512,   98,    0
  2759,111449,20230513,  104,    0
  2759,111449,20230514,   97,    0
  2759,111449,20230515,   63,    0
  2759,111449,20230516,   72,    0
  2759,111449,20230517,   67,    0
  2759,111449,20230518,   55,    0
  2759,111449,20230519,   61,    0
  2759,111449,20230520,   90,    0
  2759,111449,20230521,  129,    0
  2759,111449,20230522,  154,    0
  2759,111449,20230523,   93,    0
  2759,111449,20230524,   86,    0
  2759,111449,20230525,   83,    0
  2759,111449,20230526,   80,    0
  2759,111449,20230527,   80,    0
  2759,111449,20230528,   71,    0
  2759,111449,20230529,   94,    0
  2759,111449,20230530,   78,    0
  2759,111449,20230531,   79,    0
  2759,111449,20230601,  111,    0
  2759,111449,20230602,   85,    0
  2759,111449,20230603,   72,    0
  2759,111449,20230604,   73,    0
  2759,111449,20230605,  101,    0
  2759,111449,20230606,  135,    0
  2759,111449,20230607,  171,    0
  2759,111449,20230608,  152,    0
  2759,111449,20230609,  148,    0
  2759,111449,20230610,  132,    0
  2759,111449,20230611,  144,    0
  2759,111449,20230612,  128,    0
  2759,111449,20230613,  124,    0
  2759,111449,20230614,  111,    0
  2759,111449,20230615,  130,    0
  2759,111449,20230616,  132,    0
  2759,111449,20230617,  131,    0
  2759,111449,20230618,  115,    0
  2759,111449,20230619,  169,    0
  2759,111449,20230620,  174,    0
  2759,111449,20230621,  187,    0
  2759,111449,20230622,  174,    0
  2759,111449,20230623,  154,    0
  2759,111449,20230624,  147,    0
  2759,111449,20230625,  162,    0
  2759,111449,20230626,  164,    0
  2759,111449,20230627,  115,    0
  2759,111449,20230628,  135,    0
  2759,111449,20230629,  129,    0
  2759,111449,20230630,  168,    0
  2759,111449,20230701,  161,    0
  2759,111449,20230702,  149,    0
  2759,111449,20230703,  139,    0
  2759,111449,20230704,  132,    0
  2759,111449,20230705,  138,    0
  2759,111449,20230706,  126,    0
  2759,111449,20230707,  100,    0
  2759,111449,20230708,  146,    0
  2759,111449,20230709,  155,    0
  2759,111449,20230710,  179,    0
  2759,111449,20230711,  159,    0
  2759,111449,20230712,  172,    0
  2759,111449,20230713,  133,    0
  2759,111449,20230714,  145,    0
  2759,111449,20230715,  176,    0
  2759,111449,20230716,  180,    0
  2759,111449,20230717,  141,    0
  2759,111449,20230718,  136,    0
  2759,111449,20230719,  129,    0
  2759,111449,20230720,  130,    0
  2759,111449,20230721,  103,    0
  2759,111449,20230722,  132,    0
  2759,111449,20230723,  149,    0
  2759,111449,20230724,  155,    0
  2759,111449,20230725,  146,    0
  2759,111449,20230726,  123,    0
  2759,111449,20230727,  116,    0
  2759,111449,20230728,  164,    0
  2759,111449,20230729,  147,    0
  2759,111449,20230730,  136,    0
  2759,111449,20230731,  147,    0
  2759,111449,20230801,  161,    0
  2759,111449,20230802,  155,    0
  2759,111449,20230803,  166,    0
  2759,111449,20230804,  137,    0
  2759,111449,20230805,  136,    0
  2759,111449,20230806,  140,    0
  2759,111449,20230807,  140,    0
  2759,111449,20230808,  127,    0
  2759,111449,20230809,  116,    0
  2759,111449,20230810,   96,    0
  2759,111449,20230811,  105,    0
  2759,111449,20230812,  166,    0
  2759,111449,20230813,  178,    0
  2759,111449,20230814,  143,    0
  2759,111449,20230815,  180,    0
  2759,111449,20230816,  197,    0
  2759,111449,20230817,  180,    0
  2759,111449,20230818,  191,    0
  2759,111449,20230819,  185,    0
  2759,111449,20230820,  205,    0
  2759,111449,20230821,  188,    0
  2759,111449,20230822,  154,    0
  2759,111449,20230823,  136,    0
  2759,111449,20230824,  155,    0
  2759,111449,20230825,  193,    0
  2759,111449,20230826,  146,    0
  2759,111449,20230827,  122,    0
  2759,111449,20230828,  127,    0
  2759,111449,20230829,  139,    0
  2759,111449,20230830,  126,    0
  2759,111449,20230831,  116,    0
  2759,111449,20230901,  100,    0
  2759,111449,20230902,   98,    0
  2759,111449,20230903,  125,    0
  2759,111449,20230904,  115,    0
  2759,111449,20230905,  148,    0
  2759,111449,20230906,  122,    0
  2759,111449,20230907,  142,    0
  2759,111449,20230908,  130,    0
  2759,111449,20230909,  139,    0
  2759,111449,20230910,  128,    0
  2759,111449,20230911,  147,    0
  2759,111449,20230912,  148,    0
  2759,111449,20230913,  141,    0
  2759,111449,20230914,  107,    0
  2759,111449,20230915,   94,    0
  2759,111449,20230916,  113,    0
  2759,111449,20230917,  125,    0
  2759,111449,20230918,  165,    0
  2759,111449,20230919,  158,    0
  2759,111449,20230920,  146,    0
  2759,111449,20230921,  149,    0
  2759,111449,20230922,  141,    0
  2759,111449,20230923,  120,    0
  2759,111449,20230924,  105,    0
  2759,111449,20230925,   91,    0
  2759,111449,20230926,   99,    0
  2759,111449,20230927,  107,    0
  2759,111449,20230928,  142,    0
  2759,111449,20230929,  132,    0
  2759,111449,20230930,  120,    0
  2759,111449,20231001,  131,    0
  2759,111449,20231002,  137,    0
  2759,111449,20231003,  130,    0
  2759,111449,20231004,  117,    0
  2759,111449,20231005,  100,    0
  2759,111449,20231006,  105,    0
  2759,111449,20231007,  109,    0
  2759,111449,20231008,   96,    0
  2759,111449,20231009,   89,    0
  2759,111449,20231010,  104,    0
  2759,111449,20231011,  144,    0
  2759,111449,20231012,  124,    0
  2759,111449,20231013,  129,    0
  2759,111449,20231014,   89,    0
  2759,111449,20231015,   62,    0
  2759,111449,20231016,   33,    0
  2759,111449,20231017,   16,    0
  2759,111449,20231018,   -3,    0
  2759,111449,20231019,   55,    0
  2759,111449,20231020,   49,    0
  2759,111449,20231021,   66,    0
  2759,111449,20231022,  103,    0
  2759,111449,20231023,   71,    0
  2759,111449,20231024,   91,    0
  2759,111449,20231025,   93,    0
  2759,111449,20231026,   93,    0
  2759,111449,20231027,   88,    0
  2759,111449,20231028,   85,    0
  2759,111449,20231029,   87,    0
  2759,111449,20231030,  109,    0
  2759,111449,20231031,   71,    0
  2759,111449,20231101,   68,    0
  2759,111449,20231102,   88,    0
  2759,111449,20231103,   88,    0
  2759,111449,20231104,   62,    0
  2759,111449,20231105,   81,    0
  2759,111449,20231106,   92,    0
  2759,111449,20231107,   79,    0
  2759,111449,20231108,   68,    0
  2759,111449,20231109,   61,    0
  2759,111449,20231110,   56,    0
  2759,111449,20231111,   28,    0
  2759,111449,20231112,   53,    0
  2759,111449,20231113,   49,    0
  2759,111449,20231114,   87,    0
  2759,111449,20231115,   40,    0
  2759,111449,20231116,   20,    0
  2759,111449,20231117,   21,    0
  2759,111449,20231118,   39,    0
  2759,111449,20231119,   40,    0
  2759,111449,20231120,   83,    0
  2759,111449,20231121,   -5,    0
  2759,111449,20231122,  -35,    0
  2759,111449,20231123,    9,    0
  2759,111449,20231124,    4,    0
  2759,111449,20231125,    0,    0
  2759,111449,20231126,  -24,    0
  2759,111449,20231127,  -26,    0
  2759,111449,20231128,  -46,    0
  2759,111449,20231129,  -40,    0
  2759,111449,20231130,  -81,    0
  2759,111449,20231201,  -85,    0
  2759,111449,20231202,  -69,    0
  2759,111449,20231203,  -59,    0
  2759,111449,20231204,  -55,    0
  2759,111449,20231205,  -31,    0
  2759,111449,20231206,   -1,    0
  2759,111449,20231207,    7,    0
  2759,111449,20231208,    7,    0
  2759,111449,20231209,   12,    0
  2759,111449,20231210,   22,    0
  2759,111449,20231211,   59,    0
  2759,111449,20231212,   30,    0
  2759,111449,20231213,   32,    0
  2759,111449,20231214,   17,    0
  2759,111449,20231215,    7,    0
  2759,111449,20231216,   62,    0
  2759,111449,20231217,   48,    0
  2759,111449,20231218,   42,    0
  2759,111449,20231219,   52,    0
  2759,111449,20231220,   40,    0
  2759,111449,20231221,   41,    0
  2759,111449,20231222,    1,    0
  2759,111449,20231223,    7,    0
  2759,111449,20231224,    4,    0
  2759,111449,20231225,   90,    0
  2759,111449,20231226,   53,    0
  2759,111449,20231227,   29,    0
  2759,111449,20231228,   41,    0
  2759,111449,20231229,   73,    0
  2759,111449,20231230,   48,    0
  2759,111449,20231231,   39,    0
  2759,111449,20240101,   49,    0
  2759,111449,20240102,   28,    0
  2759,111449,20240103,   84,    0
  2759,111449,20240104,    3,    0
  2759,111449,20240105,   -2,    0
  2759,111449,20240106,  -16,    0
  2759,111449,20240107,  -77,    0
  2759,111449,20240108,  -83,    0
  2759,111449,20240109, -111,    0
  2759,111449,20240110,  -98,    0
  2759,111449,20240111,  -87,    0
  2759,111449,20240112,  -10,    0
  2759,111449,20240113,   15,    0
  2759,111449,20240114,   19,    0
  2759,111449,20240115,  -11,    0
  2759,111449,20240116,  -35,    0
  2759,111449,20240117,  -52,    0
  2759,111449,20240118,  -46,    0
  2759,111449,20240119,  -47,    0
  2759,111449,20240120,  -37,    0
  2759,111449,20240121,  -47,    0
  2759,111449,20240122,   24,    0
  2759,111449,20240123,   39,    0
  2759,111449,20240124,   46,    0
  2759,111449,20240125,   28,    0
  2759,111449,20240126,    6,    0
  2759,111449,20240127,   28,    0
  2759,111449,20240128,  -16,    0
  2759,111449,20240129,    2,    0
  2759,111449,20240130,    9,    0
  2759,111449,20240131,   46,    0
  2759,111449,20240201,   44,    0
  2759,111449,20240202,   43,    0
  2759,111449,20240203,   78,    0
  2759,111449,20240204,   59,    0
  2759,111449,20240205,   69,    0
  2759,111449,20240206,   87,    0
  2759,111449,20240207,   -5,    0
  2759,111449,20240208,  -20,    0
  2759,111449,20240209,    6,    0
  2759,111449,20240210,   67,    0
  2759,111449,20240211,   65,    0
  2759,111449,20240212,   49,    0
  2759,111449,20240213,   25,    0
  2759,111449,20240214,   20,    0
  2759,111449,20240215,   90,    0
  2759,111449,20240216,   86,    0
  2759,111449,20240217,   62,    0
  2759,111449,20240218,   30,    0
  2759,111449,20240219,   64,    0
  2759,111449,20240220,   69,    0
  2759,111449,20240221,   70,    0
  2759,111449,20240222,   81,    0
  2759,111449,20240223,   42,    0
  2759,111449,20240224,   15,    0
  2759,111449,20240225,    7,    0
  2759,111449,20240226,    3,    0
  2759,111449,20240227,   29,    0
  2759,111449,20240228,   -3,    0
  2759,111449,20240229,  -14,    0
  2759,111449,20240301,   55,    0
  2759,111449,20240302,   63,    0
  2759,111449,20240303,   70,    0
  2759,111449,20240304,   61,    0
  2759,111449,20240305,   -8,    0
  2759,111449,20240306,  -12,    0
  2759,111449,20240307,  -10,    0
  2759,111449,20240308,  -20,    0
  2759,111449,20240309,    0,    0
  2759,111449,20240310,   29,    0
  2759,111449,20240311,   44,    0
  2759,111449,20240312,   39,    0
  2759,111449,20240313,   61,    0
  2759,111449,20240314,   73,    0
  2759,111449,20240315,   72,    0
  2759,111449,20240316,   42,    0
  2759,111449,20240317,    2,    0
  2759,111449,20240318,  -24,    0
  2759,111449,20240319,  -18,    0
  2759,111449,20240320,   31,    0
  2759,111449,20240321,   62,    0
  2759,111449,20240322,   69,    0
  2759,111449,20240323,   30,    0
  2759,111449,20240324,   23,    0
  2759,111449,20240325,   28,    0
  2759,111449,20240326,   12,    0
  2759,111449,20240327,   47,    0
  2759,111449,20240328,   70,    0
  2759,111449,20240329,   53,    0
  2759,111449,20240330,   59,    0
  2759,111449,20240331,   67,    0
  2759,111449,20240401,   79,    0
  2759,111449,20240402,   87,    0
  2759,111449,20240403,   89,    0
  2759,111449,20240404,   96,    0
  2759,111449,20240405,  108,    0
  2759,111449,20240406,  124,    0
  2759,111449,20240407,  139,    0
  2759,111449,20240408,  134,    0
  2759,111449,20240409,  112,    0
  2759,111449,20240410,   87,    0
  2759,111449,20240411,   49,    0
  2759,111449,20240412,  132,    0
  2759,111449,20240413,  120,    0
  2759,111449,20240414,   95,    0
  2759,111449,20240415,   59,    0
  2759,111449,20240416,   30,    0
  2759,111449,20240417,   19,    0
  2759,111449,20240418,    2,    0
  2759,111449,20240419,   54,    0
  2759,111449,20240420,   14,    0
  2759,111449,20240421,  -13,    0
  2759,111449,20240422,  -21,    0
  2759,111449,20240423,   -4,    0
  2759,111449,20240424,   39,    0
  2759,111449,20240425,   22,    0
  2759,111449,20240426,   30,    0
  2759,111449,20240427,   25,    0
  2759,111449,20240428,   87,    0
  2759,111449,20240429,  126,    0
  2759,111449,20240430,  108,    0
  2759,111449,20240501,  130,    0
  2759,111449,20240502,  147,    0
  2759,111449,20240503,  137,    0
  2759,111449,20240504,  119,    0
  2759,111449,20240505,  112,    0
  2759,111449,20240506,   89,    0
  2759,111449,20240507,   82,    0
  2759,111449,20240508,   73,    0
  2759,111449,20240509,   57,    0
  2759,111449,20240510,  101,    0
  2759,111449,20240511,  113,    0
  2759,111449,20240512,   88,    0
  2759,111449,20240513,   90,    0
  2759,111449,20240514,  106,    0
  2759,111449,20240515,  125,    0
  2759,111449,20240516,  138,    0
  2759,111449,20240517,  145,    0
  2759,111449,20240518,  124,    0
  2759,111449,20240519,  106,    0
  2759,111449,20240520,  102,    0
  2759,111449,20240521,  130,    0
  2759,111449,20240522,  152,    0
  2759,111449,20240523,  140,    0
  2759,111449,20240524,  123,    0
  2759,111449,20240525,  138,    0
  2759,111449,20240526,  117,    0
  2759,111449,20240527,  160,    0
  2759,111449,20240528,  123,    0
  2759,111449,20240529,  111,    0
  2759,111449,20240530,  138,    0
  2759,111449,20240531,  131,    0
  2759,111449,20240601,  152,    0
  2759,111449,20240602,  157,    0
  2759,111449,20240603,  133,    0
  2759,111449,20240604,  129,    0
  2759,111449,20240605,  124,    0
  2759,111449,20240606,  117,    0
  2759,111449,20240607,   93,    0
  2759,111449,20240608,   80,    0
  2759,111449,20240609,  109,    0
  2759,111449,20240610,  107,    0
  2759,111449,20240611,  103,    0
  2759,111449,20240612,   91,    0
  2759,111449,20240613,  101,    0
  2759,111449,20240614,   95,    0
  2759,111449,20240615,  116,    0
  2759,111449,20240616,  105,    0
  2759,111449,20240617,  131,    0
  2759,111449,20240618,  130,    0
  2759,111449,20240619,  120,    0
  2759,111449,20240620,  105,    0
  2759,111449,20240621,  162,    0
  2759,111449,20240622,  151,    0
  2759,111449,20240623,  147,    0
  2759,111449,20240624,  131,    0
  2759,111449,20240625,  151,    0
  2759,111449,20240626,  173,    0
  2759,111449,20240627,  208,    0
  2759,111449,20240628,  150,    0
  2759,111449,20240629,  153,    0
  2759,111449,20240630,  171,    0
  2759,111449,20240701,  134,    0
  2759,111449,20240702,  131,    0
  2759,111449,20240703,  124,    0
  2759,111449,20240704,  126,    0
  2759,111449,20240705,  105,    0
  2759,111449,20240706,  151,    0
  2759,111449,20240707,  120,    0
  2759,111449,20240708,  117,    0
  2759,111449,20240709,  186,    0
  2759,111449,20240710,  201,    0
  2759,111449,20240711,  193,    0
  2759,111449,20240712,  182,    0
  2759,111449,20240713,  142,    0
  2759,111449,20240714,  128,    0
  2759,111449,20240715,  147,    0
  2759,111449,20240716,  169,    0
  2759,111449,20240717,  153,    0
  2759,111449,20240718,  129,    0
  2759,111449,20240719,  152,    0
  2759,111449,20240720,  188,    0
  2759,111449,20240721,  178,    0
  2759,111449,20240722,  151,    0
  2759,111449,20240723,  128,    0
  2759,111449,20240724,  153,    0
  2759,111449,20240725,  128,    0
  2759,111449,20240726,  145,    0
  2759,111449,20240727,  168,    0
  2759,111449,20240728,  151,    0
  2759,111449,20240729,  134,    0
  2759,111449,20240730,  119,    0
  2759,111449,20240731,  154,    0
  2759,111449,20240801,  177,    0
  2759,111449,20240802,  176,    0
  2759,111449,20240803,  141,    0
  2759,111449,20240804,  168,    0
  2759,111449,20240805,  142,    0
  2759,111449,20240806,  122,    0
  2759,111449,20240807,  149,    0
  2759,111449,20240808,  154,    0
  2759,111449,20240809,  155,    0
  2759,111449,20240810,  156,    0
  2759,111449,20240811,  157,    0
  2759,111449,20240812,  127,    0
  2759,111449,20240813,  149,    0
  2759,111449,20240814,  167,    0
  2759,111449,20240815,  187,    0
  2759,111449,20240816,  171,    0
  2759,111449,20240817,  191,    0
  2759,111449,20240818,  170,    0
  2759,111449,20240819,  135,    0
  2759,111449,20240820,  113,    0
  2759,111449,20240821,  147,    0
  2759,111449,20240822,  144,    0
  2759,111449,20240823,  168,    0
  2759,111449,20240824,  163,    0
  2759,111449,20240825,  145,    0
  2759,111449,20240826,   95,    0
  2759,111449,20240827,  130,    0
  2759,111449,20240828,  154,    0
  2759,111449,20240829,  204,    0
  2759,111449,20240830,  161,    0
  2759,111449,20240831,  152,    0
  2759,111449,20240901,  136,    0
  2759,111449,20240902,  121,    0
  2759,111449,20240903,  173,    0
  2759,111449,20240904,  191,    0
  2759,111449,20240905,  202,    0
  2759,111449,20240906,  177,    0
  2759,111449,20240907,  155,    0
  2759,111449,20240908,  188,    0
  2759,111449,20240909,  138,    0
  2759,111449,20240910,  145,    0
  2759,111449,20240911,  111,    0
  2759,111449,20240912,   89,    0
  2759,111449,20240913,   87,    0
  2759,111449,20240914,  101,    0
  2759,111449,20240915,   91,    0
  2759,111449,20240916,  124,    0
  2759,111449,20240917,  150,    0
  2759,111449,20240918,  142,    0
  2759,111449,20240919,  146,    0
  2759,111449,20240920,  131,    0
  2759,111449,20240921,  102,    0
  2759,111449,20240922,  102,    0
  2759,111449,20240923,   91,    0
  2759,111449,20240924,  107,    0
  2759,111449,20240925,  126,    0
  2759,111449,20240926,  140,    0
  2759,111449,20240927,  130,    0
  2759,111449,20240928,   72,    0
  2759,111449,20240929,   58,    0
  2759,111449,20240930,   55,    0
  2759,111449,20241001,   80,    0
  2759,111449,20241002,   88,    0
  2759,111449,20241003,   96,    0
  2759,111449,20241004,   80,    0
  2759,111449,20241005,   65,    0
  2759,111449,20241006,   68,    0
  2759,111449,20241007,   68,    0
  2759,111449,20241008,  115,    0
  2759,111449,20241009,  137,    0
  2759,111449,20241010,   87,    0
  2759,111449,20241011,   48,    0
  2759,111449,20241012,   21,    0
  2759,111449,20241013,   84,    0
  2759,111449,20241014,   70,    0
  2759,111449,20241015,   46,    0
  2759,111449,20241016,   43,    0
  2759,111449,20241017,   74,    0
  2759,111449,20241018,   87,    0
  2759,111449,20241019,  102,    0
  2759,111449,20241020,  107,    0
  2759,111449,20241021,  142,    0
  2759,111449,20241022,   87,    0
  2759,111449,20241023,   42,    0
  2759,111449,20241024,   29,    0
  2759,111449,20241025,   67,    0
  2759,111449,20241026,   69,    0
  2759,111449,20241027,   75,    0
  2759,111449,20241028,   68,    0
  2759,111449,20241029,  121,    0
  2759,111449,20241030,  117,    0
  2759,111449,20241031,   90,    0
  2759,111449,20241101,  100,    0
  2759,111449,20241102,    5,    0
  2759,111449,20241103,  -15,    0
  2759,111449,20241104,   65,    0
  2759,111449,20241105,   37,    0
  2759,111449,20241106,   31,    0
  2759,111449,20241107,   44,    0
  2759,111449,20241108,   46,    0
  2759,111449,20241109,   17,    0
  2759,111449,20241110,    6,    0
  2759,111449,20241111,   13,    0
  2759,111449,20241112,   36,    0
  2759,111449,20241113,   25,    0
  2759,111449,20241114,   21,    0
  2759,111449,20241115,   46,    0
  2759,111449,20241116,   66,    0
  2759,111449,20241117,   50,    0
  2759,111449,20241118,   24,    0
  2759,111449,20241119,   11,    0
  2759,111449,20241120,   13,    0
  2759,111449,20241121,   -5,    0
  2759,111449,20241122,   -4,    0
  2759,111449,20241123,   -5,    0
  2759,111449,20241124,   30,    0
  2759,111449,20241125,   86,    0
  2759,111449,20241126,   67,    0
  2759,111449,20241127,   47,    0
  2759,111449,20241128,   51,    0
  2759,111449,20241129,   22,    0
  2759,111449,20241130,   -5,    0
  2759,111449,20241201,  -19,    0
  2759,111449,20241202,  -15,    0
  2759,111449,20241203,   47,    0
  2759,111449,20241204,   42,    0
  2759,111449,20241205,   26,    0
  2759,111449,20241206,   26,    0
  2759,111449,20241207,   46,    0
  2759,111449,20241208,   32,    0
  2759,111449,20241209,   13,    0
  2759,111449,20241210,   22,    0
  2759,111449,20241211,   14,    0
  2759,111449,20241212,    6,    0
  2759,111449,20241213,    1,    0
  2759,111449,20241214,  -15,    0
  2759,111449,20241215,   39,    0
  2759,111449,20241216,   85,    0
  2759,111449,20241217,   81,    0
  2759,111449,20241218,   63,    0
  2759,111449,20241219,   56,    0
  2759,111449,20241220,   28,    0
  2759,111449,20241221,   26,    0
  2759,111449,20241222,   37,    0
  2759,111449,20241223,   29,    0
  2759,111449,20241224,    6,    0
  2759,111449,20241225,    2,    0
  2759,111449,20241226,   36,    0
  2759,111449,20241227,   -3,    0
  2759,111449,20241228,  -27,    0
  2759,111449,20241229,  -35,    0
  2759,111449,20241230,   -4,    0
  2759,111449,20241231,    1,    0
  2759,111449,20250101,   20,    0
  2759,111449,20250102,   20,    0
  2759,111449,20250103,  -10,    0
  2759,111449,20250104,   -8,    0
  2759,111449,20250105,  -26,    0
  2759,111449,20250106,   12,    0
  2759,111449,20250107,   15,    0
  2759,111449,20250108,    3,    0
  2759,111449,20250109,    3,    0
  2759,111449,20250110,    7,    0
  2759,111449,20250111,   -2,    0
  2759,111449,20250112,   -9,    0
  2759,111449,20250113,  -47,    0
  2759,111449,20250114,  -31,    0
  2759,111449,20250115,   22,    0
  2759,111449,20250116,   16,    0
  2759,111449,20250117,  -16,    0
  2759,111449,20250118,  -30,    0
  2759,111449,20250119,  -34,    0
  2759,111449,20250120,  -15,    0
  2759,111449,20250121,  -24,    0
  2759,111449,20250122,  -26,    0
  2759,111449,20250123,   -1,    0
  2759,111449,20250124,   23,    0
  2759,111449,20250125,   68,    0
  2759,111449,20250126,   35,    0
  2759,111449,20250127,   41,    0
  2759,111449,20250128,   50,    0
  2759,111449,20250129,   44,    0
  2759,111449,20250130,   32,    0
  2759,111449,20250131,   27,    0
  2759,111449,20250201,    3,    0
  2759,111449,20250202,    7,    0
  2759,111449,20250203,  -44,    0
  2759,111449,20250204,  -41,    0
  2759,111449,20250205,  -32,    0
  2759,111449,20250206,   26,    0
  2759,111449,20250207,    9,    0
  2759,111449,20250208,   -9,    0
  2759,111449,20250209,  -29,    0
  2759,111449,20250210,  -16,    0
  2759,111449,20250211,  -40,    0
  2759,111449,20250212,  -59,    0
  2759,111449,20250213,  -23,    0
  2759,111449,20250214,  -21,    0
  2759,111449,20250215,  -45,    0
  2759,111449,20250216,  -71,    0
  2759,111449,20250217, -113,    0
  2759,111449,20250218, -116,    0
  2759,111449,20250219, -113,    0
  2759,111449,20250220,  -64,    0
  2759,111449,20250221,   13,    0
  2759,111449,20250222,   13,    0
  2759,111449,20250223,   10,    0
  2759,111449,20250224,   -7,    0
  2759,111449,20250225,   63,    0
  2759,111449,20250226,   54,    0
  2759,111449,20250227,   50,    0
  2759,111449,20250228,   17,    0
  2759,111449,20250301,    8,    0
  2759,111449,20250302,    8,    0
  2759,111449,20250303,   22,    0
  2759,111449,20250304,    4,    0
  2759,111449,20250305,   12,    0
  2759,111449,20250306,   12,    0
  2759,111449,20250307,    1,    0
  2759,111449,20250308,   25,    0
  2759,111449,20250309,   25,    0
  2759,111449,20250310,   22,    0
  2759,111449,20250311,    7,    0
  2759,111449,20250312,   35,    0
  2759,111449,20250313,    4,    0
  2759,111449,20250314,   24,    0
  2759,111449,20250315,    6,    0
  2759,111449,20250316,  -31,    0
  2759,111449,20250317,  -15,    0
  2759,111449,20250318,  -37,    0
  2759,111449,20250319,  -45,    0
  2759,111449,20250320,  -15,    0
  2759,111449,20250321,    4,    0
  2759,111449,20250322,   47,    0
  2759,111449,20250323,   58,    0
  2759,111449,20250324,   51,    0
  2759,111449,20250325,   48,    0
  2759,111449,20250326,   45,    0
  2759,111449,20250327,   23,    0
  2759,111449,20250328,   -4,    0
  2759,111449,20250329,   35,    0
  2759,111449,20250330,    3,    0
  2759,111449,20250331,   61,    0
  2759,111449,20250401,   43,    0
  2759,111449,20250402,   18,    0
  2759,111449,20250403,   39,    0
  2759,111449,20250404,   42,    0
  2759,111449,20250405,   12,    0
  2759,111449,20250406,   -8,    0
  2759,111449,20250407,   39,    0
  2759,111449,20250408,   35,    0
  2759,111449,20250409,   34,    0
  2759,111449,20250410,   52,    0
  2759,111449,20250411,   46,    0
  2759,111449,20250412,   49,    0
  2759,111449,20250413,   78,    0
  2759,111449,20250414,   79,    0
  2759,111449,20250415,  114,    0
  2759,111449,20250416,  126,    0
  2759,111449,20250417,  134,    0
  2759,111449,20250418,   87,    0
  2759,111449,20250419,   55,    0
  2759,111449,20250420,   31,    0
  2759,111449,20250421,   79,    0
  2759,111449,20250422,   84,    0
  2759,111449,20250423,   73,    0
  2759,111449,20250424,   85,    0
  2759,111449,20250425,   69,    0
  2759,111449,20250426,   51,    0
  2759,111449,20250427,   33,    0
  2759,111449,20250428,   37,    0
  2759,111449,20250429,   63,    0
  2759,111449,20250430,   88,    0
  2759,111449,20250501,   85,    0
  2759,111449,20250502,  124,    0
  2759,111449,20250503,  112,    0
  2759,111449,20250504,   61,    0
  2759,111449,20250505,   39,    0
  2759,111449,20250506,    9,    0
  2759,111449,20250507,   56,    0
  2759,111449,20250508,   26,    0
  2759,111449,20250509,   37,    0
  2759,111449,20250510,   72,    0
  2759,111449,20250511,   52,    0
  2759,111449,20250512,   31,    0
  2759,111449,20250513,   48,    0
  2759,111449,20250514,  105,    0
  2759,111449,20250515,   72,    0
  2759,111449,20250516,   74,    0
  2759,111449,20250517,   69,    0
  2759,111449,20250518,   67,    0
  2759,111449,20250519,  102,    0
  2759,111449,20250520,   78,    0
  2759,111449,20250521,  111,    0
  2759,111449,20250522,   60,    0
  2759,111449,20250523,   46,    0
  2759,111449,20250524,   55,    0
  2759,111449,20250525,  111,    0
  2759,111449,20250526,  107,    0
  2759,111449,20250527,   89,    0
  2759,111449,20250528,  126,    0
  2759,111449,20250529,  110,    0
  2759,111449,20250530,  131,    0
  2759,111449,20250531,  129,    0
  2759,111449,20250601,  154,    0
  2759,111449,20250602,  130,    0
  2759,111449,20250603,  121,    0
  2759,111449,20250604,  147,    0
  2759,111449,20250605,  145,    0
  2759,111449,20250606,  140,    0
  2759,111449,20250607,  130,    0
  2759,111449,20250608,  117,    0
  2759,111449,20250609,   94,    0
  2759,111449,20250610,  114,    0
  2759,111449,20250611,  115,    0
  2759,111449,20250612,   95,    0
  2759,111449,20250613,  116,    0
  2759,111449,20250614,  136,    0
  2759,111449,20250615,  154,    0
  2759,111449,20250616,  155,    0
  2759,111449,20250617,  139,    0
  2759,111449,20250618,  146,    0
  2759,111449,20250619,  132,    0
  2759,111449,20250620,  112,    0
  2759,111449,20250621,  104,    0
  2759,111449,20250622,  149,    0
  2759,111449,20250623,  156,    0
  2759,111449,20250624,  140,    0
  2759,111449,20250625,  162,    0
  2759,111449,20250626,  139,    0
  2759,111449,20250627,  157,    0
  2759,111449,20250628,  143,    0
  2759,111449,20250629,  164,    0
  2759,111449,20250630,  134,    0
  2759,111449,20250701,  135,    0
  2759,111449,20250702,  179,    0
  2759,111449,20250703,  152,    0
  2759,111449,20250704,  127,    0
  2759,111449,20250705,  141,    0
  2759,111449,20250706,  164,    0
  2759,111449,20250707,  159,    0
  2759,111449,20250708,  135,    0
  2759,111449,20250709,  155,    0
  2759,111449,20250710,  142,    0
  2759,111449,20250711,  128,    0
  2759,111449,20250712,  144,    0
  2759,111449,20250713,  160,    0
  2759,111449,20250714,  147,    0
  2759,111449,20250715,  151,    0
  2759,111449,20250716,  144,    0
  2759,111449,20250717,  137,    0
  2759,111449,20250718,  164,    0
  2759,111449,20250719,  155,    0
  2759,111449,20250720,  169,    0
  2759,111449,20250721,  153,    0
  2759,111449,20250722,  149,    0
  2759,111449,20250723,  163,    0
  2759,111449,20250724,  164,    0
  2759,111449,20250725,  177,    0
  2759,111449,20250726,  153,    0
  2759,111449,20250727,  150,    0
  2759,111449,20250728,  173,    0
  2759,111449,20250729,  143,    0
  2759,111449,20250730,  133,    0
  2759,111449,20250731,  141,    0
  2759,111449,20250801,  152,    0
  2759,111449,20250802,  153,    0
  2759,111449,20250803,  143,    0
  2759,111449,20250804,  149,    0
  2759,111449,20250805,  134,    0
  2759,111449,20250806,  120,    0
  2759,111449,20250807,  123,    0
  2759,111449,20250808,  166,    0
  2759,111449,20250809,  134,    0
  2759,111449,20250810,  126,    0
  2759,111449,20250811,  107,    0
  2759,111449,20250812,  127,    0
  2759,111449,20250813,  158,    0
  2759,111449,20250814,  172,    0
  2759,111449,20250815,  180,    0
  2759,111449,20250816,  153,    0
  2759,111449,20250817,  122,    0
  2759,111449,20250818,  105,    0
  2759,111449,20250819,  120,    0
  2759,111449,20250820,  128,    0
  2759,111449,20250821,   99,    0
  2759,111449,20250822,  104,    0
  2759,111449,20250823,  101,    0
  2759,111449,20250824,   89,    0
  2759,111449,20250825,  103,    0
  2759,111449,20250826,   99,    0
  2759,111449,20250827,  149,    0
  2759,111449,20250828,  163,    0
  2759,111449,20250829,  137,    0
  2759,111449,20250830,  132,    0
  2759,111449,20250831,  116,    0
  2759,111449,20250901,  145,    0
  2759,111449,20250902,  167,    0
  2759,111449,20250903,  135,    0
  2759,111449,20250904,  161,    0
  2759,111449,20250905,  158,    0
  2759,111449,20250906,  120,    0
  2759,111449,20250907,  102,    0
  2759,111449,20250908,  109,    0
  2759,111449,20250909,  118,    0
  2759,111449,20250910,  141,    0
  2759,111449,20250911,  133,    0
  2759,111449,20250912,  113,    0
  2759,111449,20250913,   93,    0
  2759,111449,20250914,  107,    0
  2759,111449,20250915,  113,    0
  2759,111449,20250916,  129,    0
  2759,111449,20250917,  123,    0
  2759,111449,20250918,  146,    0
  2759,111449,20250919,  169,    0
  2759,111449,20250920,  144,    0
  2759,111449,20250921,  125,    0
  2759,111449,20250922,   77,    0
  2759,111449,20250923,   56,    0
  2759,111449,20250924,   67,    0
  2759,111449,20250925,   76,    0
  2759,111449,20250926,   96,    0
  2759,111449,20250927,  107,    0
  2759,111449,20250928,   72,    0
  2759,111449,20250929,   59,    0
  2759,111449,20250930,   47,    0
  2759,111449,20251001,   42,    0
  2759,111449,20251002,   16,    0
  2759,111449,20251003,   11,    0
  2759,111449,20251004,   66,    0
  2759,111449,20251005,   94,    0
  2759,111449,20251006,   94,    0
  2759,111449,20251007,   94,    0
  2759,111449,20251008,  119,    0
  2759,111449,20251009,  113,    0
  2759,111449,20251010,  120,    0
  2759,111449,20251011,  132,    0
  2759,111449,20251012,  119,    0
  2759,111449,20251013,   71,    0
  2759,111449,20251014,   63,    0
  2759,111449,20251015,   80,    0
  2759,111449,20251016,  104,    0
  2759,111449,20251017,   76,    0
  2759,111449,20251018,   -7,    0
  2759,111449,20251019,  -13,    0
  2759,111449,20251020,   29,    0
  2759,111449,20251021,   91,    0
  2759,111449,20251022,   93,    0
  2759,111449,20251023,  102,    0
  2759,111449,20251024,   74,    0
  2759,111449,20251025,   63,    0
  2759,111449,20251026,   37,    0
  2759,111449,20251027,   55,    0
  2759,111449,20251028,   74,    0
  2759,111449,20251029,   72,    0
  2759,111449,20251030,   74,    0
  2759,111449,20251031,   35,    0
  2759,111449,20251101,   42,    0
  2759,111449,20251102,   93,    0
  2759,111449,20251103,   84,    0
  2759,111449,20251104,   74,    0
  2759,111449,20251105,   58,    0
  2759,111449,20251106,   48,    0
  2759,111449,20251107,   38,    0
  2759,111449,20251108,  -17,    0
  2759,111449,20251109,    7,    0
  2759,111449,20251110,   51,    0
  2759,111449,20251111,   35,    0
  2759,111449,20251112,   43,    0
  2759,111449,20251113,   70,    0
  2759,111449,20251114,   66,    0
  2759,111449,20251115,   49,    0
  2759,111449,20251116,   49,    0
  2759,111449,20251117,   11,    0
  2759,111449,20251118,   11,    0
  2759,111449,20251119,   15,    0
  2759,111449,20251120,  -12,    0
  2759,111449,20251121,  -37,    0
  2759,111449,20251122,  -56,    0
  2759,111449,20251123,  -52,    0
  2759,111449,20251124,  -36,    0
  2759,111449,20251125,   -3,    0
  2759,111449,20251126,  -12,    0
  2759,111449,20251127,   20,    0
  2759,111449,20251128,   37,    0
  2759,111449,20251129,   48,    0
  2759,111449,20251130,   46,    0
  2759,111449,20251201,   -3,    0
  2759,111449,20251202,   -6,    0
  2759,111449,20251203,    3,    0
  2759,111449,20251204,    7,    0
  2759,111449,20251205,   15,    0
  2759,111449,20251206,    5,    0
  2759,111449,20251207,   32,    0
  2759,111449,20251208,   64,    0
  2759,111449,20251209,  105,    0
  2759,111449,20251210,   99,    0
  2759,111449,20251211,   52,    0
  2759,111449,20251212,   25,    0
  2759,111449,20251213,   41,    0
  2759,111449,20251214,   42,    0
  2759,111449,20251215,   15,    0
  2759,111449,20251216,   -6,    0
  2759,111449,20251217,  -17,    0
  2759,111449,20251218,   34,    0
  2759,111449,20251219,   30,    0
  2759,111449,20251220,   36,    0
  2759,111449,20251221,   43,    0
  2759,111449,20251222,    6,    0
  2759,111449,20251223,    2,    0
  2759,111449,20251224,  -77,    0
  2759,111449,20251225,  -92,    0
  2759,111449,20251226,  -93,    0
  2759,111449,20251227,   -7,    0
  2759,111449,20251228,  -26,    0
  2759,111449,20251229,   -9,    0
  2759,111449,20251230,  -24,    0
  2759,111449,20251231,  -32,    0
