EUROPEAN CLIMATE ASSESSMENT & DATASET (ECA&D), file created on 13-08-2026
THESE DATA CAN BE USED FREELY PROVIDED THAT THE FOLLOWING SOURCE IS ACKNOWLEDGED:

Klein Tank, A.M.G. and Coauthors, 2002. Daily dataset of 20th-century surface
air temperature and precipitation series for the European Climate Assessment.
Int. J. of Climatol., 22, 1441-1453.
Data and metadata available at http://www.ecad.eu

FILE FORMAT (MISSING VALUE CODE IS -9999):

01-06 STAID: Station identifier
08-13 SOUID: Source identifier
15-22 DATE : Date YYYYMMDD
24-28 TX   : maximum temperature in 0.1 &#176;C
30-34 Q_TX : Quality code for TX (0='valid'; 1='suspect'; 9='missing')

This is the series (SOUID: 111450) of GERMANY, BERLIN-TEMPELHOF (STAID: 2759)
See file sources.txt for more info.



 STAID, SOUID,    DATE,   TX, Q_TX
  2759,111450,20150101,   60,    0
  2759,111450,20150102,   82,    0
  2759,111450,20150103,   59,    0
  2759,111450,20150104,   50,    0
  2759,111450,20150105,   40,    0
  2759,111450,20150106,   35,    0
  2759,111450,20150107,   58,    0
  2759,111450,20150108,   69,    0
  2759,111450,20150109,   94,    0
  2759,111450,20150110,  129,    0
  2759,111450,20150111,   51,    0
  2759,111450,20150112,   77,    0
  2759,111450,20150113,  124,    0
  2759,111450,20150114,   80,    0
  2759,111450,20150115,  100,    0
  2759,111450,20150116,  100,    0
  2759,111450,20150117,   55,    0
  2759,111450,20150118,   40,    0
  2759,111450,20150119,   14,    0
  2759,111450,20150120,   19,    0
  2759,111450,20150121,   16,    0
  2759,111450,20150122,    7,    0
  2759,111450,20150123,   13,    0
  2759,111450,20150124,   10,    0
  2759,111450,20150125,   17,    0
  2759,111450,20150126,   47,    0
  2759,111450,20150127,   46,    0
  2759,111450,20150128,   56,    0
  2759,111450,20150129,   40,    0
  2759,111450,20150130,   21,    0
  2759,111450,20150131,   12,    0
  2759,111450,20150201,   37,    0
  2759,111450,20150202,   27,    0
  2759,111450,20150203,   15,    0
  2759,111450,20150204,    0,    0
  2759,111450,20150205,   14,    0
  2759,111450,20150206,  -20,    0
  2759,111450,20150207,   37,    0
  2759,111450,20150208,   37,    0
  2759,111450,20150209,   58,    0
  2759,111450,20150210,   59,    0
  2759,111450,20150211,   59,    0
  2759,111450,20150212,   41,    0
  2759,111450,20150213,   66,    0
  2759,111450,20150214,   67,    0
  2759,111450,20150215,   80,    0
  2759,111450,20150216,   26,    0
  2759,111450,20150217,   66,    0
  2759,111450,20150218,   81,    0
  2759,111450,20150219,   77,    0
  2759,111450,20150220,  101,    0
  2759,111450,20150221,  113,    0
  2759,111450,20150222,   50,    0
  2759,111450,20150223,   53,    0
  2759,111450,20150224,   77,    0
  2759,111450,20150225,   83,    0
  2759,111450,20150226,   96,    0
  2759,111450,20150227,  108,    0
  2759,111450,20150228,   75,    0
  2759,111450,20150301,   79,    0
  2759,111450,20150302,   81,    0
  2759,111450,20150303,   81,    0
  2759,111450,20150304,   64,    0
  2759,111450,20150305,   67,    0
  2759,111450,20150306,   79,    0
  2759,111450,20150307,  124,    0
  2759,111450,20150308,  168,    0
  2759,111450,20150309,  136,    0
  2759,111450,20150310,  134,    0
  2759,111450,20150311,   76,    0
  2759,111450,20150312,   47,    0
  2759,111450,20150313,   64,    0
  2759,111450,20150314,   60,    0
  2759,111450,20150315,   79,    0
  2759,111450,20150316,  119,    0
  2759,111450,20150317,  170,    0
  2759,111450,20150318,  144,    0
  2759,111450,20150319,  127,    0
  2759,111450,20150320,  133,    0
  2759,111450,20150321,   56,    0
  2759,111450,20150322,   47,    0
  2759,111450,20150323,  122,    0
  2759,111450,20150324,  138,    0
  2759,111450,20150325,  160,    0
  2759,111450,20150326,  112,    0
  2759,111450,20150327,  111,    0
  2759,111450,20150328,   96,    0
  2759,111450,20150329,  132,    0
  2759,111450,20150330,   86,    0
  2759,111450,20150331,  116,    0
  2759,111450,20150401,   84,    0
  2759,111450,20150402,   77,    0
  2759,111450,20150403,   97,    0
  2759,111450,20150404,  104,    0
  2759,111450,20150405,  103,    0
  2759,111450,20150406,   92,    0
  2759,111450,20150407,  127,    0
  2759,111450,20150408,  104,    0
  2759,111450,20150409,  164,    0
  2759,111450,20150410,  205,    0
  2759,111450,20150411,  226,    0
  2759,111450,20150412,  152,    0
  2759,111450,20150413,  129,    0
  2759,111450,20150414,  151,    0
  2759,111450,20150415,  231,    0
  2759,111450,20150416,  144,    0
  2759,111450,20150417,  119,    0
  2759,111450,20150418,  120,    0
  2759,111450,20150419,  153,    0
  2759,111450,20150420,  181,    0
  2759,111450,20150421,  213,    0
  2759,111450,20150422,  137,    0
  2759,111450,20150423,  190,    0
  2759,111450,20150424,  211,    0
  2759,111450,20150425,  234,    0
  2759,111450,20150426,  185,    0
  2759,111450,20150427,  148,    0
  2759,111450,20150428,  112,    0
  2759,111450,20150429,  142,    0
  2759,111450,20150430,  170,    0
  2759,111450,20150501,  145,    0
  2759,111450,20150502,  150,    0
  2759,111450,20150503,  198,    0
  2759,111450,20150504,  229,    0
  2759,111450,20150505,  243,    0
  2759,111450,20150506,  215,    0
  2759,111450,20150507,  178,    0
  2759,111450,20150508,  187,    0
  2759,111450,20150509,  218,    0
  2759,111450,20150510,  137,    0
  2759,111450,20150511,  212,    0
  2759,111450,20150512,  276,    0
  2759,111450,20150513,  182,    0
  2759,111450,20150514,  131,    0
  2759,111450,20150515,  170,    0
  2759,111450,20150516,  167,    0
  2759,111450,20150517,  166,    0
  2759,111450,20150518,  212,    0
  2759,111450,20150519,  198,    0
  2759,111450,20150520,  171,    0
  2759,111450,20150521,  174,    0
  2759,111450,20150522,  203,    0
  2759,111450,20150523,  209,    0
  2759,111450,20150524,  218,    0
  2759,111450,20150525,  235,    0
  2759,111450,20150526,  165,    0
  2759,111450,20150527,  151,    0
  2759,111450,20150528,  211,    0
  2759,111450,20150529,  198,    0
  2759,111450,20150530,  179,    0
  2759,111450,20150531,  226,    0
  2759,111450,20150601,  187,    0
  2759,111450,20150602,  247,    0
  2759,111450,20150603,  234,    0
  2759,111450,20150604,  223,    0
  2759,111450,20150605,  293,    0
  2759,111450,20150606,  319,    0
  2759,111450,20150607,  238,    0
  2759,111450,20150608,  209,    0
  2759,111450,20150609,  202,    0
  2759,111450,20150610,  214,    0
  2759,111450,20150611,  249,    0
  2759,111450,20150612,  264,    0
  2759,111450,20150613,  317,    0
  2759,111450,20150614,  212,    0
  2759,111450,20150615,  190,    0
  2759,111450,20150616,  158,    0
  2759,111450,20150617,  220,    0
  2759,111450,20150618,  214,    0
  2759,111450,20150619,  181,    0
  2759,111450,20150620,  169,    0
  2759,111450,20150621,  197,    0
  2759,111450,20150622,  186,    0
  2759,111450,20150623,  134,    0
  2759,111450,20150624,  165,    0
  2759,111450,20150625,  239,    0
  2759,111450,20150626,  237,    0
  2759,111450,20150627,  236,    0
  2759,111450,20150628,  226,    0
  2759,111450,20150629,  275,    0
  2759,111450,20150630,  257,    0
  2759,111450,20150701,  268,    0
  2759,111450,20150702,  305,    0
  2759,111450,20150703,  346,    0
  2759,111450,20150704,  378,    0
  2759,111450,20150705,  366,    0
  2759,111450,20150706,  258,    0
  2759,111450,20150707,  326,    0
  2759,111450,20150708,  232,    0
  2759,111450,20150709,  186,    0
  2759,111450,20150710,  201,    0
  2759,111450,20150711,  226,    0
  2759,111450,20150712,  257,    0
  2759,111450,20150713,  217,    0
  2759,111450,20150714,  210,    0
  2759,111450,20150715,  232,    0
  2759,111450,20150716,  263,    0
  2759,111450,20150717,  322,    0
  2759,111450,20150718,  271,    0
  2759,111450,20150719,  222,    0
  2759,111450,20150720,  248,    0
  2759,111450,20150721,  288,    0
  2759,111450,20150722,  301,    0
  2759,111450,20150723,  251,    0
  2759,111450,20150724,  265,    0
  2759,111450,20150725,  287,    0
  2759,111450,20150726,  216,    0
  2759,111450,20150727,  224,    0
  2759,111450,20150728,  209,    0
  2759,111450,20150729,  217,    0
  2759,111450,20150730,  202,    0
  2759,111450,20150731,  205,    0
  2759,111450,20150801,  268,    0
  2759,111450,20150802,  305,    0
  2759,111450,20150803,  329,    0
  2759,111450,20150804,  351,    0
  2759,111450,20150805,  267,    0
  2759,111450,20150806,  350,    0
  2759,111450,20150807,  380,    0
  2759,111450,20150808,  340,    0
  2759,111450,20150809,  290,    0
  2759,111450,20150810,  331,    0
  2759,111450,20150811,  341,    0
  2759,111450,20150812,  295,    0
  2759,111450,20150813,  300,    0
  2759,111450,20150814,  348,    0
  2759,111450,20150815,  311,    0
  2759,111450,20150816,  308,    0
  2759,111450,20150817,  275,    0
  2759,111450,20150818,  207,    0
  2759,111450,20150819,  246,    0
  2759,111450,20150820,  263,    0
  2759,111450,20150821,  273,    0
  2759,111450,20150822,  275,    0
  2759,111450,20150823,  261,    0
  2759,111450,20150824,  285,    0
  2759,111450,20150825,  223,    0
  2759,111450,20150826,  268,    0
  2759,111450,20150827,  283,    0
  2759,111450,20150828,  208,    0
  2759,111450,20150829,  250,    0
  2759,111450,20150830,  313,    0
  2759,111450,20150831,  356,    0
  2759,111450,20150901,  294,    0
  2759,111450,20150902,  212,    0
  2759,111450,20150903,  195,    0
  2759,111450,20150904,  207,    0
  2759,111450,20150905,  197,    0
  2759,111450,20150906,  184,    0
  2759,111450,20150907,  184,    0
  2759,111450,20150908,  204,    0
  2759,111450,20150909,  185,    0
  2759,111450,20150910,  201,    0
  2759,111450,20150911,  166,    0
  2759,111450,20150912,  232,    0
  2759,111450,20150913,  241,    0
  2759,111450,20150914,  220,    0
  2759,111450,20150915,  207,    0
  2759,111450,20150916,  250,    0
  2759,111450,20150917,  257,    0
  2759,111450,20150918,  208,    0
  2759,111450,20150919,  212,    0
  2759,111450,20150920,  168,    0
  2759,111450,20150921,  171,    0
  2759,111450,20150922,  201,    0
  2759,111450,20150923,  172,    0
  2759,111450,20150924,  195,    0
  2759,111450,20150925,  196,    0
  2759,111450,20150926,  182,    0
  2759,111450,20150927,  174,    0
  2759,111450,20150928,  191,    0
  2759,111450,20150929,  178,    0
  2759,111450,20150930,  167,    0
  2759,111450,20151001,  180,    0
  2759,111450,20151002,  203,    0
  2759,111450,20151003,  205,    0
  2759,111450,20151004,  206,    0
  2759,111450,20151005,  199,    0
  2759,111450,20151006,  173,    0
  2759,111450,20151007,  147,    0
  2759,111450,20151008,   88,    0
  2759,111450,20151009,  120,    0
  2759,111450,20151010,  107,    0
  2759,111450,20151011,   96,    0
  2759,111450,20151012,   91,    0
  2759,111450,20151013,   51,    0
  2759,111450,20151014,   72,    0
  2759,111450,20151015,   73,    0
  2759,111450,20151016,   92,    0
  2759,111450,20151017,   91,    0
  2759,111450,20151018,  118,    0
  2759,111450,20151019,   90,    0
  2759,111450,20151020,  111,    0
  2759,111450,20151021,  119,    0
  2759,111450,20151022,  117,    0
  2759,111450,20151023,  149,    0
  2759,111450,20151024,  142,    0
  2759,111450,20151025,  135,    0
  2759,111450,20151026,  130,    0
  2759,111450,20151027,  135,    0
  2759,111450,20151028,  115,    0
  2759,111450,20151029,  115,    0
  2759,111450,20151030,   96,    0
  2759,111450,20151031,  160,    0
  2759,111450,20151101,  156,    0
  2759,111450,20151102,  154,    0
  2759,111450,20151103,  117,    0
  2759,111450,20151104,   89,    0
  2759,111450,20151105,  143,    0
  2759,111450,20151106,  155,    0
  2759,111450,20151107,  176,    0
  2759,111450,20151108,  176,    0
  2759,111450,20151109,  177,    0
  2759,111450,20151110,  156,    0
  2759,111450,20151111,  149,    0
  2759,111450,20151112,  145,    0
  2759,111450,20151113,  140,    0
  2759,111450,20151114,   94,    0
  2759,111450,20151115,  133,    0
  2759,111450,20151116,  124,    0
  2759,111450,20151117,  138,    0
  2759,111450,20151118,  139,    0
  2759,111450,20151119,  135,    0
  2759,111450,20151120,   99,    0
  2759,111450,20151121,   64,    0
  2759,111450,20151122,   38,    0
  2759,111450,20151123,   27,    0
  2759,111450,20151124,   35,    0
  2759,111450,20151125,   44,    0
  2759,111450,20151126,   62,    0
  2759,111450,20151127,   56,    0
  2759,111450,20151128,   45,    0
  2759,111450,20151129,   95,    0
  2759,111450,20151130,   88,    0
  2759,111450,20151201,   75,    0
  2759,111450,20151202,  112,    0
  2759,111450,20151203,  120,    0
  2759,111450,20151204,   95,    0
  2759,111450,20151205,   85,    0
  2759,111450,20151206,  108,    0
  2759,111450,20151207,  119,    0
  2759,111450,20151208,  119,    0
  2759,111450,20151209,   93,    0
  2759,111450,20151210,   63,    0
  2759,111450,20151211,   62,    0
  2759,111450,20151212,   73,    0
  2759,111450,20151213,  102,    0
  2759,111450,20151214,   33,    0
  2759,111450,20151215,   73,    0
  2759,111450,20151216,   78,    0
  2759,111450,20151217,  124,    0
  2759,111450,20151218,  123,    0
  2759,111450,20151219,  122,    0
  2759,111450,20151220,  131,    0
  2759,111450,20151221,  107,    0
  2759,111450,20151222,  134,    0
  2759,111450,20151223,  137,    0
  2759,111450,20151224,  107,    0
  2759,111450,20151225,  113,    0
  2759,111450,20151226,  151,    0
  2759,111450,20151227,  122,    0
  2759,111450,20151228,  123,    0
  2759,111450,20151229,   63,    0
  2759,111450,20151230,   27,    0
  2759,111450,20151231,   30,    0
  2759,111450,20160101,   27,    0
  2759,111450,20160102,   13,    0
  2759,111450,20160103,  -77,    0
  2759,111450,20160104,  -66,    0
  2759,111450,20160105,  -70,    0
  2759,111450,20160106,  -70,    0
  2759,111450,20160107,  -16,    0
  2759,111450,20160108,   56,    0
  2759,111450,20160109,   40,    0
  2759,111450,20160110,   31,    0
  2759,111450,20160111,   33,    0
  2759,111450,20160112,   48,    0
  2759,111450,20160113,   43,    0
  2759,111450,20160114,   48,    0
  2759,111450,20160115,   12,    0
  2759,111450,20160116,    7,    0
  2759,111450,20160117,   -3,    0
  2759,111450,20160118,  -12,    0
  2759,111450,20160119,  -27,    0
  2759,111450,20160120,   -1,    0
  2759,111450,20160121,  -16,    0
  2759,111450,20160122,  -25,    0
  2759,111450,20160123,   38,    0
  2759,111450,20160124,   52,    0
  2759,111450,20160125,   98,    0
  2759,111450,20160126,  117,    0
  2759,111450,20160127,  119,    0
  2759,111450,20160128,  118,    0
  2759,111450,20160129,   88,    0
  2759,111450,20160130,   92,    0
  2759,111450,20160131,   61,    0
  2759,111450,20160201,  118,    0
  2759,111450,20160202,  121,    0
  2759,111450,20160203,   76,    0
  2759,111450,20160204,   44,    0
  2759,111450,20160205,   59,    0
  2759,111450,20160206,  115,    0
  2759,111450,20160207,  106,    0
  2759,111450,20160208,  113,    0
  2759,111450,20160209,  101,    0
  2759,111450,20160210,   79,    0
  2759,111450,20160211,   60,    0
  2759,111450,20160212,   67,    0
  2759,111450,20160213,   71,    0
  2759,111450,20160214,   47,    0
  2759,111450,20160215,   47,    0
  2759,111450,20160216,   16,    0
  2759,111450,20160217,   43,    0
  2759,111450,20160218,   59,    0
  2759,111450,20160219,   56,    0
  2759,111450,20160220,   55,    0
  2759,111450,20160221,  114,    0
  2759,111450,20160222,  114,    0
  2759,111450,20160223,   79,    0
  2759,111450,20160224,   59,    0
  2759,111450,20160225,   54,    0
  2759,111450,20160226,   53,    0
  2759,111450,20160227,   59,    0
  2759,111450,20160228,   65,    0
  2759,111450,20160229,   30,    0
  2759,111450,20160301,   60,    0
  2759,111450,20160302,   89,    0
  2759,111450,20160303,   78,    0
  2759,111450,20160304,   90,    0
  2759,111450,20160305,   87,    0
  2759,111450,20160306,   48,    0
  2759,111450,20160307,   67,    0
  2759,111450,20160308,   80,    0
  2759,111450,20160309,   89,    0
  2759,111450,20160310,   83,    0
  2759,111450,20160311,   52,    0
  2759,111450,20160312,   42,    0
  2759,111450,20160313,   30,    0
  2759,111450,20160314,   73,    0
  2759,111450,20160315,   59,    0
  2759,111450,20160316,   92,    0
  2759,111450,20160317,  127,    0
  2759,111450,20160318,   71,    0
  2759,111450,20160319,  102,    0
  2759,111450,20160320,   73,    0
  2759,111450,20160321,   83,    0
  2759,111450,20160322,   92,    0
  2759,111450,20160323,   70,    0
  2759,111450,20160324,   79,    0
  2759,111450,20160325,   85,    0
  2759,111450,20160326,  140,    0
  2759,111450,20160327,  161,    0
  2759,111450,20160328,  162,    0
  2759,111450,20160329,  111,    0
  2759,111450,20160330,  121,    0
  2759,111450,20160331,  108,    0
  2759,111450,20160401,  131,    0
  2759,111450,20160402,  164,    0
  2759,111450,20160403,  191,    0
  2759,111450,20160404,  206,    0
  2759,111450,20160405,  227,    0
  2759,111450,20160406,  158,    0
  2759,111450,20160407,  130,    0
  2759,111450,20160408,  143,    0
  2759,111450,20160409,  135,    0
  2759,111450,20160410,  101,    0
  2759,111450,20160411,  126,    0
  2759,111450,20160412,  144,    0
  2759,111450,20160413,  183,    0
  2759,111450,20160414,  118,    0
  2759,111450,20160415,  136,    0
  2759,111450,20160416,  146,    0
  2759,111450,20160417,  124,    0
  2759,111450,20160418,  133,    0
  2759,111450,20160419,  141,    0
  2759,111450,20160420,  132,    0
  2759,111450,20160421,  151,    0
  2759,111450,20160422,  140,    0
  2759,111450,20160423,  113,    0
  2759,111450,20160424,   97,    0
  2759,111450,20160425,  101,    0
  2759,111450,20160426,   97,    0
  2759,111450,20160427,   94,    0
  2759,111450,20160428,  103,    0
  2759,111450,20160429,  153,    0
  2759,111450,20160430,  186,    0
  2759,111450,20160501,  179,    0
  2759,111450,20160502,  188,    0
  2759,111450,20160503,  198,    0
  2759,111450,20160504,  144,    0
  2759,111450,20160505,  204,    0
  2759,111450,20160506,  236,    0
  2759,111450,20160507,  247,    0
  2759,111450,20160508,  242,    0
  2759,111450,20160509,  249,    0
  2759,111450,20160510,  248,    0
  2759,111450,20160511,  253,    0
  2759,111450,20160512,  245,    0
  2759,111450,20160513,  225,    0
  2759,111450,20160514,  150,    0
  2759,111450,20160515,  135,    0
  2759,111450,20160516,  150,    0
  2759,111450,20160517,  129,    0
  2759,111450,20160518,  206,    0
  2759,111450,20160519,  227,    0
  2759,111450,20160520,  234,    0
  2759,111450,20160521,  243,    0
  2759,111450,20160522,  294,    0
  2759,111450,20160523,  263,    0
  2759,111450,20160524,  202,    0
  2759,111450,20160525,  155,    0
  2759,111450,20160526,  160,    0
  2759,111450,20160527,  216,    0
  2759,111450,20160528,  239,    0
  2759,111450,20160529,  281,    0
  2759,111450,20160530,  274,    0
  2759,111450,20160531,  255,    0
  2759,111450,20160601,  228,    0
  2759,111450,20160602,  251,    0
  2759,111450,20160603,  258,    0
  2759,111450,20160604,  273,    0
  2759,111450,20160605,  276,    0
  2759,111450,20160606,  246,    0
  2759,111450,20160607,  269,    0
  2759,111450,20160608,  272,    0
  2759,111450,20160609,  230,    0
  2759,111450,20160610,  225,    0
  2759,111450,20160611,  228,    0
  2759,111450,20160612,  214,    0
  2759,111450,20160613,  172,    0
  2759,111450,20160614,  224,    0
  2759,111450,20160615,  196,    0
  2759,111450,20160616,  227,    0
  2759,111450,20160617,  199,    0
  2759,111450,20160618,  219,    0
  2759,111450,20160619,  220,    0
  2759,111450,20160620,  240,    0
  2759,111450,20160621,  241,    0
  2759,111450,20160622,  271,    0
  2759,111450,20160623,  322,    0
  2759,111450,20160624,  351,    0
  2759,111450,20160625,  342,    0
  2759,111450,20160626,  243,    0
  2759,111450,20160627,  251,    0
  2759,111450,20160628,  241,    0
  2759,111450,20160629,  259,    0
  2759,111450,20160630,  259,    0
  2759,111450,20160701,  283,    0
  2759,111450,20160702,  257,    0
  2759,111450,20160703,  230,    0
  2759,111450,20160704,  244,    0
  2759,111450,20160705,  254,    0
  2759,111450,20160706,  211,    0
  2759,111450,20160707,  227,    0
  2759,111450,20160708,  273,    0
  2759,111450,20160709,  241,    0
  2759,111450,20160710,  317,    0
  2759,111450,20160711,  293,    0
  2759,111450,20160712,  269,    0
  2759,111450,20160713,  225,    0
  2759,111450,20160714,  179,    0
  2759,111450,20160715,  186,    0
  2759,111450,20160716,  258,    0
  2759,111450,20160717,  231,    0
  2759,111450,20160718,  219,    0
  2759,111450,20160719,  252,    0
  2759,111450,20160720,  280,    0
  2759,111450,20160721,  286,    0
  2759,111450,20160722,  305,    0
  2759,111450,20160723,  285,    0
  2759,111450,20160724,  288,    0
  2759,111450,20160725,  315,    0
  2759,111450,20160726,  289,    0
  2759,111450,20160727,  259,    0
  2759,111450,20160728,  255,    0
  2759,111450,20160729,  259,    0
  2759,111450,20160730,  256,    0
  2759,111450,20160731,  262,    0
  2759,111450,20160801,  228,    0
  2759,111450,20160802,  184,    0
  2759,111450,20160803,  229,    0
  2759,111450,20160804,  236,    0
  2759,111450,20160805,  224,    0
  2759,111450,20160806,  226,    0
  2759,111450,20160807,  250,    0
  2759,111450,20160808,  286,    0
  2759,111450,20160809,  218,    0
  2759,111450,20160810,  179,    0
  2759,111450,20160811,  198,    0
  2759,111450,20160812,  194,    0
  2759,111450,20160813,  279,    0
  2759,111450,20160814,  220,    0
  2759,111450,20160815,  214,    0
  2759,111450,20160816,  222,    0
  2759,111450,20160817,  222,    0
  2759,111450,20160818,  201,    0
  2759,111450,20160819,  264,    0
  2759,111450,20160820,  263,    0
  2759,111450,20160821,  230,    0
  2759,111450,20160822,  245,    0
  2759,111450,20160823,  239,    0
  2759,111450,20160824,  277,    0
  2759,111450,20160825,  294,    0
  2759,111450,20160826,  341,    0
  2759,111450,20160827,  316,    0
  2759,111450,20160828,  349,    0
  2759,111450,20160829,  245,    0
  2759,111450,20160830,  229,    0
  2759,111450,20160831,  261,    0
  2759,111450,20160901,  272,    0
  2759,111450,20160902,  259,    0
  2759,111450,20160903,  266,    0
  2759,111450,20160904,  228,    0
  2759,111450,20160905,  219,    0
  2759,111450,20160906,  226,    0
  2759,111450,20160907,  263,    0
  2759,111450,20160908,  300,    0
  2759,111450,20160909,  275,    0
  2759,111450,20160910,  274,    0
  2759,111450,20160911,  303,    0
  2759,111450,20160912,  320,    0
  2759,111450,20160913,  314,    0
  2759,111450,20160914,  291,    0
  2759,111450,20160915,  264,    0
  2759,111450,20160916,  281,    0
  2759,111450,20160917,  217,    0
  2759,111450,20160918,  210,    0
  2759,111450,20160919,  201,    0
  2759,111450,20160920,  190,    0
  2759,111450,20160921,  201,    0
  2759,111450,20160922,  205,    0
  2759,111450,20160923,  230,    0
  2759,111450,20160924,  211,    0
  2759,111450,20160925,  228,    0
  2759,111450,20160926,  219,    0
  2759,111450,20160927,  224,    0
  2759,111450,20160928,  211,    0
  2759,111450,20160929,  258,    0
  2759,111450,20160930,  205,    0
  2759,111450,20161001,  151,    0
  2759,111450,20161002,  184,    0
  2759,111450,20161003,  178,    0
  2759,111450,20161004,  168,    0
  2759,111450,20161005,  129,    0
  2759,111450,20161006,  114,    0
  2759,111450,20161007,  124,    0
  2759,111450,20161008,  126,    0
  2759,111450,20161009,  112,    0
  2759,111450,20161010,  117,    0
  2759,111450,20161011,   97,    0
  2759,111450,20161012,   81,    0
  2759,111450,20161013,   76,    0
  2759,111450,20161014,  123,    0
  2759,111450,20161015,  103,    0
  2759,111450,20161016,  104,    0
  2759,111450,20161017,   84,    0
  2759,111450,20161018,  118,    0
  2759,111450,20161019,  118,    0
  2759,111450,20161020,   98,    0
  2759,111450,20161021,   92,    0
  2759,111450,20161022,   98,    0
  2759,111450,20161023,   92,    0
  2759,111450,20161024,   94,    0
  2759,111450,20161025,  102,    0
  2759,111450,20161026,   86,    0
  2759,111450,20161027,  116,    0
  2759,111450,20161028,  131,    0
  2759,111450,20161029,  122,    0
  2759,111450,20161030,  117,    0
  2759,111450,20161031,  112,    0
  2759,111450,20161101,  114,    0
  2759,111450,20161102,   89,    0
  2759,111450,20161103,   68,    0
  2759,111450,20161104,   79,    0
  2759,111450,20161105,   98,    0
  2759,111450,20161106,   85,    0
  2759,111450,20161107,   56,    0
  2759,111450,20161108,   57,    0
  2759,111450,20161109,   44,    0
  2759,111450,20161110,   36,    0
  2759,111450,20161111,   29,    0
  2759,111450,20161112,   26,    0
  2759,111450,20161113,   42,    0
  2759,111450,20161114,   51,    0
  2759,111450,20161115,   75,    0
  2759,111450,20161116,   92,    0
  2759,111450,20161117,  111,    0
  2759,111450,20161118,  144,    0
  2759,111450,20161119,   83,    0
  2759,111450,20161120,  109,    0
  2759,111450,20161121,  131,    0
  2759,111450,20161122,  119,    0
  2759,111450,20161123,  120,    0
  2759,111450,20161124,   79,    0
  2759,111450,20161125,   35,    0
  2759,111450,20161126,   34,    0
  2759,111450,20161127,   71,    0
  2759,111450,20161128,   32,    0
  2759,111450,20161129,   26,    0
  2759,111450,20161130,   47,    0
  2759,111450,20161201,   83,    0
  2759,111450,20161202,   82,    0
  2759,111450,20161203,   38,    0
  2759,111450,20161204,    4,    0
  2759,111450,20161205,    8,    0
  2759,111450,20161206,   17,    0
  2759,111450,20161207,   46,    0
  2759,111450,20161208,  115,    0
  2759,111450,20161209,   96,    0
  2759,111450,20161210,  112,    0
  2759,111450,20161211,   85,    0
  2759,111450,20161212,   72,    0
  2759,111450,20161213,   43,    0
  2759,111450,20161214,   57,    0
  2759,111450,20161215,   34,    0
  2759,111450,20161216,   35,    0
  2759,111450,20161217,   15,    0
  2759,111450,20161218,   62,    0
  2759,111450,20161219,   53,    0
  2759,111450,20161220,   23,    0
  2759,111450,20161221,   23,    0
  2759,111450,20161222,   30,    0
  2759,111450,20161223,   48,    0
  2759,111450,20161224,   69,    0
  2759,111450,20161225,  103,    0
  2759,111450,20161226,  111,    0
  2759,111450,20161227,   80,    0
  2759,111450,20161228,   71,    0
  2759,111450,20161229,   56,    0
  2759,111450,20161230,   40,    0
  2759,111450,20161231,   42,    0
  2759,111450,20170101,   36,    0
  2759,111450,20170102,   30,    0
  2759,111450,20170103,   42,    0
  2759,111450,20170104,   50,    0
  2759,111450,20170105,   -4,    0
  2759,111450,20170106,  -27,    0
  2759,111450,20170107,  -30,    0
  2759,111450,20170108,  -19,    0
  2759,111450,20170109,   -3,    0
  2759,111450,20170110,    9,    0
  2759,111450,20170111,   36,    0
  2759,111450,20170112,   50,    0
  2759,111450,20170113,   31,    0
  2759,111450,20170114,   24,    0
  2759,111450,20170115,   11,    0
  2759,111450,20170116,   -8,    0
  2759,111450,20170117,   10,    0
  2759,111450,20170118,  -30,    0
  2759,111450,20170119,  -13,    0
  2759,111450,20170120,   19,    0
  2759,111450,20170121,   28,    0
  2759,111450,20170122,   45,    0
  2759,111450,20170123,  -15,    0
  2759,111450,20170124,    1,    0
  2759,111450,20170125,   13,    0
  2759,111450,20170126,   26,    0
  2759,111450,20170127,   32,    0
  2759,111450,20170128,    3,    0
  2759,111450,20170129,   67,    0
  2759,111450,20170130,   23,    0
  2759,111450,20170131,    1,    0
  2759,111450,20170201,    5,    0
  2759,111450,20170202,    5,    0
  2759,111450,20170203,   28,    0
  2759,111450,20170204,   34,    0
  2759,111450,20170205,   25,    0
  2759,111450,20170206,    3,    0
  2759,111450,20170207,   -7,    0
  2759,111450,20170208,  -22,    0
  2759,111450,20170209,  -16,    0
  2759,111450,20170210,    7,    0
  2759,111450,20170211,  -11,    0
  2759,111450,20170212,   -8,    0
  2759,111450,20170213,   26,    0
  2759,111450,20170214,   57,    0
  2759,111450,20170215,  113,    0
  2759,111450,20170216,  133,    0
  2759,111450,20170217,   68,    0
  2759,111450,20170218,   51,    0
  2759,111450,20170219,   78,    0
  2759,111450,20170220,  101,    0
  2759,111450,20170221,  100,    0
  2759,111450,20170222,  108,    0
  2759,111450,20170223,   90,    0
  2759,111450,20170224,   77,    0
  2759,111450,20170225,   70,    0
  2759,111450,20170226,  107,    0
  2759,111450,20170227,  129,    0
  2759,111450,20170228,  116,    0
  2759,111450,20170301,   76,    0
  2759,111450,20170302,   74,    0
  2759,111450,20170303,  120,    0
  2759,111450,20170304,  171,    0
  2759,111450,20170305,  119,    0
  2759,111450,20170306,   86,    0
  2759,111450,20170307,   45,    0
  2759,111450,20170308,  101,    0
  2759,111450,20170309,  108,    0
  2759,111450,20170310,   91,    0
  2759,111450,20170311,   97,    0
  2759,111450,20170312,   60,    0
  2759,111450,20170313,   96,    0
  2759,111450,20170314,  113,    0
  2759,111450,20170315,  133,    0
  2759,111450,20170316,  128,    0
  2759,111450,20170317,  113,    0
  2759,111450,20170318,  117,    0
  2759,111450,20170319,  101,    0
  2759,111450,20170320,  136,    0
  2759,111450,20170321,  124,    0
  2759,111450,20170322,  114,    0
  2759,111450,20170323,   76,    0
  2759,111450,20170324,  137,    0
  2759,111450,20170325,  124,    0
  2759,111450,20170326,  141,    0
  2759,111450,20170327,  185,    0
  2759,111450,20170328,  217,    0
  2759,111450,20170329,  146,    0
  2759,111450,20170330,  179,    0
  2759,111450,20170331,  224,    0
  2759,111450,20170401,  239,    0
  2759,111450,20170402,  184,    0
  2759,111450,20170403,  110,    0
  2759,111450,20170404,  121,    0
  2759,111450,20170405,  142,    0
  2759,111450,20170406,  134,    0
  2759,111450,20170407,  118,    0
  2759,111450,20170408,  152,    0
  2759,111450,20170409,  192,    0
  2759,111450,20170410,  212,    0
  2759,111450,20170411,  108,    0
  2759,111450,20170412,  133,    0
  2759,111450,20170413,  131,    0
  2759,111450,20170414,  140,    0
  2759,111450,20170415,  111,    0
  2759,111450,20170416,   90,    0
  2759,111450,20170417,   98,    0
  2759,111450,20170418,   89,    0
  2759,111450,20170419,   65,    0
  2759,111450,20170420,   90,    0
  2759,111450,20170421,  149,    0
  2759,111450,20170422,  112,    0
  2759,111450,20170423,   97,    0
  2759,111450,20170424,  147,    0
  2759,111450,20170425,  122,    0
  2759,111450,20170426,  118,    0
  2759,111450,20170427,  132,    0
  2759,111450,20170428,  122,    0
  2759,111450,20170429,  123,    0
  2759,111450,20170430,  141,    0
  2759,111450,20170501,  166,    0
  2759,111450,20170502,  111,    0
  2759,111450,20170503,  162,    0
  2759,111450,20170504,  112,    0
  2759,111450,20170505,  136,    0
  2759,111450,20170506,  168,    0
  2759,111450,20170507,  190,    0
  2759,111450,20170508,  104,    0
  2759,111450,20170509,  102,    0
  2759,111450,20170510,  126,    0
  2759,111450,20170511,  196,    0
  2759,111450,20170512,  238,    0
  2759,111450,20170513,  197,    0
  2759,111450,20170514,  226,    0
  2759,111450,20170515,  213,    0
  2759,111450,20170516,  192,    0
  2759,111450,20170517,  259,    0
  2759,111450,20170518,  283,    0
  2759,111450,20170519,  301,    0
  2759,111450,20170520,  198,    0
  2759,111450,20170521,  221,    0
  2759,111450,20170522,  228,    0
  2759,111450,20170523,  260,    0
  2759,111450,20170524,  163,    0
  2759,111450,20170525,  194,    0
  2759,111450,20170526,  243,    0
  2759,111450,20170527,  271,    0
  2759,111450,20170528,  318,    0
  2759,111450,20170529,  308,    0
  2759,111450,20170530,  311,    0
  2759,111450,20170531,  247,    0
  2759,111450,20170601,  228,    0
  2759,111450,20170602,  259,    0
  2759,111450,20170603,  222,    0
  2759,111450,20170604,  190,    0
  2759,111450,20170605,  228,    0
  2759,111450,20170606,  261,    0
  2759,111450,20170607,  192,    0
  2759,111450,20170608,  210,    0
  2759,111450,20170609,  291,    0
  2759,111450,20170610,  244,    0
  2759,111450,20170611,  294,    0
  2759,111450,20170612,  234,    0
  2759,111450,20170613,  207,    0
  2759,111450,20170614,  229,    0
  2759,111450,20170615,  279,    0
  2759,111450,20170616,  227,    0
  2759,111450,20170617,  227,    0
  2759,111450,20170618,  270,    0
  2759,111450,20170619,  314,    0
  2759,111450,20170620,  303,    0
  2759,111450,20170621,  254,    0
  2759,111450,20170622,  286,    0
  2759,111450,20170623,  236,    0
  2759,111450,20170624,  232,    0
  2759,111450,20170625,  235,    0
  2759,111450,20170626,  218,    0
  2759,111450,20170627,  229,    0
  2759,111450,20170628,  271,    0
  2759,111450,20170629,  214,    0
  2759,111450,20170630,  201,    0
  2759,111450,20170701,  188,    0
  2759,111450,20170702,  195,    0
  2759,111450,20170703,  230,    0
  2759,111450,20170704,  214,    0
  2759,111450,20170705,  213,    0
  2759,111450,20170706,  254,    0
  2759,111450,20170707,  283,    0
  2759,111450,20170708,  256,    0
  2759,111450,20170709,  246,    0
  2759,111450,20170710,  219,    0
  2759,111450,20170711,  247,    0
  2759,111450,20170712,  221,    0
  2759,111450,20170713,  193,    0
  2759,111450,20170714,  223,    0
  2759,111450,20170715,  225,    0
  2759,111450,20170716,  225,    0
  2759,111450,20170717,  231,    0
  2759,111450,20170718,  253,    0
  2759,111450,20170719,  282,    0
  2759,111450,20170720,  291,    0
  2759,111450,20170721,  264,    0
  2759,111450,20170722,  274,    0
  2759,111450,20170723,  247,    0
  2759,111450,20170724,  237,    0
  2759,111450,20170725,  178,    0
  2759,111450,20170726,  172,    0
  2759,111450,20170727,  231,    0
  2759,111450,20170728,  237,    0
  2759,111450,20170729,  264,    0
  2759,111450,20170730,  326,    0
  2759,111450,20170731,  294,    0
  2759,111450,20170801,  302,    0
  2759,111450,20170802,  270,    0
  2759,111450,20170803,  281,    0
  2759,111450,20170804,  263,    0
  2759,111450,20170805,  234,    0
  2759,111450,20170806,  223,    0
  2759,111450,20170807,  245,    0
  2759,111450,20170808,  262,    0
  2759,111450,20170809,  273,    0
  2759,111450,20170810,  254,    0
  2759,111450,20170811,  205,    0
  2759,111450,20170812,  190,    0
  2759,111450,20170813,  226,    0
  2759,111450,20170814,  240,    0
  2759,111450,20170815,  279,    0
  2759,111450,20170816,  233,    0
  2759,111450,20170817,  258,    0
  2759,111450,20170818,  265,    0
  2759,111450,20170819,  215,    0
  2759,111450,20170820,  215,    0
  2759,111450,20170821,  196,    0
  2759,111450,20170822,  182,    0
  2759,111450,20170823,  222,    0
  2759,111450,20170824,  228,    0
  2759,111450,20170825,  234,    0
  2759,111450,20170826,  236,    0
  2759,111450,20170827,  232,    0
  2759,111450,20170828,  242,    0
  2759,111450,20170829,  271,    0
  2759,111450,20170830,  299,    0
  2759,111450,20170831,  273,    0
  2759,111450,20170901,  181,    0
  2759,111450,20170902,  196,    0
  2759,111450,20170903,  196,    0
  2759,111450,20170904,  217,    0
  2759,111450,20170905,  233,    0
  2759,111450,20170906,  228,    0
  2759,111450,20170907,  168,    0
  2759,111450,20170908,  181,    0
  2759,111450,20170909,  178,    0
  2759,111450,20170910,  209,    0
  2759,111450,20170911,  205,    0
  2759,111450,20170912,  191,    0
  2759,111450,20170913,  206,    0
  2759,111450,20170914,  155,    0
  2759,111450,20170915,  177,    0
  2759,111450,20170916,  176,    0
  2759,111450,20170917,  191,    0
  2759,111450,20170918,  184,    0
  2759,111450,20170919,  187,    0
  2759,111450,20170920,  171,    0
  2759,111450,20170921,  177,    0
  2759,111450,20170922,  183,    0
  2759,111450,20170923,  161,    0
  2759,111450,20170924,  168,    0
  2759,111450,20170925,  155,    0
  2759,111450,20170926,  180,    0
  2759,111450,20170927,  191,    0
  2759,111450,20170928,  195,    0
  2759,111450,20170929,  208,    0
  2759,111450,20170930,  206,    0
  2759,111450,20171001,  144,    0
  2759,111450,20171002,  161,    0
  2759,111450,20171003,  163,    0
  2759,111450,20171004,  140,    0
  2759,111450,20171005,  147,    0
  2759,111450,20171006,  137,    0
  2759,111450,20171007,  129,    0
  2759,111450,20171008,  144,    0
  2759,111450,20171009,  142,    0
  2759,111450,20171010,  139,    0
  2759,111450,20171011,  164,    0
  2759,111450,20171012,  169,    0
  2759,111450,20171013,  170,    0
  2759,111450,20171014,  188,    0
  2759,111450,20171015,  219,    0
  2759,111450,20171016,  231,    0
  2759,111450,20171017,  230,    0
  2759,111450,20171018,  190,    0
  2759,111450,20171019,  141,    0
  2759,111450,20171020,  164,    0
  2759,111450,20171021,  127,    0
  2759,111450,20171022,  151,    0
  2759,111450,20171023,  118,    0
  2759,111450,20171024,  141,    0
  2759,111450,20171025,  180,    0
  2759,111450,20171026,  148,    0
  2759,111450,20171027,  124,    0
  2759,111450,20171028,  113,    0
  2759,111450,20171029,  121,    0
  2759,111450,20171030,   90,    0
  2759,111450,20171031,   91,    0
  2759,111450,20171101,  112,    0
  2759,111450,20171102,  110,    0
  2759,111450,20171103,  124,    0
  2759,111450,20171104,  115,    0
  2759,111450,20171105,  133,    0
  2759,111450,20171106,  103,    0
  2759,111450,20171107,   93,    0
  2759,111450,20171108,   89,    0
  2759,111450,20171109,   75,    0
  2759,111450,20171110,   82,    0
  2759,111450,20171111,   72,    0
  2759,111450,20171112,   61,    0
  2759,111450,20171113,   76,    0
  2759,111450,20171114,   75,    0
  2759,111450,20171115,   92,    0
  2759,111450,20171116,   92,    0
  2759,111450,20171117,   91,    0
  2759,111450,20171118,   63,    0
  2759,111450,20171119,   62,    0
  2759,111450,20171120,   65,    0
  2759,111450,20171121,   57,    0
  2759,111450,20171122,  106,    0
  2759,111450,20171123,  127,    0
  2759,111450,20171124,  148,    0
  2759,111450,20171125,   60,    0
  2759,111450,20171126,   50,    0
  2759,111450,20171127,   57,    0
  2759,111450,20171128,   75,    0
  2759,111450,20171129,   59,    0
  2759,111450,20171130,   49,    0
  2759,111450,20171201,   32,    0
  2759,111450,20171202,   51,    0
  2759,111450,20171203,   30,    0
  2759,111450,20171204,   52,    0
  2759,111450,20171205,   76,    0
  2759,111450,20171206,   79,    0
  2759,111450,20171207,   80,    0
  2759,111450,20171208,   60,    0
  2759,111450,20171209,   29,    0
  2759,111450,20171210,   15,    0
  2759,111450,20171211,   66,    0
  2759,111450,20171212,   80,    0
  2759,111450,20171213,   44,    0
  2759,111450,20171214,   49,    0
  2759,111450,20171215,   30,    0
  2759,111450,20171216,   31,    0
  2759,111450,20171217,   30,    0
  2759,111450,20171218,   33,    0
  2759,111450,20171219,   34,    0
  2759,111450,20171220,   46,    0
  2759,111450,20171221,   78,    0
  2759,111450,20171222,   71,    0
  2759,111450,20171223,   96,    0
  2759,111450,20171224,  104,    0
  2759,111450,20171225,  104,    0
  2759,111450,20171226,  100,    0
  2759,111450,20171227,   56,    0
  2759,111450,20171228,   45,    0
  2759,111450,20171229,   48,    0
  2759,111450,20171230,   96,    0
  2759,111450,20171231,  123,    0
  2759,111450,20180101,  120,    0
  2759,111450,20180102,   61,    0
  2759,111450,20180103,   77,    0
  2759,111450,20180104,   79,    0
  2759,111450,20180105,   96,    0
  2759,111450,20180106,   71,    0
  2759,111450,20180107,   41,    0
  2759,111450,20180108,   17,    0
  2759,111450,20180109,   52,    0
  2759,111450,20180110,   38,    0
  2759,111450,20180111,   38,    0
  2759,111450,20180112,   21,    0
  2759,111450,20180113,    8,    0
  2759,111450,20180114,    2,    0
  2759,111450,20180115,   35,    0
  2759,111450,20180116,   60,    0
  2759,111450,20180117,   25,    0
  2759,111450,20180118,   58,    0
  2759,111450,20180119,   37,    0
  2759,111450,20180120,   30,    0
  2759,111450,20180121,   13,    0
  2759,111450,20180122,   18,    0
  2759,111450,20180123,   60,    0
  2759,111450,20180124,  111,    0
  2759,111450,20180125,  104,    0
  2759,111450,20180126,   75,    0
  2759,111450,20180127,   73,    0
  2759,111450,20180128,   97,    0
  2759,111450,20180129,  112,    0
  2759,111450,20180130,   63,    0
  2759,111450,20180131,   93,    0
  2759,111450,20180201,   68,    0
  2759,111450,20180202,   52,    0
  2759,111450,20180203,   30,    0
  2759,111450,20180204,   36,    0
  2759,111450,20180205,   21,    0
  2759,111450,20180206,    7,    0
  2759,111450,20180207,   21,    0
  2759,111450,20180208,   28,    0
  2759,111450,20180209,   20,    0
  2759,111450,20180210,   30,    0
  2759,111450,20180211,   45,    0
  2759,111450,20180212,   55,    0
  2759,111450,20180213,   55,    0
  2759,111450,20180214,   47,    0
  2759,111450,20180215,   29,    0
  2759,111450,20180216,   77,    0
  2759,111450,20180217,   50,    0
  2759,111450,20180218,   38,    0
  2759,111450,20180219,   52,    0
  2759,111450,20180220,   38,    0
  2759,111450,20180221,   42,    0
  2759,111450,20180222,   34,    0
  2759,111450,20180223,   -1,    0
  2759,111450,20180224,    5,    0
  2759,111450,20180225,  -13,    0
  2759,111450,20180226,  -24,    0
  2759,111450,20180227,  -28,    0
  2759,111450,20180228,  -58,    0
  2759,111450,20180301,  -48,    0
  2759,111450,20180302,  -35,    0
  2759,111450,20180303,  -21,    0
  2759,111450,20180304,   42,    0
  2759,111450,20180305,   98,    0
  2759,111450,20180306,   58,    0
  2759,111450,20180307,   24,    0
  2759,111450,20180308,   95,    0
  2759,111450,20180309,   93,    0
  2759,111450,20180310,   94,    0
  2759,111450,20180311,  166,    0
  2759,111450,20180312,  101,    0
  2759,111450,20180313,  117,    0
  2759,111450,20180314,   51,    0
  2759,111450,20180315,   47,    0
  2759,111450,20180316,   17,    0
  2759,111450,20180317,   -5,    0
  2759,111450,20180318,   13,    0
  2759,111450,20180319,   37,    0
  2759,111450,20180320,   26,    0
  2759,111450,20180321,   68,    0
  2759,111450,20180322,   43,    0
  2759,111450,20180323,   42,    0
  2759,111450,20180324,   76,    0
  2759,111450,20180325,  117,    0
  2759,111450,20180326,   88,    0
  2759,111450,20180327,   79,    0
  2759,111450,20180328,   23,    0
  2759,111450,20180329,   89,    0
  2759,111450,20180330,  116,    0
  2759,111450,20180331,   56,    0
  2759,111450,20180401,   26,    0
  2759,111450,20180402,  101,    0
  2759,111450,20180403,  188,    0
  2759,111450,20180404,  214,    0
  2759,111450,20180405,  160,    0
  2759,111450,20180406,  133,    0
  2759,111450,20180407,  208,    0
  2759,111450,20180408,  202,    0
  2759,111450,20180409,  222,    0
  2759,111450,20180410,  246,    0
  2759,111450,20180411,  187,    0
  2759,111450,20180412,  244,    0
  2759,111450,20180413,  202,    0
  2759,111450,20180414,  177,    0
  2759,111450,20180415,  222,    0
  2759,111450,20180416,  163,    0
  2759,111450,20180417,  193,    0
  2759,111450,20180418,  244,    0
  2759,111450,20180419,  247,    0
  2759,111450,20180420,  275,    0
  2759,111450,20180421,  217,    0
  2759,111450,20180422,  241,    0
  2759,111450,20180423,  217,    0
  2759,111450,20180424,  169,    0
  2759,111450,20180425,  187,    0
  2759,111450,20180426,  139,    0
  2759,111450,20180427,  164,    0
  2759,111450,20180428,  227,    0
  2759,111450,20180429,  243,    0
  2759,111450,20180430,  239,    0
  2759,111450,20180501,  164,    0
  2759,111450,20180502,  149,    0
  2759,111450,20180503,  199,    0
  2759,111450,20180504,  184,    0
  2759,111450,20180505,  188,    0
  2759,111450,20180506,  214,    0
  2759,111450,20180507,  239,    0
  2759,111450,20180508,  249,    0
  2759,111450,20180509,  268,    0
  2759,111450,20180510,  275,    0
  2759,111450,20180511,  164,    0
  2759,111450,20180512,  230,    0
  2759,111450,20180513,  265,    0
  2759,111450,20180514,  240,    0
  2759,111450,20180515,  229,    0
  2759,111450,20180516,  226,    0
  2759,111450,20180517,  217,    0
  2759,111450,20180518,  150,    0
  2759,111450,20180519,  220,    0
  2759,111450,20180520,  219,    0
  2759,111450,20180521,  241,    0
  2759,111450,20180522,  251,    0
  2759,111450,20180523,  258,    0
  2759,111450,20180524,  262,    0
  2759,111450,20180525,  269,    0
  2759,111450,20180526,  273,    0
  2759,111450,20180527,  282,    0
  2759,111450,20180528,  321,    0
  2759,111450,20180529,  322,    0
  2759,111450,20180530,  324,    0
  2759,111450,20180531,  314,    0
  2759,111450,20180601,  322,    0
  2759,111450,20180602,  264,    0
  2759,111450,20180603,  241,    0
  2759,111450,20180604,  254,    0
  2759,111450,20180605,  235,    0
  2759,111450,20180606,  245,    0
  2759,111450,20180607,  280,    0
  2759,111450,20180608,  313,    0
  2759,111450,20180609,  310,    0
  2759,111450,20180610,  300,    0
  2759,111450,20180611,  250,    0
  2759,111450,20180612,  222,    0
  2759,111450,20180613,  181,    0
  2759,111450,20180614,  241,    0
  2759,111450,20180615,  238,    0
  2759,111450,20180616,  274,    0
  2759,111450,20180617,  271,    0
  2759,111450,20180618,  247,    0
  2759,111450,20180619,  261,    0
  2759,111450,20180620,  290,    0
  2759,111450,20180621,  278,    0
  2759,111450,20180622,  201,    0
  2759,111450,20180623,  201,    0
  2759,111450,20180624,  160,    0
  2759,111450,20180625,  224,    0
  2759,111450,20180626,  243,    0
  2759,111450,20180627,  251,    0
  2759,111450,20180628,  289,    0
  2759,111450,20180629,  308,    0
  2759,111450,20180630,  224,    0
  2759,111450,20180701,  226,    0
  2759,111450,20180702,  249,    0
  2759,111450,20180703,  283,    0
  2759,111450,20180704,  319,    0
  2759,111450,20180705,  323,    0
  2759,111450,20180706,  242,    0
  2759,111450,20180707,  267,    0
  2759,111450,20180708,  278,    0
  2759,111450,20180709,  241,    0
  2759,111450,20180710,  201,    0
  2759,111450,20180711,  248,    0
  2759,111450,20180712,  196,    0
  2759,111450,20180713,  280,    0
  2759,111450,20180714,  246,    0
  2759,111450,20180715,  255,    0
  2759,111450,20180716,  287,    0
  2759,111450,20180717,  300,    0
  2759,111450,20180718,  275,    0
  2759,111450,20180719,  261,    0
  2759,111450,20180720,  278,    0
  2759,111450,20180721,  278,    0
  2759,111450,20180722,  282,    0
  2759,111450,20180723,  278,    0
  2759,111450,20180724,  299,    0
  2759,111450,20180725,  324,    0
  2759,111450,20180726,  320,    0
  2759,111450,20180727,  323,    0
  2759,111450,20180728,  328,    0
  2759,111450,20180729,  295,    0
  2759,111450,20180730,  334,    0
  2759,111450,20180731,  361,    0
  2759,111450,20180801,  318,    0
  2759,111450,20180802,  322,    0
  2759,111450,20180803,  330,    0
  2759,111450,20180804,  343,    0
  2759,111450,20180805,  263,    0
  2759,111450,20180806,  298,    0
  2759,111450,20180807,  363,    0
  2759,111450,20180808,  380,    0
  2759,111450,20180809,  347,    0
  2759,111450,20180810,  248,    0
  2759,111450,20180811,  240,    0
  2759,111450,20180812,  276,    0
  2759,111450,20180813,  320,    0
  2759,111450,20180814,  256,    0
  2759,111450,20180815,  264,    0
  2759,111450,20180816,  297,    0
  2759,111450,20180817,  334,    0
  2759,111450,20180818,  273,    0
  2759,111450,20180819,  309,    0
  2759,111450,20180820,  242,    0
  2759,111450,20180821,  240,    0
  2759,111450,20180822,  288,    0
  2759,111450,20180823,  346,    0
  2759,111450,20180824,  242,    0
  2759,111450,20180825,  226,    0
  2759,111450,20180826,  213,    0
  2759,111450,20180827,  224,    0
  2759,111450,20180828,  229,    0
  2759,111450,20180829,  278,    0
  2759,111450,20180830,  195,    0
  2759,111450,20180831,  216,    0
  2759,111450,20180901,  227,    0
  2759,111450,20180902,  237,    0
  2759,111450,20180903,  288,    0
  2759,111450,20180904,  264,    0
  2759,111450,20180905,  253,    0
  2759,111450,20180906,  261,    0
  2759,111450,20180907,  237,    0
  2759,111450,20180908,  227,    0
  2759,111450,20180909,  263,    0
  2759,111450,20180910,  269,    0
  2759,111450,20180911,  270,    0
  2759,111450,20180912,  289,    0
  2759,111450,20180913,  165,    0
  2759,111450,20180914,  205,    0
  2759,111450,20180915,  219,    0
  2759,111450,20180916,  232,    0
  2759,111450,20180917,  279,    0
  2759,111450,20180918,  307,    0
  2759,111450,20180919,  293,    0
  2759,111450,20180920,  298,    0
  2759,111450,20180921,  306,    0
  2759,111450,20180922,  179,    0
  2759,111450,20180923,  139,    0
  2759,111450,20180924,  142,    0
  2759,111450,20180925,  147,    0
  2759,111450,20180926,  177,    0
  2759,111450,20180927,  235,    0
  2759,111450,20180928,  174,    0
  2759,111450,20180929,  154,    0
  2759,111450,20180930,  190,    0
  2759,111450,20181001,  149,    0
  2759,111450,20181002,  111,    0
  2759,111450,20181003,  145,    0
  2759,111450,20181004,  156,    0
  2759,111450,20181005,  206,    0
  2759,111450,20181006,  236,    0
  2759,111450,20181007,  163,    0
  2759,111450,20181008,  152,    0
  2759,111450,20181009,  189,    0
  2759,111450,20181010,  237,    0
  2759,111450,20181011,  243,    0
  2759,111450,20181012,  257,    0
  2759,111450,20181013,  255,    0
  2759,111450,20181014,  243,    0
  2759,111450,20181015,  220,    0
  2759,111450,20181016,  209,    0
  2759,111450,20181017,  214,    0
  2759,111450,20181018,  171,    0
  2759,111450,20181019,  147,    0
  2759,111450,20181020,  132,    0
  2759,111450,20181021,  158,    0
  2759,111450,20181022,  116,    0
  2759,111450,20181023,  117,    0
  2759,111450,20181024,  126,    0
  2759,111450,20181025,  128,    0
  2759,111450,20181026,  124,    0
  2759,111450,20181027,  103,    0
  2759,111450,20181028,   86,    0
  2759,111450,20181029,   65,    0
  2759,111450,20181030,  213,    0
  2759,111450,20181031,  133,    0
  2759,111450,20181101,  124,    0
  2759,111450,20181102,  141,    0
  2759,111450,20181103,  114,    0
  2759,111450,20181104,  109,    0
  2759,111450,20181105,  150,    0
  2759,111450,20181106,  175,    0
  2759,111450,20181107,  160,    0
  2759,111450,20181108,  146,    0
  2759,111450,20181109,  104,    0
  2759,111450,20181110,  121,    0
  2759,111450,20181111,  116,    0
  2759,111450,20181112,  146,    0
  2759,111450,20181113,  123,    0
  2759,111450,20181114,  115,    0
  2759,111450,20181115,  103,    0
  2759,111450,20181116,   90,    0
  2759,111450,20181117,   50,    0
  2759,111450,20181118,   59,    0
  2759,111450,20181119,   54,    0
  2759,111450,20181120,   34,    0
  2759,111450,20181121,   19,    0
  2759,111450,20181122,   18,    0
  2759,111450,20181123,   34,    0
  2759,111450,20181124,   34,    0
  2759,111450,20181125,   55,    0
  2759,111450,20181126,   39,    0
  2759,111450,20181127,   16,    0
  2759,111450,20181128,   36,    0
  2759,111450,20181129,   33,    0
  2759,111450,20181130,   16,    0
  2759,111450,20181201,   70,    0
  2759,111450,20181202,  104,    0
  2759,111450,20181203,  140,    0
  2759,111450,20181204,  105,    0
  2759,111450,20181205,   72,    0
  2759,111450,20181206,   95,    0
  2759,111450,20181207,  124,    0
  2759,111450,20181208,   98,    0
  2759,111450,20181209,   84,    0
  2759,111450,20181210,   61,    0
  2759,111450,20181211,   49,    0
  2759,111450,20181212,   45,    0
  2759,111450,20181213,   24,    0
  2759,111450,20181214,   11,    0
  2759,111450,20181215,    8,    0
  2759,111450,20181216,    3,    0
  2759,111450,20181217,   25,    0
  2759,111450,20181218,   67,    0
  2759,111450,20181219,   29,    0
  2759,111450,20181220,   56,    0
  2759,111450,20181221,  111,    0
  2759,111450,20181222,   99,    0
  2759,111450,20181223,   78,    0
  2759,111450,20181224,   55,    0
  2759,111450,20181225,   60,    0
  2759,111450,20181226,   67,    0
  2759,111450,20181227,   63,    0
  2759,111450,20181228,   72,    0
  2759,111450,20181229,   70,    0
  2759,111450,20181230,   78,    0
  2759,111450,20181231,   85,    0
  2759,111450,20190101,   87,    0
  2759,111450,20190102,   37,    0
  2759,111450,20190103,   20,    0
  2759,111450,20190104,   51,    0
  2759,111450,20190105,   81,    0
  2759,111450,20190106,   36,    0
  2759,111450,20190107,   58,    0
  2759,111450,20190108,   61,    0
  2759,111450,20190109,   32,    0
  2759,111450,20190110,   22,    0
  2759,111450,20190111,   58,    0
  2759,111450,20190112,   61,    0
  2759,111450,20190113,   81,    0
  2759,111450,20190114,   60,    0
  2759,111450,20190115,   68,    0
  2759,111450,20190116,   73,    0
  2759,111450,20190117,   77,    0
  2759,111450,20190118,   26,    0
  2759,111450,20190119,   38,    0
  2759,111450,20190120,   12,    0
  2759,111450,20190121,  -18,    0
  2759,111450,20190122,    1,    0
  2759,111450,20190123,  -33,    0
  2759,111450,20190124,  -32,    0
  2759,111450,20190125,  -24,    0
  2759,111450,20190126,   40,    0
  2759,111450,20190127,   61,    0
  2759,111450,20190128,   58,    0
  2759,111450,20190129,   28,    0
  2759,111450,20190130,   28,    0
  2759,111450,20190131,   42,    0
  2759,111450,20190201,   20,    0
  2759,111450,20190202,   18,    0
  2759,111450,20190203,   22,    0
  2759,111450,20190204,   57,    0
  2759,111450,20190205,   41,    0
  2759,111450,20190206,   69,    0
  2759,111450,20190207,   53,    0
  2759,111450,20190208,   85,    0
  2759,111450,20190209,  112,    0
  2759,111450,20190210,   91,    0
  2759,111450,20190211,   73,    0
  2759,111450,20190212,   61,    0
  2759,111450,20190213,   83,    0
  2759,111450,20190214,  112,    0
  2759,111450,20190215,  153,    0
  2759,111450,20190216,  167,    0
  2759,111450,20190217,  143,    0
  2759,111450,20190218,  153,    0
  2759,111450,20190219,  102,    0
  2759,111450,20190220,  105,    0
  2759,111450,20190221,  109,    0
  2759,111450,20190222,   87,    0
  2759,111450,20190223,   51,    0
  2759,111450,20190224,  132,    0
  2759,111450,20190225,  139,    0
  2759,111450,20190226,  118,    0
  2759,111450,20190227,  167,    0
  2759,111450,20190228,  129,    0
  2759,111450,20190301,   58,    0
  2759,111450,20190302,   58,    0
  2759,111450,20190303,  117,    0
  2759,111450,20190304,  151,    0
  2759,111450,20190305,   96,    0
  2759,111450,20190306,  127,    0
  2759,111450,20190307,  169,    0
  2759,111450,20190308,   99,    0
  2759,111450,20190309,  120,    0
  2759,111450,20190310,   79,    0
  2759,111450,20190311,   62,    0
  2759,111450,20190312,   90,    0
  2759,111450,20190313,  102,    0
  2759,111450,20190314,   86,    0
  2759,111450,20190315,   99,    0
  2759,111450,20190316,   92,    0
  2759,111450,20190317,  131,    0
  2759,111450,20190318,   96,    0
  2759,111450,20190319,   91,    0
  2759,111450,20190320,  132,    0
  2759,111450,20190321,  122,    0
  2759,111450,20190322,  107,    0
  2759,111450,20190323,  171,    0
  2759,111450,20190324,  120,    0
  2759,111450,20190325,   86,    0
  2759,111450,20190326,   80,    0
  2759,111450,20190327,  106,    0
  2759,111450,20190328,  102,    0
  2759,111450,20190329,  123,    0
  2759,111450,20190330,  188,    0
  2759,111450,20190331,  127,    0
  2759,111450,20190401,  114,    0
  2759,111450,20190402,  153,    0
  2759,111450,20190403,  191,    0
  2759,111450,20190404,  206,    0
  2759,111450,20190405,  150,    0
  2759,111450,20190406,  209,    0
  2759,111450,20190407,  192,    0
  2759,111450,20190408,  193,    0
  2759,111450,20190409,  112,    0
  2759,111450,20190410,   98,    0
  2759,111450,20190411,   64,    0
  2759,111450,20190412,   46,    0
  2759,111450,20190413,   72,    0
  2759,111450,20190414,  105,    0
  2759,111450,20190415,  129,    0
  2759,111450,20190416,  156,    0
  2759,111450,20190417,  176,    0
  2759,111450,20190418,  203,    0
  2759,111450,20190419,  214,    0
  2759,111450,20190420,  214,    0
  2759,111450,20190421,  211,    0
  2759,111450,20190422,  186,    0
  2759,111450,20190423,  188,    0
  2759,111450,20190424,  231,    0
  2759,111450,20190425,  258,    0
  2759,111450,20190426,  254,    0
  2759,111450,20190427,  187,    0
  2759,111450,20190428,  133,    0
  2759,111450,20190429,  171,    0
  2759,111450,20190430,  183,    0
  2759,111450,20190501,  176,    0
  2759,111450,20190502,  137,    0
  2759,111450,20190503,  123,    0
  2759,111450,20190504,  115,    0
  2759,111450,20190505,  128,    0
  2759,111450,20190506,  134,    0
  2759,111450,20190507,  135,    0
  2759,111450,20190508,  183,    0
  2759,111450,20190509,  184,    0
  2759,111450,20190510,  168,    0
  2759,111450,20190511,  151,    0
  2759,111450,20190512,  172,    0
  2759,111450,20190513,  159,    0
  2759,111450,20190514,  135,    0
  2759,111450,20190515,  133,    0
  2759,111450,20190516,  116,    0
  2759,111450,20190517,  200,    0
  2759,111450,20190518,  246,    0
  2759,111450,20190519,  261,    0
  2759,111450,20190520,  253,    0
  2759,111450,20190521,  244,    0
  2759,111450,20190522,  158,    0
  2759,111450,20190523,  193,    0
  2759,111450,20190524,  238,    0
  2759,111450,20190525,  163,    0
  2759,111450,20190526,  217,    0
  2759,111450,20190527,  222,    0
  2759,111450,20190528,  198,    0
  2759,111450,20190529,  181,    0
  2759,111450,20190530,  236,    0
  2759,111450,20190531,  250,    0
  2759,111450,20190601,  283,    0
  2759,111450,20190602,  315,    0
  2759,111450,20190603,  339,    0
  2759,111450,20190604,  312,    0
  2759,111450,20190605,  339,    0
  2759,111450,20190606,  320,    0
  2759,111450,20190607,  252,    0
  2759,111450,20190608,  227,    0
  2759,111450,20190609,  259,    0
  2759,111450,20190610,  272,    0
  2759,111450,20190611,  294,    0
  2759,111450,20190612,  332,    0
  2759,111450,20190613,  247,    0
  2759,111450,20190614,  296,    0
  2759,111450,20190615,  319,    0
  2759,111450,20190616,  225,    0
  2759,111450,20190617,  265,    0
  2759,111450,20190618,  293,    0
  2759,111450,20190619,  322,    0
  2759,111450,20190620,  262,    0
  2759,111450,20190621,  253,    0
  2759,111450,20190622,  258,    0
  2759,111450,20190623,  280,    0
  2759,111450,20190624,  298,    0
  2759,111450,20190625,  337,    0
  2759,111450,20190626,  375,    0
  2759,111450,20190627,  260,    0
  2759,111450,20190628,  248,    0
  2759,111450,20190629,  317,    0
  2759,111450,20190630,  385,    0
  2759,111450,20190701,  292,    0
  2759,111450,20190702,  224,    0
  2759,111450,20190703,  211,    0
  2759,111450,20190704,  232,    0
  2759,111450,20190705,  211,    0
  2759,111450,20190706,  235,    0
  2759,111450,20190707,  197,    0
  2759,111450,20190708,  180,    0
  2759,111450,20190709,  187,    0
  2759,111450,20190710,  227,    0
  2759,111450,20190711,  244,    0
  2759,111450,20190712,  222,    0
  2759,111450,20190713,  257,    0
  2759,111450,20190714,  214,    0
  2759,111450,20190715,  181,    0
  2759,111450,20190716,  213,    0
  2759,111450,20190717,  245,    0
  2759,111450,20190718,  275,    0
  2759,111450,20190719,  253,    0
  2759,111450,20190720,  306,    0
  2759,111450,20190721,  274,    0
  2759,111450,20190722,  254,    0
  2759,111450,20190723,  306,    0
  2759,111450,20190724,  326,    0
  2759,111450,20190725,  339,    0
  2759,111450,20190726,  313,    0
  2759,111450,20190727,  290,    0
  2759,111450,20190728,  316,    0
  2759,111450,20190729,  340,    0
  2759,111450,20190730,  273,    0
  2759,111450,20190731,  243,    0
  2759,111450,20190801,  246,    0
  2759,111450,20190802,  255,    0
  2759,111450,20190803,  262,    0
  2759,111450,20190804,  246,    0
  2759,111450,20190805,  250,    0
  2759,111450,20190806,  286,    0
  2759,111450,20190807,  258,    0
  2759,111450,20190808,  274,    0
  2759,111450,20190809,  282,    0
  2759,111450,20190810,  278,    0
  2759,111450,20190811,  289,    0
  2759,111450,20190812,  234,    0
  2759,111450,20190813,  230,    0
  2759,111450,20190814,  228,    0
  2759,111450,20190815,  227,    0
  2759,111450,20190816,  236,    0
  2759,111450,20190817,  278,    0
  2759,111450,20190818,  269,    0
  2759,111450,20190819,  247,    0
  2759,111450,20190820,  251,    0
  2759,111450,20190821,  240,    0
  2759,111450,20190822,  266,    0
  2759,111450,20190823,  283,    0
  2759,111450,20190824,  296,    0
  2759,111450,20190825,  313,    0
  2759,111450,20190826,  317,    0
  2759,111450,20190827,  323,    0
  2759,111450,20190828,  337,    0
  2759,111450,20190829,  311,    0
  2759,111450,20190830,  299,    0
  2759,111450,20190831,  339,    0
  2759,111450,20190901,  305,    0
  2759,111450,20190902,  222,    0
  2759,111450,20190903,  218,    0
  2759,111450,20190904,  273,    0
  2759,111450,20190905,  225,    0
  2759,111450,20190906,  210,    0
  2759,111450,20190907,  196,    0
  2759,111450,20190908,  210,    0
  2759,111450,20190909,  147,    0
  2759,111450,20190910,  203,    0
  2759,111450,20190911,  229,    0
  2759,111450,20190912,  227,    0
  2759,111450,20190913,  230,    0
  2759,111450,20190914,  194,    0
  2759,111450,20190915,  243,    0
  2759,111450,20190916,  163,    0
  2759,111450,20190917,  157,    0
  2759,111450,20190918,  166,    0
  2759,111450,20190919,  167,    0
  2759,111450,20190920,  172,    0
  2759,111450,20190921,  222,    0
  2759,111450,20190922,  251,    0
  2759,111450,20190923,  233,    0
  2759,111450,20190924,  186,    0
  2759,111450,20190925,  171,    0
  2759,111450,20190926,  205,    0
  2759,111450,20190927,  171,    0
  2759,111450,20190928,  191,    0
  2759,111450,20190929,  170,    0
  2759,111450,20190930,  174,    0
  2759,111450,20191001,  173,    0
  2759,111450,20191002,  140,    0
  2759,111450,20191003,  125,    0
  2759,111450,20191004,  116,    0
  2759,111450,20191005,  117,    0
  2759,111450,20191006,  115,    0
  2759,111450,20191007,  125,    0
  2759,111450,20191008,  132,    0
  2759,111450,20191009,  161,    0
  2759,111450,20191010,  155,    0
  2759,111450,20191011,  158,    0
  2759,111450,20191012,  202,    0
  2759,111450,20191013,  247,    0
  2759,111450,20191014,  230,    0
  2759,111450,20191015,  219,    0
  2759,111450,20191016,  145,    0
  2759,111450,20191017,  181,    0
  2759,111450,20191018,  193,    0
  2759,111450,20191019,  162,    0
  2759,111450,20191020,  206,    0
  2759,111450,20191021,  185,    0
  2759,111450,20191022,  184,    0
  2759,111450,20191023,  172,    0
  2759,111450,20191024,  169,    0
  2759,111450,20191025,  186,    0
  2759,111450,20191026,  182,    0
  2759,111450,20191027,  168,    0
  2759,111450,20191028,  123,    0
  2759,111450,20191029,   94,    0
  2759,111450,20191030,   92,    0
  2759,111450,20191031,   72,    0
  2759,111450,20191101,   68,    0
  2759,111450,20191102,  163,    0
  2759,111450,20191103,  127,    0
  2759,111450,20191104,  130,    0
  2759,111450,20191105,  114,    0
  2759,111450,20191106,   92,    0
  2759,111450,20191107,  116,    0
  2759,111450,20191108,  101,    0
  2759,111450,20191109,   78,    0
  2759,111450,20191110,   97,    0
  2759,111450,20191111,   71,    0
  2759,111450,20191112,   74,    0
  2759,111450,20191113,   68,    0
  2759,111450,20191114,   90,    0
  2759,111450,20191115,   96,    0
  2759,111450,20191116,   89,    0
  2759,111450,20191117,   85,    0
  2759,111450,20191118,  113,    0
  2759,111450,20191119,   86,    0
  2759,111450,20191120,   62,    0
  2759,111450,20191121,   98,    0
  2759,111450,20191122,  102,    0
  2759,111450,20191123,   83,    0
  2759,111450,20191124,   65,    0
  2759,111450,20191125,   49,    0
  2759,111450,20191126,   81,    0
  2759,111450,20191127,   80,    0
  2759,111450,20191128,  126,    0
  2759,111450,20191129,   95,    0
  2759,111450,20191130,   50,    0
  2759,111450,20191201,   37,    0
  2759,111450,20191202,   48,    0
  2759,111450,20191203,   58,    0
  2759,111450,20191204,   73,    0
  2759,111450,20191205,   47,    0
  2759,111450,20191206,   57,    0
  2759,111450,20191207,   97,    0
  2759,111450,20191208,  114,    0
  2759,111450,20191209,   99,    0
  2759,111450,20191210,   63,    0
  2759,111450,20191211,   44,    0
  2759,111450,20191212,   40,    0
  2759,111450,20191213,   28,    0
  2759,111450,20191214,   57,    0
  2759,111450,20191215,   98,    0
  2759,111450,20191216,   82,    0
  2759,111450,20191217,  119,    0
  2759,111450,20191218,  120,    0
  2759,111450,20191219,   74,    0
  2759,111450,20191220,  106,    0
  2759,111450,20191221,  103,    0
  2759,111450,20191222,   52,    0
  2759,111450,20191223,   84,    0
  2759,111450,20191224,   83,    0
  2759,111450,20191225,   61,    0
  2759,111450,20191226,   60,    0
  2759,111450,20191227,   44,    0
  2759,111450,20191228,   24,    0
  2759,111450,20191229,   23,    0
  2759,111450,20191230,   72,    0
  2759,111450,20191231,   76,    0
  2759,111450,20200101,   57,    0
  2759,111450,20200102,   67,    0
  2759,111450,20200103,   72,    0
  2759,111450,20200104,   58,    0
  2759,111450,20200105,   38,    0
  2759,111450,20200106,   74,    0
  2759,111450,20200107,   58,    0
  2759,111450,20200108,   84,    0
  2759,111450,20200109,  100,    0
  2759,111450,20200110,  115,    0
  2759,111450,20200111,   72,    0
  2759,111450,20200112,   63,    0
  2759,111450,20200113,   82,    0
  2759,111450,20200114,  102,    0
  2759,111450,20200115,  140,    0
  2759,111450,20200116,  114,    0
  2759,111450,20200117,   93,    0
  2759,111450,20200118,   72,    0
  2759,111450,20200119,   50,    0
  2759,111450,20200120,   49,    0
  2759,111450,20200121,   69,    0
  2759,111450,20200122,   61,    0
  2759,111450,20200123,   63,    0
  2759,111450,20200124,   40,    0
  2759,111450,20200125,   16,    0
  2759,111450,20200126,    8,    0
  2759,111450,20200127,   91,    0
  2759,111450,20200128,   89,    0
  2759,111450,20200129,   65,    0
  2759,111450,20200130,   86,    0
  2759,111450,20200131,  113,    0
  2759,111450,20200201,  127,    0
  2759,111450,20200202,   89,    0
  2759,111450,20200203,   99,    0
  2759,111450,20200204,   68,    0
  2759,111450,20200205,   59,    0
  2759,111450,20200206,   63,    0
  2759,111450,20200207,   65,    0
  2759,111450,20200208,   90,    0
  2759,111450,20200209,  137,    0
  2759,111450,20200210,  141,    0
  2759,111450,20200211,   69,    0
  2759,111450,20200212,   68,    0
  2759,111450,20200213,   59,    0
  2759,111450,20200214,   60,    0
  2759,111450,20200215,  110,    0
  2759,111450,20200216,  160,    0
  2759,111450,20200217,  120,    0
  2759,111450,20200218,   83,    0
  2759,111450,20200219,   68,    0
  2759,111450,20200220,   78,    0
  2759,111450,20200221,   84,    0
  2759,111450,20200222,  126,    0
  2759,111450,20200223,   85,    0
  2759,111450,20200224,   78,    0
  2759,111450,20200225,  106,    0
  2759,111450,20200226,   44,    0
  2759,111450,20200227,   59,    0
  2759,111450,20200228,   80,    0
  2759,111450,20200229,  121,    0
  2759,111450,20200301,  105,    0
  2759,111450,20200302,   89,    0
  2759,111450,20200303,   69,    0
  2759,111450,20200304,   95,    0
  2759,111450,20200305,  103,    0
  2759,111450,20200306,   71,    0
  2759,111450,20200307,   68,    0
  2759,111450,20200308,   98,    0
  2759,111450,20200309,  107,    0
  2759,111450,20200310,  109,    0
  2759,111450,20200311,  128,    0
  2759,111450,20200312,  134,    0
  2759,111450,20200313,   99,    0
  2759,111450,20200314,   87,    0
  2759,111450,20200315,  121,    0
  2759,111450,20200316,  173,    0
  2759,111450,20200317,  160,    0
  2759,111450,20200318,  180,    0
  2759,111450,20200319,  149,    0
  2759,111450,20200320,   94,    0
  2759,111450,20200321,   69,    0
  2759,111450,20200322,   60,    0
  2759,111450,20200323,   58,    0
  2759,111450,20200324,   84,    0
  2759,111450,20200325,  102,    0
  2759,111450,20200326,  112,    0
  2759,111450,20200327,  156,    0
  2759,111450,20200328,  148,    0
  2759,111450,20200329,   57,    0
  2759,111450,20200330,   39,    0
  2759,111450,20200331,   53,    0
  2759,111450,20200401,  107,    0
  2759,111450,20200402,  113,    0
  2759,111450,20200403,  112,    0
  2759,111450,20200404,  130,    0
  2759,111450,20200405,  163,    0
  2759,111450,20200406,  219,    0
  2759,111450,20200407,  198,    0
  2759,111450,20200408,  222,    0
  2759,111450,20200409,  180,    0
  2759,111450,20200410,  164,    0
  2759,111450,20200411,  162,    0
  2759,111450,20200412,  240,    0
  2759,111450,20200413,  129,    0
  2759,111450,20200414,  110,    0
  2759,111450,20200415,  156,    0
  2759,111450,20200416,  179,    0
  2759,111450,20200417,  178,    0
  2759,111450,20200418,  166,    0
  2759,111450,20200419,  131,    0
  2759,111450,20200420,  151,    0
  2759,111450,20200421,  167,    0
  2759,111450,20200422,  184,    0
  2759,111450,20200423,  211,    0
  2759,111450,20200424,  227,    0
  2759,111450,20200425,  153,    0
  2759,111450,20200426,  187,    0
  2759,111450,20200427,  228,    0
  2759,111450,20200428,  237,    0
  2759,111450,20200429,  177,    0
  2759,111450,20200430,  188,    0
  2759,111450,20200501,  177,    0
  2759,111450,20200502,  152,    0
  2759,111450,20200503,  150,    0
  2759,111450,20200504,  119,    0
  2759,111450,20200505,  119,    0
  2759,111450,20200506,  166,    0
  2759,111450,20200507,  170,    0
  2759,111450,20200508,  216,    0
  2759,111450,20200509,  230,    0
  2759,111450,20200510,  240,    0
  2759,111450,20200511,  159,    0
  2759,111450,20200512,  121,    0
  2759,111450,20200513,  146,    0
  2759,111450,20200514,  137,    0
  2759,111450,20200515,  158,    0
  2759,111450,20200516,  164,    0
  2759,111450,20200517,  188,    0
  2759,111450,20200518,  223,    0
  2759,111450,20200519,  202,    0
  2759,111450,20200520,  213,    0
  2759,111450,20200521,  216,    0
  2759,111450,20200522,  226,    0
  2759,111450,20200523,  204,    0
  2759,111450,20200524,  173,    0
  2759,111450,20200525,  135,    0
  2759,111450,20200526,  204,    0
  2759,111450,20200527,  227,    0
  2759,111450,20200528,  207,    0
  2759,111450,20200529,  209,    0
  2759,111450,20200530,  183,    0
  2759,111450,20200531,  229,    0
  2759,111450,20200601,  244,    0
  2759,111450,20200602,  284,    0
  2759,111450,20200603,  253,    0
  2759,111450,20200604,  258,    0
  2759,111450,20200605,  186,    0
  2759,111450,20200606,  199,    0
  2759,111450,20200607,  200,    0
  2759,111450,20200608,  230,    0
  2759,111450,20200609,  223,    0
  2759,111450,20200610,  229,    0
  2759,111450,20200611,  206,    0
  2759,111450,20200612,  282,    0
  2759,111450,20200613,  318,    0
  2759,111450,20200614,  262,    0
  2759,111450,20200615,  250,    0
  2759,111450,20200616,  268,    0
  2759,111450,20200617,  286,    0
  2759,111450,20200618,  272,    0
  2759,111450,20200619,  217,    0
  2759,111450,20200620,  197,    0
  2759,111450,20200621,  240,    0
  2759,111450,20200622,  268,    0
  2759,111450,20200623,  248,    0
  2759,111450,20200624,  258,    0
  2759,111450,20200625,  285,    0
  2759,111450,20200626,  290,    0
  2759,111450,20200627,  322,    0
  2759,111450,20200628,  286,    0
  2759,111450,20200629,  245,    0
  2759,111450,20200630,  243,    0
  2759,111450,20200701,  234,    0
  2759,111450,20200702,  253,    0
  2759,111450,20200703,  244,    0
  2759,111450,20200704,  262,    0
  2759,111450,20200705,  282,    0
  2759,111450,20200706,  221,    0
  2759,111450,20200707,  216,    0
  2759,111450,20200708,  182,    0
  2759,111450,20200709,  201,    0
  2759,111450,20200710,  250,    0
  2759,111450,20200711,  211,    0
  2759,111450,20200712,  219,    0
  2759,111450,20200713,  245,    0
  2759,111450,20200714,  289,    0
  2759,111450,20200715,  183,    0
  2759,111450,20200716,  217,    0
  2759,111450,20200717,  208,    0
  2759,111450,20200718,  278,    0
  2759,111450,20200719,  308,    0
  2759,111450,20200720,  257,    0
  2759,111450,20200721,  236,    0
  2759,111450,20200722,  232,    0
  2759,111450,20200723,  240,    0
  2759,111450,20200724,  288,    0
  2759,111450,20200725,  268,    0
  2759,111450,20200726,  235,    0
  2759,111450,20200727,  265,    0
  2759,111450,20200728,  282,    0
  2759,111450,20200729,  239,    0
  2759,111450,20200730,  241,    0
  2759,111450,20200731,  271,    0
  2759,111450,20200801,  296,    0
  2759,111450,20200802,  239,    0
  2759,111450,20200803,  239,    0
  2759,111450,20200804,  242,    0
  2759,111450,20200805,  283,    0
  2759,111450,20200806,  303,    0
  2759,111450,20200807,  330,    0
  2759,111450,20200808,  359,    0
  2759,111450,20200809,  361,    0
  2759,111450,20200810,  326,    0
  2759,111450,20200811,  330,    0
  2759,111450,20200812,  315,    0
  2759,111450,20200813,  319,    0
  2759,111450,20200814,  291,    0
  2759,111450,20200815,  314,    0
  2759,111450,20200816,  311,    0
  2759,111450,20200817,  315,    0
  2759,111450,20200818,  259,    0
  2759,111450,20200819,  262,    0
  2759,111450,20200820,  315,    0
  2759,111450,20200821,  364,    0
  2759,111450,20200822,  264,    0
  2759,111450,20200823,  251,    0
  2759,111450,20200824,  232,    0
  2759,111450,20200825,  236,    0
  2759,111450,20200826,  215,    0
  2759,111450,20200827,  200,    0
  2759,111450,20200828,  232,    0
  2759,111450,20200829,  237,    0
  2759,111450,20200830,  236,    0
  2759,111450,20200831,  229,    0
  2759,111450,20200901,  189,    0
  2759,111450,20200902,  189,    0
  2759,111450,20200903,  228,    0
  2759,111450,20200904,  232,    0
  2759,111450,20200905,  183,    0
  2759,111450,20200906,  200,    0
  2759,111450,20200907,  200,    0
  2759,111450,20200908,  232,    0
  2759,111450,20200909,  254,    0
  2759,111450,20200910,  197,    0
  2759,111450,20200911,  224,    0
  2759,111450,20200912,  271,    0
  2759,111450,20200913,  250,    0
  2759,111450,20200914,  297,    0
  2759,111450,20200915,  309,    0
  2759,111450,20200916,  298,    0
  2759,111450,20200917,  190,    0
  2759,111450,20200918,  202,    0
  2759,111450,20200919,  213,    0
  2759,111450,20200920,  228,    0
  2759,111450,20200921,  253,    0
  2759,111450,20200922,  268,    0
  2759,111450,20200923,  279,    0
  2759,111450,20200924,  229,    0
  2759,111450,20200925,  158,    0
  2759,111450,20200926,  121,    0
  2759,111450,20200927,  126,    0
  2759,111450,20200928,  186,    0
  2759,111450,20200929,  187,    0
  2759,111450,20200930,  211,    0
  2759,111450,20201001,  164,    0
  2759,111450,20201002,  166,    0
  2759,111450,20201003,  221,    0
  2759,111450,20201004,  190,    0
  2759,111450,20201005,  167,    0
  2759,111450,20201006,  168,    0
  2759,111450,20201007,  165,    0
  2759,111450,20201008,  149,    0
  2759,111450,20201009,  154,    0
  2759,111450,20201010,  130,    0
  2759,111450,20201011,  114,    0
  2759,111450,20201012,  121,    0
  2759,111450,20201013,  121,    0
  2759,111450,20201014,  106,    0
  2759,111450,20201015,  115,    0
  2759,111450,20201016,  112,    0
  2759,111450,20201017,  122,    0
  2759,111450,20201018,   94,    0
  2759,111450,20201019,  113,    0
  2759,111450,20201020,  123,    0
  2759,111450,20201021,  154,    0
  2759,111450,20201022,  193,    0
  2759,111450,20201023,  170,    0
  2759,111450,20201024,  174,    0
  2759,111450,20201025,  173,    0
  2759,111450,20201026,  135,    0
  2759,111450,20201027,  127,    0
  2759,111450,20201028,  138,    0
  2759,111450,20201029,  119,    0
  2759,111450,20201030,  138,    0
  2759,111450,20201031,  149,    0
  2759,111450,20201101,  150,    0
  2759,111450,20201102,  210,    0
  2759,111450,20201103,  150,    0
  2759,111450,20201104,  122,    0
  2759,111450,20201105,  117,    0
  2759,111450,20201106,  100,    0
  2759,111450,20201107,  126,    0
  2759,111450,20201108,  105,    0
  2759,111450,20201109,   63,    0
  2759,111450,20201110,   60,    0
  2759,111450,20201111,   68,    0
  2759,111450,20201112,  108,    0
  2759,111450,20201113,  122,    0
  2759,111450,20201114,  152,    0
  2759,111450,20201115,  150,    0
  2759,111450,20201116,  129,    0
  2759,111450,20201117,  113,    0
  2759,111450,20201118,  126,    0
  2759,111450,20201119,  128,    0
  2759,111450,20201120,   64,    0
  2759,111450,20201121,   67,    0
  2759,111450,20201122,  109,    0
  2759,111450,20201123,   88,    0
  2759,111450,20201124,   78,    0
  2759,111450,20201125,   26,    0
  2759,111450,20201126,   77,    0
  2759,111450,20201127,   82,    0
  2759,111450,20201128,   52,    0
  2759,111450,20201129,   49,    0
  2759,111450,20201130,   26,    0
  2759,111450,20201201,   41,    0
  2759,111450,20201202,   17,    0
  2759,111450,20201203,   10,    0
  2759,111450,20201204,   45,    0
  2759,111450,20201205,   82,    0
  2759,111450,20201206,  117,    0
  2759,111450,20201207,   84,    0
  2759,111450,20201208,   68,    0
  2759,111450,20201209,   24,    0
  2759,111450,20201210,    6,    0
  2759,111450,20201211,   13,    0
  2759,111450,20201212,   34,    0
  2759,111450,20201213,   42,    0
  2759,111450,20201214,   76,    0
  2759,111450,20201215,   75,    0
  2759,111450,20201216,   96,    0
  2759,111450,20201217,   82,    0
  2759,111450,20201218,   92,    0
  2759,111450,20201219,   71,    0
  2759,111450,20201220,   53,    0
  2759,111450,20201221,   71,    0
  2759,111450,20201222,  138,    0
  2759,111450,20201223,  104,    0
  2759,111450,20201224,  108,    0
  2759,111450,20201225,   40,    0
  2759,111450,20201226,   21,    0
  2759,111450,20201227,   25,    0
  2759,111450,20201228,   44,    0
  2759,111450,20201229,   42,    0
  2759,111450,20201230,   53,    0
  2759,111450,20201231,   50,    0
  2759,111450,20210101,   30,    0
  2759,111450,20210102,   42,    0
  2759,111450,20210103,   11,    0
  2759,111450,20210104,    9,    0
  2759,111450,20210105,   35,    0
  2759,111450,20210106,   36,    0
  2759,111450,20210107,   18,    0
  2759,111450,20210108,   19,    0
  2759,111450,20210109,   26,    0
  2759,111450,20210110,   24,    0
  2759,111450,20210111,   17,    0
  2759,111450,20210112,   35,    0
  2759,111450,20210113,   38,    0
  2759,111450,20210114,   20,    0
  2759,111450,20210115,   16,    0
  2759,111450,20210116,   -3,    0
  2759,111450,20210117,   -2,    0
  2759,111450,20210118,   30,    0
  2759,111450,20210119,   53,    0
  2759,111450,20210120,   89,    0
  2759,111450,20210121,  130,    0
  2759,111450,20210122,  113,    0
  2759,111450,20210123,   33,    0
  2759,111450,20210124,   19,    0
  2759,111450,20210125,   23,    0
  2759,111450,20210126,   35,    0
  2759,111450,20210127,   55,    0
  2759,111450,20210128,   40,    0
  2759,111450,20210129,    8,    0
  2759,111450,20210130,    7,    0
  2759,111450,20210131,    2,    0
  2759,111450,20210201,   10,    0
  2759,111450,20210202,   28,    0
  2759,111450,20210203,   95,    0
  2759,111450,20210204,   26,    0
  2759,111450,20210205,   12,    0
  2759,111450,20210206,   -6,    0
  2759,111450,20210207,  -44,    0
  2759,111450,20210208,  -64,    0
  2759,111450,20210209,  -70,    0
  2759,111450,20210210,  -25,    0
  2759,111450,20210211,  -24,    0
  2759,111450,20210212,  -19,    0
  2759,111450,20210213,  -10,    0
  2759,111450,20210214,   -9,    0
  2759,111450,20210215,    6,    0
  2759,111450,20210216,   38,    0
  2759,111450,20210217,   79,    0
  2759,111450,20210218,  108,    0
  2759,111450,20210219,  102,    0
  2759,111450,20210220,  130,    0
  2759,111450,20210221,  171,    0
  2759,111450,20210222,  141,    0
  2759,111450,20210223,  181,    0
  2759,111450,20210224,  196,    0
  2759,111450,20210225,  194,    0
  2759,111450,20210226,   95,    0
  2759,111450,20210227,   74,    0
  2759,111450,20210228,   45,    0
  2759,111450,20210301,   97,    0
  2759,111450,20210302,  140,    0
  2759,111450,20210303,  143,    0
  2759,111450,20210304,   76,    0
  2759,111450,20210305,   63,    0
  2759,111450,20210306,   41,    0
  2759,111450,20210307,   42,    0
  2759,111450,20210308,   69,    0
  2759,111450,20210309,   74,    0
  2759,111450,20210310,   84,    0
  2759,111450,20210311,  127,    0
  2759,111450,20210312,  107,    0
  2759,111450,20210313,  104,    0
  2759,111450,20210314,   80,    0
  2759,111450,20210315,   86,    0
  2759,111450,20210316,   76,    0
  2759,111450,20210317,   56,    0
  2759,111450,20210318,   72,    0
  2759,111450,20210319,   41,    0
  2759,111450,20210320,   42,    0
  2759,111450,20210321,  100,    0
  2759,111450,20210322,  104,    0
  2759,111450,20210323,   76,    0
  2759,111450,20210324,  132,    0
  2759,111450,20210325,  158,    0
  2759,111450,20210326,  163,    0
  2759,111450,20210327,  114,    0
  2759,111450,20210328,  121,    0
  2759,111450,20210329,  202,    0
  2759,111450,20210330,  220,    0
  2759,111450,20210331,  238,    0
  2759,111450,20210401,  173,    0
  2759,111450,20210402,  122,    0
  2759,111450,20210403,   98,    0
  2759,111450,20210404,  114,    0
  2759,111450,20210405,   59,    0
  2759,111450,20210406,   72,    0
  2759,111450,20210407,   66,    0
  2759,111450,20210408,   75,    0
  2759,111450,20210409,  135,    0
  2759,111450,20210410,   92,    0
  2759,111450,20210411,  205,    0
  2759,111450,20210412,   80,    0
  2759,111450,20210413,   97,    0
  2759,111450,20210414,   88,    0
  2759,111450,20210415,   73,    0
  2759,111450,20210416,  116,    0
  2759,111450,20210417,  134,    0
  2759,111450,20210418,  132,    0
  2759,111450,20210419,  163,    0
  2759,111450,20210420,  185,    0
  2759,111450,20210421,  176,    0
  2759,111450,20210422,  121,    0
  2759,111450,20210423,  139,    0
  2759,111450,20210424,  114,    0
  2759,111450,20210425,  106,    0
  2759,111450,20210426,   94,    0
  2759,111450,20210427,  128,    0
  2759,111450,20210428,  178,    0
  2759,111450,20210429,  172,    0
  2759,111450,20210430,  102,    0
  2759,111450,20210501,  131,    0
  2759,111450,20210502,  110,    0
  2759,111450,20210503,  111,    0
  2759,111450,20210504,  155,    0
  2759,111450,20210505,  132,    0
  2759,111450,20210506,  121,    0
  2759,111450,20210507,   97,    0
  2759,111450,20210508,  149,    0
  2759,111450,20210509,  269,    0
  2759,111450,20210510,  298,    0
  2759,111450,20210511,  290,    0
  2759,111450,20210512,  149,    0
  2759,111450,20210513,  127,    0
  2759,111450,20210514,  121,    0
  2759,111450,20210515,  192,    0
  2759,111450,20210516,  180,    0
  2759,111450,20210517,  194,    0
  2759,111450,20210518,  159,    0
  2759,111450,20210519,  173,    0
  2759,111450,20210520,  175,    0
  2759,111450,20210521,  209,    0
  2759,111450,20210522,  174,    0
  2759,111450,20210523,  177,    0
  2759,111450,20210524,  212,    0
  2759,111450,20210525,  167,    0
  2759,111450,20210526,  163,    0
  2759,111450,20210527,  155,    0
  2759,111450,20210528,  154,    0
  2759,111450,20210529,  173,    0
  2759,111450,20210530,  197,    0
  2759,111450,20210531,  218,    0
  2759,111450,20210601,  244,    0
  2759,111450,20210602,  253,    0
  2759,111450,20210603,  276,    0
  2759,111450,20210604,  235,    0
  2759,111450,20210605,  278,    0
  2759,111450,20210606,  292,    0
  2759,111450,20210607,  277,    0
  2759,111450,20210608,  271,    0
  2759,111450,20210609,  276,    0
  2759,111450,20210610,  282,    0
  2759,111450,20210611,  280,    0
  2759,111450,20210612,  225,    0
  2759,111450,20210613,  208,    0
  2759,111450,20210614,  278,    0
  2759,111450,20210615,  244,    0
  2759,111450,20210616,  290,    0
  2759,111450,20210617,  347,    0
  2759,111450,20210618,  348,    0
  2759,111450,20210619,  366,    0
  2759,111450,20210620,  348,    0
  2759,111450,20210621,  318,    0
  2759,111450,20210622,  214,    0
  2759,111450,20210623,  217,    0
  2759,111450,20210624,  212,    0
  2759,111450,20210625,  251,    0
  2759,111450,20210626,  277,    0
  2759,111450,20210627,  286,    0
  2759,111450,20210628,  316,    0
  2759,111450,20210629,  298,    0
  2759,111450,20210630,  195,    0
  2759,111450,20210701,  171,    0
  2759,111450,20210702,  254,    0
  2759,111450,20210703,  256,    0
  2759,111450,20210704,  275,    0
  2759,111450,20210705,  253,    0
  2759,111450,20210706,  303,    0
  2759,111450,20210707,  226,    0
  2759,111450,20210708,  214,    0
  2759,111450,20210709,  220,    0
  2759,111450,20210710,  258,    0
  2759,111450,20210711,  286,    0
  2759,111450,20210712,  275,    0
  2759,111450,20210713,  304,    0
  2759,111450,20210714,  264,    0
  2759,111450,20210715,  279,    0
  2759,111450,20210716,  302,    0
  2759,111450,20210717,  288,    0
  2759,111450,20210718,  274,    0
  2759,111450,20210719,  203,    0
  2759,111450,20210720,  221,    0
  2759,111450,20210721,  227,    0
  2759,111450,20210722,  240,    0
  2759,111450,20210723,  259,    0
  2759,111450,20210724,  303,    0
  2759,111450,20210725,  308,    0
  2759,111450,20210726,  306,    0
  2759,111450,20210727,  280,    0
  2759,111450,20210728,  250,    0
  2759,111450,20210729,  254,    0
  2759,111450,20210730,  266,    0
  2759,111450,20210731,  250,    0
  2759,111450,20210801,  231,    0
  2759,111450,20210802,  221,    0
  2759,111450,20210803,  233,    0
  2759,111450,20210804,  232,    0
  2759,111450,20210805,  246,    0
  2759,111450,20210806,  266,    0
  2759,111450,20210807,  249,    0
  2759,111450,20210808,  243,    0
  2759,111450,20210809,  242,    0
  2759,111450,20210810,  240,    0
  2759,111450,20210811,  235,    0
  2759,111450,20210812,  279,    0
  2759,111450,20210813,  301,    0
  2759,111450,20210814,  277,    0
  2759,111450,20210815,  270,    0
  2759,111450,20210816,  252,    0
  2759,111450,20210817,  183,    0
  2759,111450,20210818,  205,    0
  2759,111450,20210819,  229,    0
  2759,111450,20210820,  222,    0
  2759,111450,20210821,  239,    0
  2759,111450,20210822,  226,    0
  2759,111450,20210823,  197,    0
  2759,111450,20210824,  215,    0
  2759,111450,20210825,  223,    0
  2759,111450,20210826,  176,    0
  2759,111450,20210827,  174,    0
  2759,111450,20210828,  201,    0
  2759,111450,20210829,  197,    0
  2759,111450,20210830,  182,    0
  2759,111450,20210831,  203,    0
  2759,111450,20210901,  211,    0
  2759,111450,20210902,  212,    0
  2759,111450,20210903,  241,    0
  2759,111450,20210904,  186,    0
  2759,111450,20210905,  225,    0
  2759,111450,20210906,  233,    0
  2759,111450,20210907,  229,    0
  2759,111450,20210908,  256,    0
  2759,111450,20210909,  277,    0
  2759,111450,20210910,  281,    0
  2759,111450,20210911,  241,    0
  2759,111450,20210912,  224,    0
  2759,111450,20210913,  203,    0
  2759,111450,20210914,  223,    0
  2759,111450,20210915,  241,    0
  2759,111450,20210916,  199,    0
  2759,111450,20210917,  173,    0
  2759,111450,20210918,  180,    0
  2759,111450,20210919,  155,    0
  2759,111450,20210920,  157,    0
  2759,111450,20210921,  163,    0
  2759,111450,20210922,  179,    0
  2759,111450,20210923,  198,    0
  2759,111450,20210924,  176,    0
  2759,111450,20210925,  211,    0
  2759,111450,20210926,  247,    0
  2759,111450,20210927,  207,    0
  2759,111450,20210928,  183,    0
  2759,111450,20210929,  168,    0
  2759,111450,20210930,  167,    0
  2759,111450,20211001,  189,    0
  2759,111450,20211002,  202,    0
  2759,111450,20211003,  247,    0
  2759,111450,20211004,  178,    0
  2759,111450,20211005,  148,    0
  2759,111450,20211006,  162,    0
  2759,111450,20211007,  190,    0
  2759,111450,20211008,  167,    0
  2759,111450,20211009,  155,    0
  2759,111450,20211010,  150,    0
  2759,111450,20211011,  144,    0
  2759,111450,20211012,  132,    0
  2759,111450,20211013,  125,    0
  2759,111450,20211014,  131,    0
  2759,111450,20211015,  136,    0
  2759,111450,20211016,  130,    0
  2759,111450,20211017,  125,    0
  2759,111450,20211018,  163,    0
  2759,111450,20211019,  167,    0
  2759,111450,20211020,  195,    0
  2759,111450,20211021,  174,    0
  2759,111450,20211022,  105,    0
  2759,111450,20211023,  115,    0
  2759,111450,20211024,  127,    0
  2759,111450,20211025,  111,    0
  2759,111450,20211026,  141,    0
  2759,111450,20211027,  142,    0
  2759,111450,20211028,  167,    0
  2759,111450,20211029,  149,    0
  2759,111450,20211030,  152,    0
  2759,111450,20211031,  182,    0
  2759,111450,20211101,  127,    0
  2759,111450,20211102,  118,    0
  2759,111450,20211103,  120,    0
  2759,111450,20211104,   89,    0
  2759,111450,20211105,   99,    0
  2759,111450,20211106,  117,    0
  2759,111450,20211107,  108,    0
  2759,111450,20211108,  109,    0
  2759,111450,20211109,  117,    0
  2759,111450,20211110,   91,    0
  2759,111450,20211111,   97,    0
  2759,111450,20211112,   85,    0
  2759,111450,20211113,   88,    0
  2759,111450,20211114,   73,    0
  2759,111450,20211115,   60,    0
  2759,111450,20211116,   79,    0
  2759,111450,20211117,   77,    0
  2759,111450,20211118,  102,    0
  2759,111450,20211119,  127,    0
  2759,111450,20211120,  119,    0
  2759,111450,20211121,   99,    0
  2759,111450,20211122,   66,    0
  2759,111450,20211123,   71,    0
  2759,111450,20211124,   78,    0
  2759,111450,20211125,   59,    0
  2759,111450,20211126,   62,    0
  2759,111450,20211127,   36,    0
  2759,111450,20211128,   52,    0
  2759,111450,20211129,   36,    0
  2759,111450,20211130,   62,    0
  2759,111450,20211201,   89,    0
  2759,111450,20211202,   61,    0
  2759,111450,20211203,   39,    0
  2759,111450,20211204,   23,    0
  2759,111450,20211205,   12,    0
  2759,111450,20211206,   20,    0
  2759,111450,20211207,    2,    0
  2759,111450,20211208,   12,    0
  2759,111450,20211209,   -7,    0
  2759,111450,20211210,    6,    0
  2759,111450,20211211,   -1,    0
  2759,111450,20211212,   53,    0
  2759,111450,20211213,   94,    0
  2759,111450,20211214,   84,    0
  2759,111450,20211215,   99,    0
  2759,111450,20211216,   95,    0
  2759,111450,20211217,   61,    0
  2759,111450,20211218,   78,    0
  2759,111450,20211219,   73,    0
  2759,111450,20211220,   31,    0
  2759,111450,20211221,   14,    0
  2759,111450,20211222,   16,    0
  2759,111450,20211223,   12,    0
  2759,111450,20211224,   58,    0
  2759,111450,20211225,    1,    0
  2759,111450,20211226,  -19,    0
  2759,111450,20211227,   -9,    0
  2759,111450,20211228,   29,    0
  2759,111450,20211229,   59,    0
  2759,111450,20211230,  129,    0
  2759,111450,20211231,  142,    0
  2759,111450,20220101,  127,    0
  2759,111450,20220102,  117,    0
  2759,111450,20220103,  108,    0
  2759,111450,20220104,   72,    0
  2759,111450,20220105,   51,    0
  2759,111450,20220106,   39,    0
  2759,111450,20220107,   29,    0
  2759,111450,20220108,   33,    0
  2759,111450,20220109,   43,    0
  2759,111450,20220110,   51,    0
  2759,111450,20220111,   -1,    0
  2759,111450,20220112,   37,    0
  2759,111450,20220113,   52,    0
  2759,111450,20220114,   68,    0
  2759,111450,20220115,   33,    0
  2759,111450,20220116,   55,    0
  2759,111450,20220117,   62,    0
  2759,111450,20220118,   55,    0
  2759,111450,20220119,   52,    0
  2759,111450,20220120,   40,    0
  2759,111450,20220121,   34,    0
  2759,111450,20220122,   44,    0
  2759,111450,20220123,   67,    0
  2759,111450,20220124,   66,    0
  2759,111450,20220125,   46,    0
  2759,111450,20220126,   40,    0
  2759,111450,20220127,   63,    0
  2759,111450,20220128,   65,    0
  2759,111450,20220129,   96,    0
  2759,111450,20220130,   69,    0
  2759,111450,20220131,   47,    0
  2759,111450,20220201,   65,    0
  2759,111450,20220202,   67,    0
  2759,111450,20220203,   68,    0
  2759,111450,20220204,   82,    0
  2759,111450,20220205,   64,    0
  2759,111450,20220206,   77,    0
  2759,111450,20220207,   68,    0
  2759,111450,20220208,   92,    0
  2759,111450,20220209,  100,    0
  2759,111450,20220210,  105,    0
  2759,111450,20220211,   61,    0
  2759,111450,20220212,   54,    0
  2759,111450,20220213,   80,    0
  2759,111450,20220214,  138,    0
  2759,111450,20220215,  106,    0
  2759,111450,20220216,  129,    0
  2759,111450,20220217,  130,    0
  2759,111450,20220218,  109,    0
  2759,111450,20220219,   83,    0
  2759,111450,20220220,   90,    0
  2759,111450,20220221,  105,    0
  2759,111450,20220222,   82,    0
  2759,111450,20220223,  103,    0
  2759,111450,20220224,  103,    0
  2759,111450,20220225,   75,    0
  2759,111450,20220226,   67,    0
  2759,111450,20220227,   44,    0
  2759,111450,20220228,   60,    0
  2759,111450,20220301,   78,    0
  2759,111450,20220302,   90,    0
  2759,111450,20220303,   23,    0
  2759,111450,20220304,   44,    0
  2759,111450,20220305,   60,    0
  2759,111450,20220306,   22,    0
  2759,111450,20220307,   90,    0
  2759,111450,20220308,  112,    0
  2759,111450,20220309,  121,    0
  2759,111450,20220310,   93,    0
  2759,111450,20220311,   86,    0
  2759,111450,20220312,  120,    0
  2759,111450,20220313,  133,    0
  2759,111450,20220314,  137,    0
  2759,111450,20220315,  126,    0
  2759,111450,20220316,  113,    0
  2759,111450,20220317,  119,    0
  2759,111450,20220318,  133,    0
  2759,111450,20220319,  109,    0
  2759,111450,20220320,  127,    0
  2759,111450,20220321,  141,    0
  2759,111450,20220322,  175,    0
  2759,111450,20220323,  196,    0
  2759,111450,20220324,  165,    0
  2759,111450,20220325,  173,    0
  2759,111450,20220326,  139,    0
  2759,111450,20220327,  164,    0
  2759,111450,20220328,  172,    0
  2759,111450,20220329,  129,    0
  2759,111450,20220330,   92,    0
  2759,111450,20220331,   73,    0
  2759,111450,20220401,   76,    0
  2759,111450,20220402,   65,    0
  2759,111450,20220403,   80,    0
  2759,111450,20220404,   81,    0
  2759,111450,20220405,   91,    0
  2759,111450,20220406,  125,    0
  2759,111450,20220407,  145,    0
  2759,111450,20220408,   94,    0
  2759,111450,20220409,  102,    0
  2759,111450,20220410,   89,    0
  2759,111450,20220411,  127,    0
  2759,111450,20220412,  165,    0
  2759,111450,20220413,  217,    0
  2759,111450,20220414,  168,    0
  2759,111450,20220415,  108,    0
  2759,111450,20220416,  127,    0
  2759,111450,20220417,  151,    0
  2759,111450,20220418,  155,    0
  2759,111450,20220419,  135,    0
  2759,111450,20220420,  142,    0
  2759,111450,20220421,  120,    0
  2759,111450,20220422,  137,    0
  2759,111450,20220423,  176,    0
  2759,111450,20220424,  172,    0
  2759,111450,20220425,  137,    0
  2759,111450,20220426,  174,    0
  2759,111450,20220427,  179,    0
  2759,111450,20220428,  176,    0
  2759,111450,20220429,  192,    0
  2759,111450,20220430,  198,    0
  2759,111450,20220501,  154,    0
  2759,111450,20220502,  195,    0
  2759,111450,20220503,  184,    0
  2759,111450,20220504,  194,    0
  2759,111450,20220505,  189,    0
  2759,111450,20220506,  200,    0
  2759,111450,20220507,  227,    0
  2759,111450,20220508,  197,    0
  2759,111450,20220509,  213,    0
  2759,111450,20220510,  269,    0
  2759,111450,20220511,  289,    0
  2759,111450,20220512,  204,    0
  2759,111450,20220513,  191,    0
  2759,111450,20220514,  207,    0
  2759,111450,20220515,  221,    0
  2759,111450,20220516,  260,    0
  2759,111450,20220517,  220,    0
  2759,111450,20220518,  246,    0
  2759,111450,20220519,  287,    0
  2759,111450,20220520,  259,    0
  2759,111450,20220521,  191,    0
  2759,111450,20220522,  195,    0
  2759,111450,20220523,  230,    0
  2759,111450,20220524,  230,    0
  2759,111450,20220525,  209,    0
  2759,111450,20220526,  213,    0
  2759,111450,20220527,  185,    0
  2759,111450,20220528,  163,    0
  2759,111450,20220529,  152,    0
  2759,111450,20220530,  175,    0
  2759,111450,20220531,  210,    0
  2759,111450,20220601,  201,    0
  2759,111450,20220602,  197,    0
  2759,111450,20220603,  259,    0
  2759,111450,20220604,  246,    0
  2759,111450,20220605,  284,    0
  2759,111450,20220606,  259,    0
  2759,111450,20220607,  249,    0
  2759,111450,20220608,  264,    0
  2759,111450,20220609,  216,    0
  2759,111450,20220610,  259,    0
  2759,111450,20220611,  274,    0
  2759,111450,20220612,  270,    0
  2759,111450,20220613,  218,    0
  2759,111450,20220614,  208,    0
  2759,111450,20220615,  263,    0
  2759,111450,20220616,  251,    0
  2759,111450,20220617,  267,    0
  2759,111450,20220618,  346,    0
  2759,111450,20220619,  371,    0
  2759,111450,20220620,  182,    0
  2759,111450,20220621,  250,    0
  2759,111450,20220622,  283,    0
  2759,111450,20220623,  305,    0
  2759,111450,20220624,  333,    0
  2759,111450,20220625,  303,    0
  2759,111450,20220626,  326,    0
  2759,111450,20220627,  356,    0
  2759,111450,20220628,  269,    0
  2759,111450,20220629,  253,    0
  2759,111450,20220630,  281,    0
  2759,111450,20220701,  269,    0
  2759,111450,20220702,  272,    0
  2759,111450,20220703,  303,    0
  2759,111450,20220704,  256,    0
  2759,111450,20220705,  260,    0
  2759,111450,20220706,  208,    0
  2759,111450,20220707,  206,    0
  2759,111450,20220708,  209,    0
  2759,111450,20220709,  207,    0
  2759,111450,20220710,  205,    0
  2759,111450,20220711,  238,    0
  2759,111450,20220712,  275,    0
  2759,111450,20220713,  309,    0
  2759,111450,20220714,  250,    0
  2759,111450,20220715,  212,    0
  2759,111450,20220716,  223,    0
  2759,111450,20220717,  241,    0
  2759,111450,20220718,  292,    0
  2759,111450,20220719,  358,    0
  2759,111450,20220720,  379,    0
  2759,111450,20220721,  297,    0
  2759,111450,20220722,  255,    0
  2759,111450,20220723,  248,    0
  2759,111450,20220724,  287,    0
  2759,111450,20220725,  357,    0
  2759,111450,20220726,  245,    0
  2759,111450,20220727,  215,    0
  2759,111450,20220728,  241,    0
  2759,111450,20220729,  289,    0
  2759,111450,20220730,  269,    0
  2759,111450,20220731,  290,    0
  2759,111450,20220801,  254,    0
  2759,111450,20220802,  284,    0
  2759,111450,20220803,  344,    0
  2759,111450,20220804,  373,    0
  2759,111450,20220805,  291,    0
  2759,111450,20220806,  238,    0
  2759,111450,20220807,  255,    0
  2759,111450,20220808,  283,    0
  2759,111450,20220809,  282,    0
  2759,111450,20220810,  291,    0
  2759,111450,20220811,  301,    0
  2759,111450,20220812,  302,    0
  2759,111450,20220813,  294,    0
  2759,111450,20220814,  324,    0
  2759,111450,20220815,  317,    0
  2759,111450,20220816,  303,    0
  2759,111450,20220817,  323,    0
  2759,111450,20220818,  344,    0
  2759,111450,20220819,  240,    0
  2759,111450,20220820,  221,    0
  2759,111450,20220821,  253,    0
  2759,111450,20220822,  244,    0
  2759,111450,20220823,  259,    0
  2759,111450,20220824,  275,    0
  2759,111450,20220825,  282,    0
  2759,111450,20220826,  292,    0
  2759,111450,20220827,  242,    0
  2759,111450,20220828,  218,    0
  2759,111450,20220829,  235,    0
  2759,111450,20220830,  230,    0
  2759,111450,20220831,  229,    0
  2759,111450,20220901,  230,    0
  2759,111450,20220902,  221,    0
  2759,111450,20220903,  225,    0
  2759,111450,20220904,  245,    0
  2759,111450,20220905,  241,    0
  2759,111450,20220906,  226,    0
  2759,111450,20220907,  257,    0
  2759,111450,20220908,  180,    0
  2759,111450,20220909,  231,    0
  2759,111450,20220910,  219,    0
  2759,111450,20220911,  197,    0
  2759,111450,20220912,  210,    0
  2759,111450,20220913,  203,    0
  2759,111450,20220914,  189,    0
  2759,111450,20220915,  186,    0
  2759,111450,20220916,  183,    0
  2759,111450,20220917,  165,    0
  2759,111450,20220918,  147,    0
  2759,111450,20220919,  161,    0
  2759,111450,20220920,  151,    0
  2759,111450,20220921,  166,    0
  2759,111450,20220922,  167,    0
  2759,111450,20220923,  176,    0
  2759,111450,20220924,  165,    0
  2759,111450,20220925,  195,    0
  2759,111450,20220926,  173,    0
  2759,111450,20220927,  137,    0
  2759,111450,20220928,  123,    0
  2759,111450,20220929,  147,    0
  2759,111450,20220930,  175,    0
  2759,111450,20221001,  132,    0
  2759,111450,20221002,  167,    0
  2759,111450,20221003,  160,    0
  2759,111450,20221004,  177,    0
  2759,111450,20221005,  202,    0
  2759,111450,20221006,  179,    0
  2759,111450,20221007,  181,    0
  2759,111450,20221008,  157,    0
  2759,111450,20221009,  159,    0
  2759,111450,20221010,  175,    0
  2759,111450,20221011,  155,    0
  2759,111450,20221012,  156,    0
  2759,111450,20221013,  172,    0
  2759,111450,20221014,  174,    0
  2759,111450,20221015,  189,    0
  2759,111450,20221016,  206,    0
  2759,111450,20221017,  248,    0
  2759,111450,20221018,  172,    0
  2759,111450,20221019,  141,    0
  2759,111450,20221020,  143,    0
  2759,111450,20221021,  156,    0
  2759,111450,20221022,  189,    0
  2759,111450,20221023,  189,    0
  2759,111450,20221024,  192,    0
  2759,111450,20221025,  176,    0
  2759,111450,20221026,  185,    0
  2759,111450,20221027,  203,    0
  2759,111450,20221028,  231,    0
  2759,111450,20221029,  210,    0
  2759,111450,20221030,  219,    0
  2759,111450,20221031,  188,    0
  2759,111450,20221101,  172,    0
  2759,111450,20221102,  155,    0
  2759,111450,20221103,  125,    0
  2759,111450,20221104,  112,    0
  2759,111450,20221105,  120,    0
  2759,111450,20221106,  116,    0
  2759,111450,20221107,  147,    0
  2759,111450,20221108,  166,    0
  2759,111450,20221109,  149,    0
  2759,111450,20221110,  147,    0
  2759,111450,20221111,  127,    0
  2759,111450,20221112,  136,    0
  2759,111450,20221113,  117,    0
  2759,111450,20221114,  109,    0
  2759,111450,20221115,  133,    0
  2759,111450,20221116,   64,    0
  2759,111450,20221117,   51,    0
  2759,111450,20221118,   16,    0
  2759,111450,20221119,   20,    0
  2759,111450,20221120,   13,    0
  2759,111450,20221121,   -8,    0
  2759,111450,20221122,   18,    0
  2759,111450,20221123,   72,    0
  2759,111450,20221124,   51,    0
  2759,111450,20221125,   74,    0
  2759,111450,20221126,   82,    0
  2759,111450,20221127,   73,    0
  2759,111450,20221128,   59,    0
  2759,111450,20221129,   49,    0
  2759,111450,20221130,   55,    0
  2759,111450,20221201,   12,    0
  2759,111450,20221202,   18,    0
  2759,111450,20221203,   -3,    0
  2759,111450,20221204,   27,    0
  2759,111450,20221205,   41,    0
  2759,111450,20221206,   34,    0
  2759,111450,20221207,   43,    0
  2759,111450,20221208,   34,    0
  2759,111450,20221209,   -7,    0
  2759,111450,20221210,   -8,    0
  2759,111450,20221211,  -16,    0
  2759,111450,20221212,   -2,    0
  2759,111450,20221213,   -8,    0
  2759,111450,20221214,  -33,    0
  2759,111450,20221215,  -27,    0
  2759,111450,20221216,  -14,    0
  2759,111450,20221217,  -20,    0
  2759,111450,20221218,  -43,    0
  2759,111450,20221219,   43,    0
  2759,111450,20221220,   81,    0
  2759,111450,20221221,   79,    0
  2759,111450,20221222,   90,    0
  2759,111450,20221223,   75,    0
  2759,111450,20221224,   89,    0
  2759,111450,20221225,   94,    0
  2759,111450,20221226,  110,    0
  2759,111450,20221227,   60,    0
  2759,111450,20221228,   89,    0
  2759,111450,20221229,  127,    0
  2759,111450,20221230,   97,    0
  2759,111450,20221231,  179,    0
  2759,111450,20230101,  162,    0
  2759,111450,20230102,  160,    0
  2759,111450,20230103,   94,    0
  2759,111450,20230104,  112,    0
  2759,111450,20230105,  104,    0
  2759,111450,20230106,  106,    0
  2759,111450,20230107,  102,    0
  2759,111450,20230108,   86,    0
  2759,111450,20230109,   85,    0
  2759,111450,20230110,   84,    0
  2759,111450,20230111,   88,    0
  2759,111450,20230112,  110,    0
  2759,111450,20230113,  104,    0
  2759,111450,20230114,   87,    0
  2759,111450,20230115,   95,    0
  2759,111450,20230116,   78,    0
  2759,111450,20230117,   50,    0
  2759,111450,20230118,   26,    0
  2759,111450,20230119,   21,    0
  2759,111450,20230120,   17,    0
  2759,111450,20230121,   35,    0
  2759,111450,20230122,   21,    0
  2759,111450,20230123,   24,    0
  2759,111450,20230124,   16,    0
  2759,111450,20230125,   19,    0
  2759,111450,20230126,    0,    0
  2759,111450,20230127,   37,    0
  2759,111450,20230128,   16,    0
  2759,111450,20230129,   33,    0
  2759,111450,20230130,   65,    0
  2759,111450,20230131,   66,    0
  2759,111450,20230201,   65,    0
  2759,111450,20230202,   71,    0
  2759,111450,20230203,   87,    0
  2759,111450,20230204,   46,    0
  2759,111450,20230205,   13,    0
  2759,111450,20230206,    2,    0
  2759,111450,20230207,   26,    0
  2759,111450,20230208,   18,    0
  2759,111450,20230209,   33,    0
  2759,111450,20230210,   59,    0
  2759,111450,20230211,   75,    0
  2759,111450,20230212,   90,    0
  2759,111450,20230213,   78,    0
  2759,111450,20230214,   65,    0
  2759,111450,20230215,  100,    0
  2759,111450,20230216,  123,    0
  2759,111450,20230217,  130,    0
  2759,111450,20230218,  106,    0
  2759,111450,20230219,   70,    0
  2759,111450,20230220,  102,    0
  2759,111450,20230221,  114,    0
  2759,111450,20230222,   96,    0
  2759,111450,20230223,  107,    0
  2759,111450,20230224,   65,    0
  2759,111450,20230225,   40,    0
  2759,111450,20230226,   41,    0
  2759,111450,20230227,   47,    0
  2759,111450,20230228,   55,    0
  2759,111450,20230301,   79,    0
  2759,111450,20230302,   40,    0
  2759,111450,20230303,   38,    0
  2759,111450,20230304,   67,    0
  2759,111450,20230305,   41,    0
  2759,111450,20230306,   33,    0
  2759,111450,20230307,   45,    0
  2759,111450,20230308,   39,    0
  2759,111450,20230309,   13,    0
  2759,111450,20230310,   84,    0
  2759,111450,20230311,   33,    0
  2759,111450,20230312,   63,    0
  2759,111450,20230313,  163,    0
  2759,111450,20230314,  139,    0
  2759,111450,20230315,   78,    0
  2759,111450,20230316,   96,    0
  2759,111450,20230317,  138,    0
  2759,111450,20230318,  181,    0
  2759,111450,20230319,  162,    0
  2759,111450,20230320,  122,    0
  2759,111450,20230321,  122,    0
  2759,111450,20230322,  172,    0
  2759,111450,20230323,  166,    0
  2759,111450,20230324,  164,    0
  2759,111450,20230325,  139,    0
  2759,111450,20230326,  113,    0
  2759,111450,20230327,   73,    0
  2759,111450,20230328,   78,    0
  2759,111450,20230329,  106,    0
  2759,111450,20230330,  189,    0
  2759,111450,20230331,  147,    0
  2759,111450,20230401,  118,    0
  2759,111450,20230402,   86,    0
  2759,111450,20230403,   57,    0
  2759,111450,20230404,   71,    0
  2759,111450,20230405,   81,    0
  2759,111450,20230406,  114,    0
  2759,111450,20230407,   67,    0
  2759,111450,20230408,  130,    0
  2759,111450,20230409,  139,    0
  2759,111450,20230410,  166,    0
  2759,111450,20230411,  135,    0
  2759,111450,20230412,  152,    0
  2759,111450,20230413,  142,    0
  2759,111450,20230414,   90,    0
  2759,111450,20230415,  111,    0
  2759,111450,20230416,  110,    0
  2759,111450,20230417,  103,    0
  2759,111450,20230418,  135,    0
  2759,111450,20230419,  122,    0
  2759,111450,20230420,  157,    0
  2759,111450,20230421,  201,    0
  2759,111450,20230422,  219,    0
  2759,111450,20230423,  177,    0
  2759,111450,20230424,  182,    0
  2759,111450,20230425,  107,    0
  2759,111450,20230426,  107,    0
  2759,111450,20230427,  116,    0
  2759,111450,20230428,  160,    0
  2759,111450,20230429,  150,    0
  2759,111450,20230430,  149,    0
  2759,111450,20230501,  193,    0
  2759,111450,20230502,  137,    0
  2759,111450,20230503,  155,    0
  2759,111450,20230504,  192,    0
  2759,111450,20230505,  199,    0
  2759,111450,20230506,   99,    0
  2759,111450,20230507,  163,    0
  2759,111450,20230508,  180,    0
  2759,111450,20230509,  194,    0
  2759,111450,20230510,  229,    0
  2759,111450,20230511,  225,    0
  2759,111450,20230512,  221,    0
  2759,111450,20230513,  221,    0
  2759,111450,20230514,  206,    0
  2759,111450,20230515,  216,    0
  2759,111450,20230516,  163,    0
  2759,111450,20230517,  157,    0
  2759,111450,20230518,  167,    0
  2759,111450,20230519,  192,    0
  2759,111450,20230520,  198,    0
  2759,111450,20230521,  276,    0
  2759,111450,20230522,  261,    0
  2759,111450,20230523,  214,    0
  2759,111450,20230524,  165,    0
  2759,111450,20230525,  203,    0
  2759,111450,20230526,  206,    0
  2759,111450,20230527,  214,    0
  2759,111450,20230528,  239,    0
  2759,111450,20230529,  223,    0
  2759,111450,20230530,  230,    0
  2759,111450,20230531,  255,    0
  2759,111450,20230601,  227,    0
  2759,111450,20230602,  201,    0
  2759,111450,20230603,  206,    0
  2759,111450,20230604,  238,    0
  2759,111450,20230605,  264,    0
  2759,111450,20230606,  245,    0
  2759,111450,20230607,  294,    0
  2759,111450,20230608,  302,    0
  2759,111450,20230609,  302,    0
  2759,111450,20230610,  290,    0
  2759,111450,20230611,  281,    0
  2759,111450,20230612,  269,    0
  2759,111450,20230613,  244,    0
  2759,111450,20230614,  250,    0
  2759,111450,20230615,  238,    0
  2759,111450,20230616,  212,    0
  2759,111450,20230617,  217,    0
  2759,111450,20230618,  266,    0
  2759,111450,20230619,  292,    0
  2759,111450,20230620,  264,    0
  2759,111450,20230621,  292,    0
  2759,111450,20230622,  296,    0
  2759,111450,20230623,  185,    0
  2759,111450,20230624,  255,    0
  2759,111450,20230625,  271,    0
  2759,111450,20230626,  313,    0
  2759,111450,20230627,  219,    0
  2759,111450,20230628,  237,    0
  2759,111450,20230629,  258,    0
  2759,111450,20230630,  216,    0
  2759,111450,20230701,  256,    0
  2759,111450,20230702,  230,    0
  2759,111450,20230703,  225,    0
  2759,111450,20230704,  231,    0
  2759,111450,20230705,  247,    0
  2759,111450,20230706,  240,    0
  2759,111450,20230707,  285,    0
  2759,111450,20230708,  316,    0
  2759,111450,20230709,  325,    0
  2759,111450,20230710,  296,    0
  2759,111450,20230711,  303,    0
  2759,111450,20230712,  284,    0
  2759,111450,20230713,  266,    0
  2759,111450,20230714,  272,    0
  2759,111450,20230715,  355,    0
  2759,111450,20230716,  289,    0
  2759,111450,20230717,  284,    0
  2759,111450,20230718,  261,    0
  2759,111450,20230719,  273,    0
  2759,111450,20230720,  236,    0
  2759,111450,20230721,  220,    0
  2759,111450,20230722,  225,    0
  2759,111450,20230723,  281,    0
  2759,111450,20230724,  287,    0
  2759,111450,20230725,  221,    0
  2759,111450,20230726,  208,    0
  2759,111450,20230727,  194,    0
  2759,111450,20230728,  229,    0
  2759,111450,20230729,  244,    0
  2759,111450,20230730,  249,    0
  2759,111450,20230731,  215,    0
  2759,111450,20230801,  228,    0
  2759,111450,20230802,  224,    0
  2759,111450,20230803,  232,    0
  2759,111450,20230804,  234,    0
  2759,111450,20230805,  213,    0
  2759,111450,20230806,  175,    0
  2759,111450,20230807,  197,    0
  2759,111450,20230808,  200,    0
  2759,111450,20230809,  202,    0
  2759,111450,20230810,  219,    0
  2759,111450,20230811,  248,    0
  2759,111450,20230812,  282,    0
  2759,111450,20230813,  271,    0
  2759,111450,20230814,  306,    0
  2759,111450,20230815,  312,    0
  2759,111450,20230816,  277,    0
  2759,111450,20230817,  270,    0
  2759,111450,20230818,  301,    0
  2759,111450,20230819,  322,    0
  2759,111450,20230820,  293,    0
  2759,111450,20230821,  278,    0
  2759,111450,20230822,  253,    0
  2759,111450,20230823,  268,    0
  2759,111450,20230824,  283,    0
  2759,111450,20230825,  290,    0
  2759,111450,20230826,  264,    0
  2759,111450,20230827,  211,    0
  2759,111450,20230828,  198,    0
  2759,111450,20230829,  176,    0
  2759,111450,20230830,  213,    0
  2759,111450,20230831,  184,    0
  2759,111450,20230901,  216,    0
  2759,111450,20230902,  218,    0
  2759,111450,20230903,  212,    0
  2759,111450,20230904,  260,    0
  2759,111450,20230905,  280,    0
  2759,111450,20230906,  293,    0
  2759,111450,20230907,  293,    0
  2759,111450,20230908,  293,    0
  2759,111450,20230909,  307,    0
  2759,111450,20230910,  311,    0
  2759,111450,20230911,  311,    0
  2759,111450,20230912,  303,    0
  2759,111450,20230913,  223,    0
  2759,111450,20230914,  205,    0
  2759,111450,20230915,  234,    0
  2759,111450,20230916,  258,    0
  2759,111450,20230917,  274,    0
  2759,111450,20230918,  263,    0
  2759,111450,20230919,  211,    0
  2759,111450,20230920,  250,    0
  2759,111450,20230921,  290,    0
  2759,111450,20230922,  190,    0
  2759,111450,20230923,  189,    0
  2759,111450,20230924,  194,    0
  2759,111450,20230925,  222,    0
  2759,111450,20230926,  247,    0
  2759,111450,20230927,  270,    0
  2759,111450,20230928,  277,    0
  2759,111450,20230929,  231,    0
  2759,111450,20230930,  204,    0
  2759,111450,20231001,  204,    0
  2759,111450,20231002,  260,    0
  2759,111450,20231003,  250,    0
  2759,111450,20231004,  183,    0
  2759,111450,20231005,  168,    0
  2759,111450,20231006,  186,    0
  2759,111450,20231007,  184,    0
  2759,111450,20231008,  152,    0
  2759,111450,20231009,  117,    0
  2759,111450,20231010,  170,    0
  2759,111450,20231011,  236,    0
  2759,111450,20231012,  210,    0
  2759,111450,20231013,  220,    0
  2759,111450,20231014,  204,    0
  2759,111450,20231015,  117,    0
  2759,111450,20231016,  114,    0
  2759,111450,20231017,  113,    0
  2759,111450,20231018,  127,    0
  2759,111450,20231019,   76,    0
  2759,111450,20231020,   70,    0
  2759,111450,20231021,  194,    0
  2759,111450,20231022,  177,    0
  2759,111450,20231023,  157,    0
  2759,111450,20231024,  131,    0
  2759,111450,20231025,  142,    0
  2759,111450,20231026,  109,    0
  2759,111450,20231027,  104,    0
  2759,111450,20231028,  122,    0
  2759,111450,20231029,  152,    0
  2759,111450,20231030,  156,    0
  2759,111450,20231031,  135,    0
  2759,111450,20231101,  146,    0
  2759,111450,20231102,  140,    0
  2759,111450,20231103,  114,    0
  2759,111450,20231104,  118,    0
  2759,111450,20231105,  131,    0
  2759,111450,20231106,  136,    0
  2759,111450,20231107,  129,    0
  2759,111450,20231108,  120,    0
  2759,111450,20231109,  124,    0
  2759,111450,20231110,  109,    0
  2759,111450,20231111,   88,    0
  2759,111450,20231112,   81,    0
  2759,111450,20231113,   92,    0
  2759,111450,20231114,  135,    0
  2759,111450,20231115,   97,    0
  2759,111450,20231116,   98,    0
  2759,111450,20231117,   56,    0
  2759,111450,20231118,   61,    0
  2759,111450,20231119,  123,    0
  2759,111450,20231120,  109,    0
  2759,111450,20231121,   83,    0
  2759,111450,20231122,   25,    0
  2759,111450,20231123,  114,    0
  2759,111450,20231124,   77,    0
  2759,111450,20231125,   31,    0
  2759,111450,20231126,   14,    0
  2759,111450,20231127,   21,    0
  2759,111450,20231128,   -5,    0
  2759,111450,20231129,   10,    0
  2759,111450,20231130,   21,    0
  2759,111450,20231201,    3,    0
  2759,111450,20231202,  -15,    0
  2759,111450,20231203,  -14,    0
  2759,111450,20231204,   -7,    0
  2759,111450,20231205,    1,    0
  2759,111450,20231206,   15,    0
  2759,111450,20231207,   19,    0
  2759,111450,20231208,   15,    0
  2759,111450,20231209,   58,    0
  2759,111450,20231210,   78,    0
  2759,111450,20231211,   93,    0
  2759,111450,20231212,   82,    0
  2759,111450,20231213,   55,    0
  2759,111450,20231214,   40,    0
  2759,111450,20231215,   66,    0
  2759,111450,20231216,   89,    0
  2759,111450,20231217,  100,    0
  2759,111450,20231218,   79,    0
  2759,111450,20231219,   70,    0
  2759,111450,20231220,   67,    0
  2759,111450,20231221,   99,    0
  2759,111450,20231222,   51,    0
  2759,111450,20231223,   28,    0
  2759,111450,20231224,  124,    0
  2759,111450,20231225,  116,    0
  2759,111450,20231226,   98,    0
  2759,111450,20231227,   55,    0
  2759,111450,20231228,  107,    0
  2759,111450,20231229,  114,    0
  2759,111450,20231230,   81,    0
  2759,111450,20231231,   81,    0
  2759,111450,20240101,   83,    0
  2759,111450,20240102,   84,    0
  2759,111450,20240103,  116,    0
  2759,111450,20240104,   91,    0
  2759,111450,20240105,   10,    0
  2759,111450,20240106,    8,    0
  2759,111450,20240107,   -4,    0
  2759,111450,20240108,  -44,    0
  2759,111450,20240109,  -38,    0
  2759,111450,20240110,   -9,    0
  2759,111450,20240111,    7,    0
  2759,111450,20240112,   16,    0
  2759,111450,20240113,   32,    0
  2759,111450,20240114,   35,    0
  2759,111450,20240115,   32,    0
  2759,111450,20240116,   11,    0
  2759,111450,20240117,   -5,    0
  2759,111450,20240118,   -6,    0
  2759,111450,20240119,   21,    0
  2759,111450,20240120,   34,    0
  2759,111450,20240121,   33,    0
  2759,111450,20240122,  103,    0
  2759,111450,20240123,   81,    0
  2759,111450,20240124,  115,    0
  2759,111450,20240125,   87,    0
  2759,111450,20240126,   97,    0
  2759,111450,20240127,   71,    0
  2759,111450,20240128,   78,    0
  2759,111450,20240129,   98,    0
  2759,111450,20240130,   85,    0
  2759,111450,20240131,   89,    0
  2759,111450,20240201,   87,    0
  2759,111450,20240202,   87,    0
  2759,111450,20240203,  110,    0
  2759,111450,20240204,   88,    0
  2759,111450,20240205,  106,    0
  2759,111450,20240206,  119,    0
  2759,111450,20240207,   92,    0
  2759,111450,20240208,   41,    0
  2759,111450,20240209,   79,    0
  2759,111450,20240210,  140,    0
  2759,111450,20240211,   94,    0
  2759,111450,20240212,   98,    0
  2759,111450,20240213,   93,    0
  2759,111450,20240214,  103,    0
  2759,111450,20240215,  139,    0
  2759,111450,20240216,  160,    0
  2759,111450,20240217,  119,    0
  2759,111450,20240218,  102,    0
  2759,111450,20240219,   95,    0
  2759,111450,20240220,   91,    0
  2759,111450,20240221,  117,    0
  2759,111450,20240222,  121,    0
  2759,111450,20240223,  119,    0
  2759,111450,20240224,  112,    0
  2759,111450,20240225,  124,    0
  2759,111450,20240226,  117,    0
  2759,111450,20240227,   66,    0
  2759,111450,20240228,   49,    0
  2759,111450,20240229,  102,    0
  2759,111450,20240301,  100,    0
  2759,111450,20240302,  133,    0
  2759,111450,20240303,  148,    0
  2759,111450,20240304,  128,    0
  2759,111450,20240305,   80,    0
  2759,111450,20240306,   87,    0
  2759,111450,20240307,   83,    0
  2759,111450,20240308,   93,    0
  2759,111450,20240309,  100,    0
  2759,111450,20240310,  127,    0
  2759,111450,20240311,  141,    0
  2759,111450,20240312,  158,    0
  2759,111450,20240313,  144,    0
  2759,111450,20240314,  159,    0
  2759,111450,20240315,  187,    0
  2759,111450,20240316,  152,    0
  2759,111450,20240317,   93,    0
  2759,111450,20240318,   75,    0
  2759,111450,20240319,  103,    0
  2759,111450,20240320,  180,    0
  2759,111450,20240321,  154,    0
  2759,111450,20240322,  129,    0
  2759,111450,20240323,   83,    0
  2759,111450,20240324,   84,    0
  2759,111450,20240325,  100,    0
  2759,111450,20240326,  140,    0
  2759,111450,20240327,  183,    0
  2759,111450,20240328,  149,    0
  2759,111450,20240329,  160,    0
  2759,111450,20240330,  228,    0
  2759,111450,20240331,  193,    0
  2759,111450,20240401,  206,    0
  2759,111450,20240402,  147,    0
  2759,111450,20240403,  121,    0
  2759,111450,20240404,  151,    0
  2759,111450,20240405,  189,    0
  2759,111450,20240406,  238,    0
  2759,111450,20240407,  236,    0
  2759,111450,20240408,  272,    0
  2759,111450,20240409,  267,    0
  2759,111450,20240410,  150,    0
  2759,111450,20240411,  175,    0
  2759,111450,20240412,  202,    0
  2759,111450,20240413,  231,    0
  2759,111450,20240414,  176,    0
  2759,111450,20240415,  143,    0
  2759,111450,20240416,  104,    0
  2759,111450,20240417,  121,    0
  2759,111450,20240418,  121,    0
  2759,111450,20240419,   84,    0
  2759,111450,20240420,  103,    0
  2759,111450,20240421,   94,    0
  2759,111450,20240422,   59,    0
  2759,111450,20240423,   98,    0
  2759,111450,20240424,   98,    0
  2759,111450,20240425,  111,    0
  2759,111450,20240426,  149,    0
  2759,111450,20240427,  219,    0
  2759,111450,20240428,  237,    0
  2759,111450,20240429,  216,    0
  2759,111450,20240430,  283,    0
  2759,111450,20240501,  266,    0
  2759,111450,20240502,  261,    0
  2759,111450,20240503,  236,    0
  2759,111450,20240504,  213,    0
  2759,111450,20240505,  215,    0
  2759,111450,20240506,  204,    0
  2759,111450,20240507,  163,    0
  2759,111450,20240508,  191,    0
  2759,111450,20240509,  209,    0
  2759,111450,20240510,  233,    0
  2759,111450,20240511,  198,    0
  2759,111450,20240512,  215,    0
  2759,111450,20240513,  248,    0
  2759,111450,20240514,  259,    0
  2759,111450,20240515,  263,    0
  2759,111450,20240516,  263,    0
  2759,111450,20240517,  260,    0
  2759,111450,20240518,  195,    0
  2759,111450,20240519,  204,    0
  2759,111450,20240520,  230,    0
  2759,111450,20240521,  281,    0
  2759,111450,20240522,  253,    0
  2759,111450,20240523,  244,    0
  2759,111450,20240524,  263,    0
  2759,111450,20240525,  246,    0
  2759,111450,20240526,  258,    0
  2759,111450,20240527,  249,    0
  2759,111450,20240528,  197,    0
  2759,111450,20240529,  232,    0
  2759,111450,20240530,  212,    0
  2759,111450,20240531,  237,    0
  2759,111450,20240601,  266,    0
  2759,111450,20240602,  255,    0
  2759,111450,20240603,  164,    0
  2759,111450,20240604,  209,    0
  2759,111450,20240605,  213,    0
  2759,111450,20240606,  210,    0
  2759,111450,20240607,  211,    0
  2759,111450,20240608,  266,    0
  2759,111450,20240609,  213,    0
  2759,111450,20240610,  199,    0
  2759,111450,20240611,  183,    0
  2759,111450,20240612,  184,    0
  2759,111450,20240613,  200,    0
  2759,111450,20240614,  210,    0
  2759,111450,20240615,  233,    0
  2759,111450,20240616,  249,    0
  2759,111450,20240617,  249,    0
  2759,111450,20240618,  282,    0
  2759,111450,20240619,  185,    0
  2759,111450,20240620,  233,    0
  2759,111450,20240621,  277,    0
  2759,111450,20240622,  238,    0
  2759,111450,20240623,  237,    0
  2759,111450,20240624,  254,    0
  2759,111450,20240625,  272,    0
  2759,111450,20240626,  312,    0
  2759,111450,20240627,  314,    0
  2759,111450,20240628,  289,    0
  2759,111450,20240629,  299,    0
  2759,111450,20240630,  276,    0
  2759,111450,20240701,  204,    0
  2759,111450,20240702,  180,    0
  2759,111450,20240703,  185,    0
  2759,111450,20240704,  193,    0
  2759,111450,20240705,  227,    0
  2759,111450,20240706,  318,    0
  2759,111450,20240707,  236,    0
  2759,111450,20240708,  281,    0
  2759,111450,20240709,  319,    0
  2759,111450,20240710,  308,    0
  2759,111450,20240711,  279,    0
  2759,111450,20240712,  256,    0
  2759,111450,20240713,  232,    0
  2759,111450,20240714,  245,    0
  2759,111450,20240715,  298,    0
  2759,111450,20240716,  289,    0
  2759,111450,20240717,  246,    0
  2759,111450,20240718,  271,    0
  2759,111450,20240719,  294,    0
  2759,111450,20240720,  305,    0
  2759,111450,20240721,  325,    0
  2759,111450,20240722,  234,    0
  2759,111450,20240723,  279,    0
  2759,111450,20240724,  241,    0
  2759,111450,20240725,  238,    0
  2759,111450,20240726,  248,    0
  2759,111450,20240727,  232,    0
  2759,111450,20240728,  236,    0
  2759,111450,20240729,  242,    0
  2759,111450,20240730,  283,    0
  2759,111450,20240731,  296,    0
  2759,111450,20240801,  283,    0
  2759,111450,20240802,  221,    0
  2759,111450,20240803,  257,    0
  2759,111450,20240804,  239,    0
  2759,111450,20240805,  232,    0
  2759,111450,20240806,  260,    0
  2759,111450,20240807,  297,    0
  2759,111450,20240808,  240,    0
  2759,111450,20240809,  252,    0
  2759,111450,20240810,  270,    0
  2759,111450,20240811,  264,    0
  2759,111450,20240812,  283,    0
  2759,111450,20240813,  299,    0
  2759,111450,20240814,  326,    0
  2759,111450,20240815,  293,    0
  2759,111450,20240816,  303,    0
  2759,111450,20240817,  290,    0
  2759,111450,20240818,  237,    0
  2759,111450,20240819,  242,    0
  2759,111450,20240820,  274,    0
  2759,111450,20240821,  246,    0
  2759,111450,20240822,  247,    0
  2759,111450,20240823,  314,    0
  2759,111450,20240824,  329,    0
  2759,111450,20240825,  258,    0
  2759,111450,20240826,  262,    0
  2759,111450,20240827,  274,    0
  2759,111450,20240828,  309,    0
  2759,111450,20240829,  347,    0
  2759,111450,20240830,  302,    0
  2759,111450,20240831,  244,    0
  2759,111450,20240901,  258,    0
  2759,111450,20240902,  274,    0
  2759,111450,20240903,  330,    0
  2759,111450,20240904,  344,    0
  2759,111450,20240905,  321,    0
  2759,111450,20240906,  302,    0
  2759,111450,20240907,  316,    0
  2759,111450,20240908,  324,    0
  2759,111450,20240909,  241,    0
  2759,111450,20240910,  197,    0
  2759,111450,20240911,  168,    0
  2759,111450,20240912,  166,    0
  2759,111450,20240913,  156,    0
  2759,111450,20240914,  191,    0
  2759,111450,20240915,  195,    0
  2759,111450,20240916,  181,    0
  2759,111450,20240917,  255,    0
  2759,111450,20240918,  256,    0
  2759,111450,20240919,  247,    0
  2759,111450,20240920,  248,    0
  2759,111450,20240921,  241,    0
  2759,111450,20240922,  251,    0
  2759,111450,20240923,  256,    0
  2759,111450,20240924,  187,    0
  2759,111450,20240925,  190,    0
  2759,111450,20240926,  197,    0
  2759,111450,20240927,  204,    0
  2759,111450,20240928,  170,    0
  2759,111450,20240929,  155,    0
  2759,111450,20240930,  159,    0
  2759,111450,20241001,  112,    0
  2759,111450,20241002,  108,    0
  2759,111450,20241003,  148,    0
  2759,111450,20241004,  145,    0
  2759,111450,20241005,  140,    0
  2759,111450,20241006,  123,    0
  2759,111450,20241007,  160,    0
  2759,111450,20241008,  221,    0
  2759,111450,20241009,  207,    0
  2759,111450,20241010,  198,    0
  2759,111450,20241011,  139,    0
  2759,111450,20241012,  141,    0
  2759,111450,20241013,  126,    0
  2759,111450,20241014,  123,    0
  2759,111450,20241015,  133,    0
  2759,111450,20241016,  147,    0
  2759,111450,20241017,  173,    0
  2759,111450,20241018,  180,    0
  2759,111450,20241019,  188,    0
  2759,111450,20241020,  166,    0
  2759,111450,20241021,  193,    0
  2759,111450,20241022,  176,    0
  2759,111450,20241023,  164,    0
  2759,111450,20241024,  159,    0
  2759,111450,20241025,  178,    0
  2759,111450,20241026,  182,    0
  2759,111450,20241027,  156,    0
  2759,111450,20241028,  158,    0
  2759,111450,20241029,  155,    0
  2759,111450,20241030,  155,    0
  2759,111450,20241031,  136,    0
  2759,111450,20241101,  126,    0
  2759,111450,20241102,  113,    0
  2759,111450,20241103,  106,    0
  2759,111450,20241104,  110,    0
  2759,111450,20241105,   92,    0
  2759,111450,20241106,   48,    0
  2759,111450,20241107,   54,    0
  2759,111450,20241108,   61,    0
  2759,111450,20241109,   70,    0
  2759,111450,20241110,   19,    0
  2759,111450,20241111,   59,    0
  2759,111450,20241112,   49,    0
  2759,111450,20241113,   84,    0
  2759,111450,20241114,   88,    0
  2759,111450,20241115,   97,    0
  2759,111450,20241116,   86,    0
  2759,111450,20241117,   76,    0
  2759,111450,20241118,   69,    0
  2759,111450,20241119,  115,    0
  2759,111450,20241120,   37,    0
  2759,111450,20241121,   34,    0
  2759,111450,20241122,   50,    0
  2759,111450,20241123,   53,    0
  2759,111450,20241124,  134,    0
  2759,111450,20241125,  141,    0
  2759,111450,20241126,  116,    0
  2759,111450,20241127,   96,    0
  2759,111450,20241128,   95,    0
  2759,111450,20241129,   63,    0
  2759,111450,20241130,   57,    0
  2759,111450,20241201,   53,    0
  2759,111450,20241202,   71,    0
  2759,111450,20241203,   88,    0
  2759,111450,20241204,   54,    0
  2759,111450,20241205,   52,    0
  2759,111450,20241206,   74,    0
  2759,111450,20241207,   68,    0
  2759,111450,20241208,   51,    0
  2759,111450,20241209,   50,    0
  2759,111450,20241210,   45,    0
  2759,111450,20241211,   38,    0
  2759,111450,20241212,   26,    0
  2759,111450,20241213,   34,    0
  2759,111450,20241214,   39,    0
  2759,111450,20241215,   94,    0
  2759,111450,20241216,  116,    0
  2759,111450,20241217,   99,    0
  2759,111450,20241218,  123,    0
  2759,111450,20241219,  137,    0
  2759,111450,20241220,   66,    0
  2759,111450,20241221,   70,    0
  2759,111450,20241222,   74,    0
  2759,111450,20241223,   56,    0
  2759,111450,20241224,   48,    0
  2759,111450,20241225,   56,    0
  2759,111450,20241226,   67,    0
  2759,111450,20241227,   37,    0
  2759,111450,20241228,    0,    0
  2759,111450,20241229,   21,    0
  2759,111450,20241230,   32,    0
  2759,111450,20241231,   32,    0
  2759,111450,20250101,   85,    0
  2759,111450,20250102,   84,    0
  2759,111450,20250103,   38,    0
  2759,111450,20250104,    6,    0
  2759,111450,20250105,   12,    0
  2759,111450,20250106,  128,    0
  2759,111450,20250107,   94,    0
  2759,111450,20250108,   47,    0
  2759,111450,20250109,   15,    0
  2759,111450,20250110,   17,    0
  2759,111450,20250111,   17,    0
  2759,111450,20250112,   24,    0
  2759,111450,20250113,   12,    0
  2759,111450,20250114,   33,    0
  2759,111450,20250115,   60,    0
  2759,111450,20250116,   37,    0
  2759,111450,20250117,   16,    0
  2759,111450,20250118,   -4,    0
  2759,111450,20250119,   67,    0
  2759,111450,20250120,   67,    0
  2759,111450,20250121,   -5,    0
  2759,111450,20250122,   33,    0
  2759,111450,20250123,   50,    0
  2759,111450,20250124,   81,    0
  2759,111450,20250125,  146,    0
  2759,111450,20250126,  108,    0
  2759,111450,20250127,  118,    0
  2759,111450,20250128,   88,    0
  2759,111450,20250129,  105,    0
  2759,111450,20250130,   85,    0
  2759,111450,20250131,   70,    0
  2759,111450,20250201,   55,    0
  2759,111450,20250202,   49,    0
  2759,111450,20250203,   59,    0
  2759,111450,20250204,   57,    0
  2759,111450,20250205,   38,    0
  2759,111450,20250206,   59,    0
  2759,111450,20250207,   40,    0
  2759,111450,20250208,   55,    0
  2759,111450,20250209,   45,    0
  2759,111450,20250210,   36,    0
  2759,111450,20250211,   49,    0
  2759,111450,20250212,   -3,    0
  2759,111450,20250213,   -6,    0
  2759,111450,20250214,   17,    0
  2759,111450,20250215,    8,    0
  2759,111450,20250216,    0,    0
  2759,111450,20250217,   10,    0
  2759,111450,20250218,    4,    0
  2759,111450,20250219,   27,    0
  2759,111450,20250220,   40,    0
  2759,111450,20250221,   96,    0
  2759,111450,20250222,  115,    0
  2759,111450,20250223,  119,    0
  2759,111450,20250224,  154,    0
  2759,111450,20250225,  137,    0
  2759,111450,20250226,   93,    0
  2759,111450,20250227,  103,    0
  2759,111450,20250228,   56,    0
  2759,111450,20250301,   79,    0
  2759,111450,20250302,   83,    0
  2759,111450,20250303,  105,    0
  2759,111450,20250304,  127,    0
  2759,111450,20250305,  178,    0
  2759,111450,20250306,  177,    0
  2759,111450,20250307,  191,    0
  2759,111450,20250308,  173,    0
  2759,111450,20250309,  164,    0
  2759,111450,20250310,  165,    0
  2759,111450,20250311,   66,    0
  2759,111450,20250312,   83,    0
  2759,111450,20250313,   89,    0
  2759,111450,20250314,   90,    0
  2759,111450,20250315,   88,    0
  2759,111450,20250316,   98,    0
  2759,111450,20250317,   74,    0
  2759,111450,20250318,   93,    0
  2759,111450,20250319,  138,    0
  2759,111450,20250320,  179,    0
  2759,111450,20250321,  180,    0
  2759,111450,20250322,  151,    0
  2759,111450,20250323,  141,    0
  2759,111450,20250324,  158,    0
  2759,111450,20250325,  153,    0
  2759,111450,20250326,  109,    0
  2759,111450,20250327,   79,    0
  2759,111450,20250328,  169,    0
  2759,111450,20250329,  150,    0
  2759,111450,20250330,   96,    0
  2759,111450,20250331,  105,    0
  2759,111450,20250401,  142,    0
  2759,111450,20250402,  164,    0
  2759,111450,20250403,  189,    0
  2759,111450,20250404,  215,    0
  2759,111450,20250405,  116,    0
  2759,111450,20250406,   90,    0
  2759,111450,20250407,  137,    0
  2759,111450,20250408,  141,    0
  2759,111450,20250409,  156,    0
  2759,111450,20250410,  144,    0
  2759,111450,20250411,  153,    0
  2759,111450,20250412,  179,    0
  2759,111450,20250413,  227,    0
  2759,111450,20250414,  215,    0
  2759,111450,20250415,  220,    0
  2759,111450,20250416,  259,    0
  2759,111450,20250417,  267,    0
  2759,111450,20250418,  138,    0
  2759,111450,20250419,  103,    0
  2759,111450,20250420,  203,    0
  2759,111450,20250421,  191,    0
  2759,111450,20250422,  189,    0
  2759,111450,20250423,  183,    0
  2759,111450,20250424,  183,    0
  2759,111450,20250425,  170,    0
  2759,111450,20250426,  155,    0
  2759,111450,20250427,  180,    0
  2759,111450,20250428,  216,    0
  2759,111450,20250429,  226,    0
  2759,111450,20250430,  234,    0
  2759,111450,20250501,  251,    0
  2759,111450,20250502,  290,    0
  2759,111450,20250503,  176,    0
  2759,111450,20250504,  149,    0
  2759,111450,20250505,  140,    0
  2759,111450,20250506,  173,    0
  2759,111450,20250507,  163,    0
  2759,111450,20250508,  170,    0
  2759,111450,20250509,  198,    0
  2759,111450,20250510,  190,    0
  2759,111450,20250511,  187,    0
  2759,111450,20250512,  189,    0
  2759,111450,20250513,  214,    0
  2759,111450,20250514,  228,    0
  2759,111450,20250515,  165,    0
  2759,111450,20250516,  164,    0
  2759,111450,20250517,  182,    0
  2759,111450,20250518,  163,    0
  2759,111450,20250519,  153,    0
  2759,111450,20250520,  242,    0
  2759,111450,20250521,  224,    0
  2759,111450,20250522,  169,    0
  2759,111450,20250523,  129,    0
  2759,111450,20250524,  187,    0
  2759,111450,20250525,  159,    0
  2759,111450,20250526,  214,    0
  2759,111450,20250527,  217,    0
  2759,111450,20250528,  193,    0
  2759,111450,20250529,  199,    0
  2759,111450,20250530,  253,    0
  2759,111450,20250531,  264,    0
  2759,111450,20250601,  270,    0
  2759,111450,20250602,  230,    0
  2759,111450,20250603,  252,    0
  2759,111450,20250604,  255,    0
  2759,111450,20250605,  219,    0
  2759,111450,20250606,  232,    0
  2759,111450,20250607,  238,    0
  2759,111450,20250608,  199,    0
  2759,111450,20250609,  192,    0
  2759,111450,20250610,  197,    0
  2759,111450,20250611,  212,    0
  2759,111450,20250612,  235,    0
  2759,111450,20250613,  259,    0
  2759,111450,20250614,  298,    0
  2759,111450,20250615,  327,    0
  2759,111450,20250616,  234,    0
  2759,111450,20250617,  278,    0
  2759,111450,20250618,  281,    0
  2759,111450,20250619,  229,    0
  2759,111450,20250620,  244,    0
  2759,111450,20250621,  294,    0
  2759,111450,20250622,  347,    0
  2759,111450,20250623,  280,    0
  2759,111450,20250624,  244,    0
  2759,111450,20250625,  266,    0
  2759,111450,20250626,  332,    0
  2759,111450,20250627,  229,    0
  2759,111450,20250628,  298,    0
  2759,111450,20250629,  292,    0
  2759,111450,20250630,  269,    0
  2759,111450,20250701,  326,    0
  2759,111450,20250702,  376,    0
  2759,111450,20250703,  258,    0
  2759,111450,20250704,  247,    0
  2759,111450,20250705,  301,    0
  2759,111450,20250706,  298,    0
  2759,111450,20250707,  250,    0
  2759,111450,20250708,  226,    0
  2759,111450,20250709,  223,    0
  2759,111450,20250710,  221,    0
  2759,111450,20250711,  246,    0
  2759,111450,20250712,  179,    0
  2759,111450,20250713,  239,    0
  2759,111450,20250714,  278,    0
  2759,111450,20250715,  224,    0
  2759,111450,20250716,  229,    0
  2759,111450,20250717,  187,    0
  2759,111450,20250718,  244,    0
  2759,111450,20250719,  283,    0
  2759,111450,20250720,  312,    0
  2759,111450,20250721,  238,    0
  2759,111450,20250722,  223,    0
  2759,111450,20250723,  206,    0
  2759,111450,20250724,  231,    0
  2759,111450,20250725,  250,    0
  2759,111450,20250726,  215,    0
  2759,111450,20250727,  266,    0
  2759,111450,20250728,  236,    0
  2759,111450,20250729,  219,    0
  2759,111450,20250730,  236,    0
  2759,111450,20250731,  193,    0
  2759,111450,20250801,  217,    0
  2759,111450,20250802,  234,    0
  2759,111450,20250803,  202,    0
  2759,111450,20250804,  239,    0
  2759,111450,20250805,  202,    0
  2759,111450,20250806,  224,    0
  2759,111450,20250807,  257,    0
  2759,111450,20250808,  277,    0
  2759,111450,20250809,  296,    0
  2759,111450,20250810,  245,    0
  2759,111450,20250811,  268,    0
  2759,111450,20250812,  290,    0
  2759,111450,20250813,  323,    0
  2759,111450,20250814,  336,    0
  2759,111450,20250815,  345,    0
  2759,111450,20250816,  246,    0
  2759,111450,20250817,  235,    0
  2759,111450,20250818,  249,    0
  2759,111450,20250819,  273,    0
  2759,111450,20250820,  255,    0
  2759,111450,20250821,  241,    0
  2759,111450,20250822,  207,    0
  2759,111450,20250823,  172,    0
  2759,111450,20250824,  210,    0
  2759,111450,20250825,  200,    0
  2759,111450,20250826,  231,    0
  2759,111450,20250827,  300,    0
  2759,111450,20250828,  204,    0
  2759,111450,20250829,  215,    0
  2759,111450,20250830,  235,    0
  2759,111450,20250831,  258,    0
  2759,111450,20250901,  274,    0
  2759,111450,20250902,  210,    0
  2759,111450,20250903,  254,    0
  2759,111450,20250904,  278,    0
  2759,111450,20250905,  216,    0
  2759,111450,20250906,  223,    0
  2759,111450,20250907,  227,    0
  2759,111450,20250908,  237,    0
  2759,111450,20250909,  256,    0
  2759,111450,20250910,  229,    0
  2759,111450,20250911,  232,    0
  2759,111450,20250912,  212,    0
  2759,111450,20250913,  217,    0
  2759,111450,20250914,  200,    0
  2759,111450,20250915,  220,    0
  2759,111450,20250916,  198,    0
  2759,111450,20250917,  190,    0
  2759,111450,20250918,  206,    0
  2759,111450,20250919,  243,    0
  2759,111450,20250920,  295,    0
  2759,111450,20250921,  274,    0
  2759,111450,20250922,  157,    0
  2759,111450,20250923,  180,    0
  2759,111450,20250924,  177,    0
  2759,111450,20250925,  171,    0
  2759,111450,20250926,  162,    0
  2759,111450,20250927,  195,    0
  2759,111450,20250928,  191,    0
  2759,111450,20250929,  182,    0
  2759,111450,20250930,  141,    0
  2759,111450,20251001,  122,    0
  2759,111450,20251002,  158,    0
  2759,111450,20251003,  158,    0
  2759,111450,20251004,  126,    0
  2759,111450,20251005,  143,    0
  2759,111450,20251006,  170,    0
  2759,111450,20251007,  152,    0
  2759,111450,20251008,  159,    0
  2759,111450,20251009,  159,    0
  2759,111450,20251010,  148,    0
  2759,111450,20251011,  173,    0
  2759,111450,20251012,  137,    0
  2759,111450,20251013,  152,    0
  2759,111450,20251014,  130,    0
  2759,111450,20251015,  154,    0
  2759,111450,20251016,  133,    0
  2759,111450,20251017,  135,    0
  2759,111450,20251018,  111,    0
  2759,111450,20251019,  112,    0
  2759,111450,20251020,  137,    0
  2759,111450,20251021,  174,    0
  2759,111450,20251022,  159,    0
  2759,111450,20251023,  156,    0
  2759,111450,20251024,  121,    0
  2759,111450,20251025,  130,    0
  2759,111450,20251026,   98,    0
  2759,111450,20251027,  100,    0
  2759,111450,20251028,  104,    0
  2759,111450,20251029,  150,    0
  2759,111450,20251030,  122,    0
  2759,111450,20251031,  133,    0
  2759,111450,20251101,  169,    0
  2759,111450,20251102,  133,    0
  2759,111450,20251103,  128,    0
  2759,111450,20251104,  159,    0
  2759,111450,20251105,  174,    0
  2759,111450,20251106,  151,    0
  2759,111450,20251107,  127,    0
  2759,111450,20251108,   80,    0
  2759,111450,20251109,   84,    0
  2759,111450,20251110,  109,    0
  2759,111450,20251111,  106,    0
  2759,111450,20251112,  124,    0
  2759,111450,20251113,  163,    0
  2759,111450,20251114,  125,    0
  2759,111450,20251115,   66,    0
  2759,111450,20251116,   97,    0
  2759,111450,20251117,   58,    0
  2759,111450,20251118,   61,    0
  2759,111450,20251119,   58,    0
  2759,111450,20251120,   39,    0
  2759,111450,20251121,   24,    0
  2759,111450,20251122,   26,    0
  2759,111450,20251123,    6,    0
  2759,111450,20251124,   36,    0
  2759,111450,20251125,   53,    0
  2759,111450,20251126,   46,    0
  2759,111450,20251127,   51,    0
  2759,111450,20251128,   69,    0
  2759,111450,20251129,   72,    0
  2759,111450,20251130,   92,    0
  2759,111450,20251201,   66,    0
  2759,111450,20251202,   46,    0
  2759,111450,20251203,   48,    0
  2759,111450,20251204,   48,    0
  2759,111450,20251205,   46,    0
  2759,111450,20251206,   45,    0
  2759,111450,20251207,   99,    0
  2759,111450,20251208,  137,    0
  2759,111450,20251209,  120,    0
  2759,111450,20251210,  125,    0
  2759,111450,20251211,  110,    0
  2759,111450,20251212,   78,    0
  2759,111450,20251213,   89,    0
  2759,111450,20251214,   74,    0
  2759,111450,20251215,   84,    0
  2759,111450,20251216,   62,    0
  2759,111450,20251217,   52,    0
  2759,111450,20251218,  105,    0
  2759,111450,20251219,   93,    0
  2759,111450,20251220,   99,    0
  2759,111450,20251221,   68,    0
  2759,111450,20251222,   46,    0
  2759,111450,20251223,   34,    0
  2759,111450,20251224,    4,    0
  2759,111450,20251225,  -40,    0
  2759,111450,20251226,   -1,    0
  2759,111450,20251227,   45,    0
  2759,111450,20251228,   31,    0
  2759,111450,20251229,   47,    0
  2759,111450,20251230,   23,    0
  2759,111450,20251231,   38,    0
